account_id;segment;industry;country;tempo_como_cliente;canal_aquisicao
CLI000001;GLOBAL ACCOUNT;MANUFACTURING AND NATURAL RESOURCES;MX;56,8;Direto
CLI000007;GLOBAL ACCOUNT;MANUFACTURING AND NATURAL RESOURCES;MX;65,5;Direto
CLI000009;GLOBAL ACCOUNT;WHOLESALE TRADE;MX;17,1;Direto
CLI000011;GLOBAL ACCOUNT;MANUFACTURING AND NATURAL RESOURCES;MX;53,1;Direto
CLI000014;GLOBAL ACCOUNT;MANUFACTURING AND NATURAL RESOURCES;BR;65,6;Direto
CLI000015;GLOBAL ACCOUNT;WHOLESALE TRADE;BR;65,5;Direto
CLI000016;GLOBAL ACCOUNT;MANUFACTURING AND NATURAL RESOURCES;BR;65,6;Direto
CLI000017;GLOBAL ACCOUNT;COMMUNICATIONS, MEDIA AND SERVICES;BR;65,7;Direto
CLI000018;PUBLIC SECTOR;BANKING AND INVESTMENT SERVICES;BR;35,4;Direto
CLI000019;GLOBAL ACCOUNT;HEALTHCARE AND LIFE SCIENCES;BR;65,6;Direto
CLI000020;GLOBAL ACCOUNT;MANUFACTURING AND NATURAL RESOURCES;BR;63,2;Direto
CLI000021;GLOBAL ACCOUNT;MANUFACTURING AND NATURAL RESOURCES;BR;65,7;Direto
CLI000022;GLOBAL ACCOUNT;COMMUNICATIONS, MEDIA AND SERVICES;BR;65,2;Direto
CLI000024;GLOBAL ACCOUNT;TRANSPORTATION;BR;65,7;Direto
CLI000025;STRATEGIC ACCOUNT;COMMUNICATIONS, MEDIA AND SERVICES;BR;65,6;Direto
CLI000026;GLOBAL ACCOUNT;HEALTHCARE AND LIFE SCIENCES;BR;65,6;Direto
CLI000028;GLOBAL ACCOUNT;HEALTHCARE AND LIFE SCIENCES;BR;63,2;Direto
CLI000029;LARGE ENTERPRISE;COMMUNICATIONS, MEDIA AND SERVICES;BR;65,5;Direto
CLI000030;LARGE ENTERPRISE;MANUFACTURING AND NATURAL RESOURCES;BR;65,5;Direto
CLI000031;PUBLIC SECTOR;EDUCATION;BR;29,3;Direto
CLI000033;GLOBAL ACCOUNT;RETAIL;BR;65,6;Direto
CLI000034;PUBLIC SECTOR;GOVERNMENT;BR;31,0;Direto
CLI000037;GLOBAL ACCOUNT;RETAIL;BR;56,7;Direto
CLI000038;GLOBAL ACCOUNT;COMMUNICATIONS, MEDIA AND SERVICES;BR;64,6;Direto
CLI000039;LARGE ENTERPRISE;MANUFACTURING AND NATURAL RESOURCES;BR;64,9;Direto
CLI000040;PUBLIC SECTOR;GOVERNMENT;BR;21,2;Direto
CLI000041;GLOBAL ACCOUNT;COMMUNICATIONS, MEDIA AND SERVICES;BR;29,2;Direto
CLI000042;MID MARKET;COMMUNICATIONS, MEDIA AND SERVICES;BR;41,7;Direto
CLI000043;GLOBAL ACCOUNT;MANUFACTURING AND NATURAL RESOURCES;BR;65,5;Direto
CLI000045;LARGE ENTERPRISE;MANUFACTURING AND NATURAL RESOURCES;BR;65,5;Direto
CLI000046;MID MARKET;TRANSPORTATION;BR;29,2;Direto
CLI000050;GLOBAL ACCOUNT;COMMUNICATIONS, MEDIA AND SERVICES;BR;62,0;Direto
CLI000051;LARGE ENTERPRISE;MANUFACTURING AND NATURAL RESOURCES;BR;65,5;Direto
CLI000052;GLOBAL ACCOUNT;RETAIL;BR;55,4;Direto
CLI000053;GLOBAL ACCOUNT;WHOLESALE TRADE;BR;56,9;Direto
CLI000055;LARGE ENTERPRISE;RETAIL;BR;42,8;Direto
CLI000056;MID MARKET;COMMUNICATIONS, MEDIA AND SERVICES;BR;29,2;Direto
CLI000057;MID MARKET;COMMUNICATIONS, MEDIA AND SERVICES;BR;29,2;Direto
CLI000058;LARGE ENTERPRISE;MANUFACTURING AND NATURAL RESOURCES;BR;63,8;Direto
CLI000059;PUBLIC SECTOR;GOVERNMENT;BR;27,7;Direto
CLI000060;GLOBAL ACCOUNT;MANUFACTURING AND NATURAL RESOURCES;BR;65,5;Direto
CLI000061;LARGE ENTERPRISE;OIL AND GAS;BR;64,5;Direto
CLI000062;STRATEGIC ACCOUNT;BANKING AND INVESTMENT SERVICES;BR;46,1;Direto
CLI000064;PUBLIC SECTOR;GOVERNMENT;BR;65,0;Direto
CLI000065;LARGE ENTERPRISE;BANKING AND INVESTMENT SERVICES;BR;33,3;Direto
CLI000066;LARGE ENTERPRISE;RETAIL;BR;52,9;Direto
CLI000067;LARGE ENTERPRISE;INSURANCE;BR;54,7;Direto
CLI000068;MID MARKET;HEALTHCARE AND LIFE SCIENCES;BR;62,5;Direto
CLI000069;LARGE ENTERPRISE;MANUFACTURING AND NATURAL RESOURCES;BR;65,5;Direto
CLI000070;LARGE ENTERPRISE;HEALTHCARE AND LIFE SCIENCES;BR;61,3;Direto
CLI000071;LARGE ENTERPRISE;COMMUNICATIONS, MEDIA AND SERVICES;BR;65,0;Direto
CLI000072;GLOBAL ACCOUNT;COMMUNICATIONS, MEDIA AND SERVICES;BR;65,5;Direto
CLI000073;GLOBAL ACCOUNT;COMMUNICATIONS, MEDIA AND SERVICES;BR;29,1;Direto
CLI000074;MID MARKET;MANUFACTURING AND NATURAL RESOURCES;BR;63,9;Direto
CLI000079;MID MARKET;COMMUNICATIONS, MEDIA AND SERVICES;BR;43,0;Direto
CLI000080;MID MARKET;TRANSPORTATION;BR;52,0;Direto
CLI000081;MID MARKET;MANUFACTURING AND NATURAL RESOURCES;BR;44,5;Direto
CLI000082;GLOBAL ACCOUNT;MANUFACTURING AND NATURAL RESOURCES;BR;31,4;Direto
CLI000083;MID MARKET;COMMUNICATIONS, MEDIA AND SERVICES;BR;33,5;Direto
CLI000084;LARGE ENTERPRISE;MANUFACTURING AND NATURAL RESOURCES;BR;30,4;Direto
CLI000085;MID MARKET;RETAIL;BR;29,3;Direto
CLI000086;GLOBAL ACCOUNT;COMMUNICATIONS, MEDIA AND SERVICES;BR;65,5;Direto
CLI000088;LARGE ENTERPRISE;COMMUNICATIONS, MEDIA AND SERVICES;BR;41,7;Direto
CLI000090;MID MARKET;COMMUNICATIONS, MEDIA AND SERVICES;BR;65,1;Direto
CLI000091;LARGE ENTERPRISE;WHOLESALE TRADE;BR;51,2;Direto
CLI000092;MID MARKET;COMMUNICATIONS, MEDIA AND SERVICES;BR;53,8;Direto
CLI000093;LARGE ENTERPRISE;HEALTHCARE AND LIFE SCIENCES;BR;56,6;Direto
CLI000094;MID MARKET;COMMUNICATIONS, MEDIA AND SERVICES;BR;55,5;Direto
CLI000096;LARGE ENTERPRISE;MANUFACTURING AND NATURAL RESOURCES;BR;63,6;Direto
CLI000097;LARGE ENTERPRISE;COMMUNICATIONS, MEDIA AND SERVICES;BR;62,0;Direto
CLI000098;MID MARKET;COMMUNICATIONS, MEDIA AND SERVICES;BR;64,3;Direto
CLI000099;MID MARKET;COMMUNICATIONS, MEDIA AND SERVICES;BR;62,8;Direto
CLI000100;MID MARKET;MANUFACTURING AND NATURAL RESOURCES;BR;64,3;Direto
CLI000101;LARGE ENTERPRISE;RETAIL;BR;44,3;Direto
CLI000102;MID MARKET;EDUCATION;BR;53,5;Direto
CLI000103;MID MARKET;COMMUNICATIONS, MEDIA AND SERVICES;BR;29,9;Direto
CLI000104;MID MARKET;RETAIL;BR;47,9;Direto
CLI000114;GLOBAL ACCOUNT;COMMUNICATIONS, MEDIA AND SERVICES;BR;33,5;Direto
CLI000115;MID MARKET;HEALTHCARE AND LIFE SCIENCES;BR;29,1;Direto
CLI000116;MID MARKET;HEALTHCARE AND LIFE SCIENCES;BR;34,7;Direto
CLI000117;MID MARKET;BANKING AND INVESTMENT SERVICES;BR;44,5;Direto
CLI000118;MID MARKET;MANUFACTURING AND NATURAL RESOURCES;BR;36,2;Direto
CLI000119;MID MARKET;TRANSPORTATION;BR;29,1;Direto
CLI000121;LARGE ENTERPRISE;TRANSPORTATION;BR;29,3;Direto
CLI000122;MID MARKET;MANUFACTURING AND NATURAL RESOURCES;BR;29,1;Direto
CLI000123;MID MARKET;COMMUNICATIONS, MEDIA AND SERVICES;BR;29,1;Direto
CLI000125;MID MARKET;MANUFACTURING AND NATURAL RESOURCES;BR;41,1;Direto
CLI000126;MID MARKET;WHOLESALE TRADE;BR;29,4;Direto
CLI000127;MID MARKET;COMMUNICATIONS, MEDIA AND SERVICES;BR;47,1;Direto
CLI000128;MID MARKET;COMMUNICATIONS, MEDIA AND SERVICES;BR;29,1;Direto
CLI000129;MID MARKET;COMMUNICATIONS, MEDIA AND SERVICES;BR;29,2;Direto
CLI000130;PUBLIC SECTOR;OIL AND GAS;BR;57,1;Direto
CLI000131;PUBLIC SECTOR;COMMUNICATIONS, MEDIA AND SERVICES;BR;37,6;Direto
CLI000132;LARGE ENTERPRISE;COMMUNICATIONS, MEDIA AND SERVICES;BR;64,6;Direto
CLI000133;PUBLIC SECTOR;GOVERNMENT;BR;40,3;Direto
CLI000134;PUBLIC SECTOR;GOVERNMENT;BR;48,7;Direto
CLI000135;PUBLIC SECTOR;COMMUNICATIONS, MEDIA AND SERVICES;BR;65,3;Direto
CLI000136;PUBLIC SECTOR;EDUCATION;BR;53,0;Direto
CLI000137;LARGE ENTERPRISE;RETAIL;BR;63,7;Direto
CLI000139;LARGE ENTERPRISE;TRANSPORTATION;BR;33,4;Direto
CLI000141;GLOBAL ACCOUNT;COMMUNICATIONS, MEDIA AND SERVICES;BR;29,1;Direto
CLI000142;LARGE ENTERPRISE;MANUFACTURING AND NATURAL RESOURCES;BR;60,1;Direto
CLI000143;LARGE ENTERPRISE;MANUFACTURING AND NATURAL RESOURCES;BR;33,0;Direto
CLI000144;PUBLIC SECTOR;EDUCATION;BR;60,6;Direto
CLI000145;LARGE ENTERPRISE;COMMUNICATIONS, MEDIA AND SERVICES;BR;50,2;Direto
CLI000148;LARGE ENTERPRISE;MANUFACTURING AND NATURAL RESOURCES;BR;64,1;Direto
CLI000149;PUBLIC SECTOR;EDUCATION;BR;38,4;Direto
CLI000151;GLOBAL ACCOUNT;BANKING AND INVESTMENT SERVICES;BR;65,3;Direto
CLI000152;GLOBAL ACCOUNT;POWER AND UTILITIES;BR;40,6;Direto
CLI000153;LARGE ENTERPRISE;MANUFACTURING AND NATURAL RESOURCES;BR;35,5;Direto
CLI000154;LARGE ENTERPRISE;RETAIL;BR;44,1;Direto
CLI000155;MID MARKET;MANUFACTURING AND NATURAL RESOURCES;BR;56,4;Direto
CLI000156;LARGE ENTERPRISE;MANUFACTURING AND NATURAL RESOURCES;BR;65,6;Direto
CLI000157;GLOBAL ACCOUNT;COMMUNICATIONS, MEDIA AND SERVICES;BR;64,7;Direto
CLI000158;MID MARKET;COMMUNICATIONS, MEDIA AND SERVICES;BR;65,0;Direto
CLI000160;STRATEGIC ACCOUNT;BANKING AND INVESTMENT SERVICES;BR;28,9;Direto
CLI000161;PUBLIC SECTOR;EDUCATION;BR;46,4;Direto
CLI000164;LARGE ENTERPRISE;MANUFACTURING AND NATURAL RESOURCES;BR;56,7;Direto
CLI000167;MID MARKET;COMMUNICATIONS, MEDIA AND SERVICES;BR;36,1;Direto
CLI000168;MID MARKET;COMMUNICATIONS, MEDIA AND SERVICES;BR;28,9;Direto
CLI000169;LARGE ENTERPRISE;RETAIL;BR;50,8;Direto
CLI000170;LARGE ENTERPRISE;MANUFACTURING AND NATURAL RESOURCES;BR;43,8;Direto
CLI000171;PUBLIC SECTOR;WHOLESALE TRADE;BR;62,9;Direto
CLI000172;MID MARKET;BANKING AND INVESTMENT SERVICES;BR;43,1;Direto
CLI000174;MID MARKET;EDUCATION;BR;30,2;Direto
CLI000175;MID MARKET;COMMUNICATIONS, MEDIA AND SERVICES;BR;28,9;Direto
CLI000176;LARGE ENTERPRISE;WHOLESALE TRADE;BR;64,9;Direto
CLI000177;GLOBAL ACCOUNT;MANUFACTURING AND NATURAL RESOURCES;BR;62,1;Direto
CLI000178;MID MARKET;MANUFACTURING AND NATURAL RESOURCES;BR;51,3;Direto
CLI000179;LARGE ENTERPRISE;TRANSPORTATION;BR;62,2;Direto
CLI000180;MID MARKET;COMMUNICATIONS, MEDIA AND SERVICES;BR;63,6;Direto
CLI000181;MID MARKET;BANKING AND INVESTMENT SERVICES;BR;53,8;Direto
CLI000182;GLOBAL ACCOUNT;COMMUNICATIONS, MEDIA AND SERVICES;BR;65,5;Direto
CLI000183;MID MARKET;MANUFACTURING AND NATURAL RESOURCES;BR;54,1;Direto
CLI000184;MID MARKET;MANUFACTURING AND NATURAL RESOURCES;BR;41,7;Direto
CLI000185;LARGE ENTERPRISE;MANUFACTURING AND NATURAL RESOURCES;BR;40,6;Direto
CLI000186;GLOBAL ACCOUNT;MANUFACTURING AND NATURAL RESOURCES;BR;63,6;Direto
CLI000187;STRATEGIC ACCOUNT;COMMUNICATIONS, MEDIA AND SERVICES;BR;63,4;Direto
CLI000190;MID MARKET;COMMUNICATIONS, MEDIA AND SERVICES;BR;28,9;Direto
CLI000193;MID MARKET;RETAIL;BR;50,5;Direto
CLI000194;MID MARKET;BANKING AND INVESTMENT SERVICES;BR;64,5;Direto
CLI000195;MID MARKET;MANUFACTURING AND NATURAL RESOURCES;BR;40,3;Direto
CLI000196;MID MARKET;MANUFACTURING AND NATURAL RESOURCES;BR;64,2;Direto
CLI000197;MID MARKET;HEALTHCARE AND LIFE SCIENCES;BR;61,3;Direto
CLI000198;MID MARKET;WHOLESALE TRADE;BR;56,4;Direto
CLI000200;MID MARKET;COMMUNICATIONS, MEDIA AND SERVICES;BR;40,3;Direto
CLI000201;MID MARKET;COMMUNICATIONS, MEDIA AND SERVICES;BR;44,3;Direto
CLI000202;MID MARKET;WHOLESALE TRADE;BR;28,9;Direto
CLI000203;LARGE ENTERPRISE;MANUFACTURING AND NATURAL RESOURCES;BR;50,3;Direto
CLI000204;MID MARKET;COMMUNICATIONS, MEDIA AND SERVICES;BR;31,5;Direto
CLI000205;MID MARKET;COMMUNICATIONS, MEDIA AND SERVICES;BR;42,8;Direto
CLI000206;PUBLIC SECTOR;COMMUNICATIONS, MEDIA AND SERVICES;BR;28,9;Direto
CLI000207;MID MARKET;TRANSPORTATION;BR;32,6;Direto
CLI000208;MID MARKET;MANUFACTURING AND NATURAL RESOURCES;BR;41,8;Direto
CLI000209;MID MARKET;MANUFACTURING AND NATURAL RESOURCES;BR;48,0;Direto
CLI000210;LARGE ENTERPRISE;TRANSPORTATION;BR;28,9;Direto
CLI000211;MID MARKET;BANKING AND INVESTMENT SERVICES;BR;35,4;Direto
CLI000212;MID MARKET;COMMUNICATIONS, MEDIA AND SERVICES;BR;41,7;Direto
CLI000213;MID MARKET;WHOLESALE TRADE;BR;31,5;Direto
CLI000214;LARGE ENTERPRISE;MANUFACTURING AND NATURAL RESOURCES;BR;45,2;Direto
CLI000215;MID MARKET;MANUFACTURING AND NATURAL RESOURCES;BR;46,0;Direto
CLI000216;MID MARKET;COMMUNICATIONS, MEDIA AND SERVICES;BR;41,7;Direto
CLI000217;MID MARKET;INSURANCE;BR;38,0;Direto
CLI000218;MID MARKET;WHOLESALE TRADE;BR;36,8;Direto
CLI000219;MID MARKET;RETAIL;BR;28,9;Direto
CLI000220;MID MARKET;RETAIL;BR;28,9;Direto
CLI000221;GLOBAL ACCOUNT;BANKING AND INVESTMENT SERVICES;BR;28,9;Direto
CLI000222;MID MARKET;EDUCATION;BR;28,9;Direto
CLI000223;GLOBAL ACCOUNT;POWER AND UTILITIES;BR;38,7;Direto
CLI000224;GLOBAL ACCOUNT;COMMUNICATIONS, MEDIA AND SERVICES;BR;64,6;Direto
CLI000226;MID MARKET;COMMUNICATIONS, MEDIA AND SERVICES;BR;62,7;Direto
CLI000227;MID MARKET;TRANSPORTATION;BR;64,1;Direto
CLI000229;MID MARKET;COMMUNICATIONS, MEDIA AND SERVICES;BR;34,4;Direto
CLI000230;MID MARKET;COMMUNICATIONS, MEDIA AND SERVICES;BR;51,1;Direto
CLI000232;GLOBAL ACCOUNT;TRANSPORTATION;BR;65,3;Direto
CLI000233;MID MARKET;WHOLESALE TRADE;BR;42,6;Direto
CLI000234;MID MARKET;MANUFACTURING AND NATURAL RESOURCES;BR;61,8;Direto
CLI000235;MID MARKET;COMMUNICATIONS, MEDIA AND SERVICES;BR;36,8;Direto
CLI000236;LARGE ENTERPRISE;RETAIL;BR;38,6;Direto
CLI000237;MID MARKET;MANUFACTURING AND NATURAL RESOURCES;BR;28,9;Direto
CLI000238;GLOBAL ACCOUNT;MANUFACTURING AND NATURAL RESOURCES;BR;29,3;Direto
CLI000239;GLOBAL ACCOUNT;RETAIL;BR;62,2;Direto
CLI000240;GLOBAL ACCOUNT;MANUFACTURING AND NATURAL RESOURCES;BR;64,8;Direto
CLI000241;LARGE ENTERPRISE;COMMUNICATIONS, MEDIA AND SERVICES;BR;64,3;Direto
CLI000242;LARGE ENTERPRISE;MANUFACTURING AND NATURAL RESOURCES;BR;60,3;Direto
CLI000243;LARGE ENTERPRISE;MANUFACTURING AND NATURAL RESOURCES;BR;65,3;Direto
CLI000245;STRATEGIC ACCOUNT;MANUFACTURING AND NATURAL RESOURCES;BR;65,6;Direto
CLI000246;LARGE ENTERPRISE;MANUFACTURING AND NATURAL RESOURCES;BR;65,4;Direto
CLI000248;STRATEGIC ACCOUNT;INSURANCE;BR;65,3;Direto
CLI000249;GLOBAL ACCOUNT;BANKING AND INVESTMENT SERVICES;BR;54,0;Direto
CLI000250;LARGE ENTERPRISE;MANUFACTURING AND NATURAL RESOURCES;BR;28,8;Direto
CLI000251;MID MARKET;MANUFACTURING AND NATURAL RESOURCES;BR;54,4;Direto
CLI000252;MID MARKET;COMMUNICATIONS, MEDIA AND SERVICES;BR;30,9;Direto
CLI000253;LARGE ENTERPRISE;COMMUNICATIONS, MEDIA AND SERVICES;BR;62,5;Direto
CLI000254;MID MARKET;COMMUNICATIONS, MEDIA AND SERVICES;BR;49,9;Direto
CLI000255;MID MARKET;MANUFACTURING AND NATURAL RESOURCES;BR;65,1;Direto
CLI000256;GLOBAL ACCOUNT;WHOLESALE TRADE;BR;53,8;Direto
CLI000258;LARGE ENTERPRISE;HEALTHCARE AND LIFE SCIENCES;BR;62,7;Direto
CLI000262;GLOBAL ACCOUNT;COMMUNICATIONS, MEDIA AND SERVICES;BR;55,6;Direto
CLI000263;MID MARKET;BANKING AND INVESTMENT SERVICES;BR;47,1;Direto
CLI000264;GLOBAL ACCOUNT;COMMUNICATIONS, MEDIA AND SERVICES;BR;46,5;Direto
CLI000265;PUBLIC SECTOR;EDUCATION;BR;50,1;Direto
CLI000266;GLOBAL ACCOUNT;HEALTHCARE AND LIFE SCIENCES;BR;65,6;Direto
CLI000268;MID MARKET;MANUFACTURING AND NATURAL RESOURCES;BR;32,4;Direto
CLI000269;GLOBAL ACCOUNT;MANUFACTURING AND NATURAL RESOURCES;BR;65,6;Direto
CLI000270;PUBLIC SECTOR;EDUCATION;BR;54,0;Direto
CLI000271;LARGE ENTERPRISE;MANUFACTURING AND NATURAL RESOURCES;BR;59,5;Direto
CLI000273;MID MARKET;BANKING AND INVESTMENT SERVICES;BR;58,3;Direto
CLI000274;MID MARKET;WHOLESALE TRADE;BR;61,8;Direto
CLI000275;GLOBAL ACCOUNT;WHOLESALE TRADE;BR;62,9;Direto
CLI000276;LARGE ENTERPRISE;HEALTHCARE AND LIFE SCIENCES;BR;62,7;Direto
CLI000277;MID MARKET;WHOLESALE TRADE;BR;60,9;Direto
CLI000278;LARGE ENTERPRISE;COMMUNICATIONS, MEDIA AND SERVICES;BR;65,6;Direto
CLI000279;MID MARKET;MANUFACTURING AND NATURAL RESOURCES;BR;47,7;Direto
CLI000280;LARGE ENTERPRISE;MANUFACTURING AND NATURAL RESOURCES;BR;65,5;Direto
CLI000281;GLOBAL ACCOUNT;MANUFACTURING AND NATURAL RESOURCES;BR;65,6;Direto
CLI000282;MID MARKET;MANUFACTURING AND NATURAL RESOURCES;BR;56,4;Direto
CLI000283;GLOBAL ACCOUNT;BANKING AND INVESTMENT SERVICES;BR;30,9;Direto
CLI000284;MID MARKET;WHOLESALE TRADE;BR;65,5;Direto
CLI000285;MID MARKET;MANUFACTURING AND NATURAL RESOURCES;BR;65,6;Direto
CLI000288;MID MARKET;MANUFACTURING AND NATURAL RESOURCES;BR;34,4;Direto
CLI000290;LARGE ENTERPRISE;COMMUNICATIONS, MEDIA AND SERVICES;BR;38,7;Direto
CLI000291;MID MARKET;HEALTHCARE AND LIFE SCIENCES;BR;30,5;Direto
CLI000292;MID MARKET;WHOLESALE TRADE;BR;41,7;Direto
CLI000293;GLOBAL ACCOUNT;RETAIL;BR;39,8;Direto
CLI000294;LARGE ENTERPRISE;COMMUNICATIONS, MEDIA AND SERVICES;BR;29,8;Direto
CLI000296;MID MARKET;POWER AND UTILITIES;BR;41,4;Direto
CLI000297;MID MARKET;COMMUNICATIONS, MEDIA AND SERVICES;BR;28,8;Direto
CLI000298;SMALL MARKET;RETAIL;BR;28,8;Direto
CLI000299;GLOBAL ACCOUNT;COMMUNICATIONS, MEDIA AND SERVICES;BR;65,6;Direto
CLI000301;LARGE ENTERPRISE;MANUFACTURING AND NATURAL RESOURCES;BR;65,1;Direto
CLI000304;MID MARKET;MANUFACTURING AND NATURAL RESOURCES;BR;62,4;Direto
CLI000306;MID MARKET;BANKING AND INVESTMENT SERVICES;BR;30,4;Direto
CLI000307;MID MARKET;COMMUNICATIONS, MEDIA AND SERVICES;BR;44,5;Direto
CLI000309;MID MARKET;COMMUNICATIONS, MEDIA AND SERVICES;BR;37,2;Direto
CLI000311;MID MARKET;COMMUNICATIONS, MEDIA AND SERVICES;BR;28,7;Direto
CLI000312;MID MARKET;COMMUNICATIONS, MEDIA AND SERVICES;BR;28,7;Direto
CLI000313;GLOBAL ACCOUNT;MANUFACTURING AND NATURAL RESOURCES;MX;65,3;Direto
CLI000315;GLOBAL ACCOUNT;COMMUNICATIONS, MEDIA AND SERVICES;BR;65,5;Direto
CLI000316;GLOBAL ACCOUNT;COMMUNICATIONS, MEDIA AND SERVICES;BR;64,1;Direto
CLI000317;LARGE ENTERPRISE;COMMUNICATIONS, MEDIA AND SERVICES;BR;64,6;Direto
CLI000318;STRATEGIC ACCOUNT;HEALTHCARE AND LIFE SCIENCES;BR;65,6;Direto
CLI000321;MID MARKET;BANKING AND INVESTMENT SERVICES;BR;34,0;Direto
CLI000322;GLOBAL ACCOUNT;MANUFACTURING AND NATURAL RESOURCES;BR;65,5;Direto
CLI000323;LARGE ENTERPRISE;WHOLESALE TRADE;BR;65,3;Direto
CLI000324;LARGE ENTERPRISE;COMMUNICATIONS, MEDIA AND SERVICES;BR;65,6;Direto
CLI000325;MID MARKET;MANUFACTURING AND NATURAL RESOURCES;BR;62,7;Direto
CLI000326;LARGE ENTERPRISE;TRANSPORTATION;BR;65,1;Direto
CLI000327;MID MARKET;RETAIL;BR;34,4;Direto
CLI000328;LARGE ENTERPRISE;MANUFACTURING AND NATURAL RESOURCES;BR;62,7;Direto
CLI000329;MID MARKET;MANUFACTURING AND NATURAL RESOURCES;BR;45,9;Direto
CLI000330;LARGE ENTERPRISE;TRANSPORTATION;BR;65,6;Direto
CLI000331;PUBLIC SECTOR;GOVERNMENT;BR;29,3;Direto
CLI000332;PUBLIC SECTOR;EDUCATION;BR;57,0;Direto
CLI000333;GLOBAL ACCOUNT;COMMUNICATIONS, MEDIA AND SERVICES;BR;28,6;Direto
CLI000334;LARGE ENTERPRISE;MANUFACTURING AND NATURAL RESOURCES;BR;64,3;Direto
CLI000335;LARGE ENTERPRISE;TRANSPORTATION;BR;29,8;Direto
CLI000336;GLOBAL ACCOUNT;MANUFACTURING AND NATURAL RESOURCES;BR;56,6;Direto
CLI000338;MID MARKET;RETAIL;BR;59,5;Direto
CLI000341;MID MARKET;MANUFACTURING AND NATURAL RESOURCES;BR;53,7;Direto
CLI000344;MID MARKET;COMMUNICATIONS, MEDIA AND SERVICES;BR;48,2;Direto
CLI000345;LARGE ENTERPRISE;MANUFACTURING AND NATURAL RESOURCES;BR;29,5;Direto
CLI000346;LARGE ENTERPRISE;HEALTHCARE AND LIFE SCIENCES;BR;65,6;Direto
CLI000347;GLOBAL ACCOUNT;MANUFACTURING AND NATURAL RESOURCES;BR;28,6;Direto
CLI000348;MID MARKET;WHOLESALE TRADE;BR;28,6;Direto
CLI000349;LARGE ENTERPRISE;COMMUNICATIONS, MEDIA AND SERVICES;BR;65,4;Direto
CLI000350;LARGE ENTERPRISE;COMMUNICATIONS, MEDIA AND SERVICES;BR;64,3;Direto
CLI000351;LARGE ENTERPRISE;MANUFACTURING AND NATURAL RESOURCES;BR;58,3;Direto
CLI000352;PUBLIC SECTOR;GOVERNMENT;BR;34,7;Direto
CLI000353;LARGE ENTERPRISE;WHOLESALE TRADE;BR;64,3;Direto
CLI000354;MID MARKET;MANUFACTURING AND NATURAL RESOURCES;BR;59,0;Direto
CLI000355;MID MARKET;MANUFACTURING AND NATURAL RESOURCES;BR;53,4;Direto
CLI000356;MID MARKET;EDUCATION;BR;65,5;Direto
CLI000357;STRATEGIC ACCOUNT;COMMUNICATIONS, MEDIA AND SERVICES;BR;64,3;Direto
CLI000358;PUBLIC SECTOR;EDUCATION;BR;36,6;Direto
CLI000359;PUBLIC SECTOR;EDUCATION;BR;65,3;Direto
CLI000360;LARGE ENTERPRISE;MANUFACTURING AND NATURAL RESOURCES;BR;51,9;Direto
CLI000364;LARGE ENTERPRISE;COMMUNICATIONS, MEDIA AND SERVICES;BR;57,4;Direto
CLI000365;PUBLIC SECTOR;EDUCATION;BR;31,7;Direto
CLI000366;PUBLIC SECTOR;EDUCATION;BR;47,4;Direto
CLI000367;MID MARKET;COMMUNICATIONS, MEDIA AND SERVICES;BR;28,6;Direto
CLI000369;MID MARKET;TRANSPORTATION;BR;34,5;Direto
CLI000370;LARGE ENTERPRISE;COMMUNICATIONS, MEDIA AND SERVICES;BR;50,8;Direto
CLI000371;MID MARKET;COMMUNICATIONS, MEDIA AND SERVICES;BR;28,6;Direto
CLI000372;GLOBAL ACCOUNT;MANUFACTURING AND NATURAL RESOURCES;BR;33,5;Direto
CLI000373;LARGE ENTERPRISE;MANUFACTURING AND NATURAL RESOURCES;BR;28,6;Direto
CLI000374;LARGE ENTERPRISE;COMMUNICATIONS, MEDIA AND SERVICES;BR;65,3;Direto
CLI000376;LARGE ENTERPRISE;MANUFACTURING AND NATURAL RESOURCES;BR;64,6;Direto
CLI000377;LARGE ENTERPRISE;MANUFACTURING AND NATURAL RESOURCES;BR;65,5;Direto
CLI000378;GLOBAL ACCOUNT;MANUFACTURING AND NATURAL RESOURCES;BR;65,6;Direto
CLI000379;SMALL MARKET;COMMUNICATIONS, MEDIA AND SERVICES;BR;61,3;Direto
CLI000380;STRATEGIC ACCOUNT;MANUFACTURING AND NATURAL RESOURCES;BR;63,9;Direto
CLI000382;PUBLIC SECTOR;GOVERNMENT;BR;35,0;Direto
CLI000384;LARGE ENTERPRISE;INSURANCE;BR;58,7;Direto
CLI000385;MID MARKET;COMMUNICATIONS, MEDIA AND SERVICES;BR;65,5;Direto
CLI000388;MID MARKET;INSURANCE;BR;35,9;Direto
CLI000389;MID MARKET;COMMUNICATIONS, MEDIA AND SERVICES;BR;42,0;Direto
CLI000390;MID MARKET;MANUFACTURING AND NATURAL RESOURCES;BR;44,2;Direto
CLI000391;GLOBAL ACCOUNT;COMMUNICATIONS, MEDIA AND SERVICES;BR;51,7;Direto
CLI000392;PUBLIC SECTOR;GOVERNMENT;BR;34,2;Direto
CLI000393;GLOBAL ACCOUNT;TRANSPORTATION;BR;64,6;Direto
CLI000394;PUBLIC SECTOR;GOVERNMENT;BR;57,8;Direto
CLI000395;LARGE ENTERPRISE;COMMUNICATIONS, MEDIA AND SERVICES;BR;64,1;Direto
CLI000396;LARGE ENTERPRISE;COMMUNICATIONS, MEDIA AND SERVICES;BR;44,7;Direto
CLI000397;MID MARKET;WHOLESALE TRADE;BR;44,0;Direto
CLI000398;LARGE ENTERPRISE;COMMUNICATIONS, MEDIA AND SERVICES;BR;63,5;Direto
CLI000399;GLOBAL ACCOUNT;WHOLESALE TRADE;BR;61,6;Direto
CLI000400;LARGE ENTERPRISE;COMMUNICATIONS, MEDIA AND SERVICES;BR;63,6;Direto
CLI000402;MID MARKET;MANUFACTURING AND NATURAL RESOURCES;BR;34,9;Direto
CLI000403;LARGE ENTERPRISE;COMMUNICATIONS, MEDIA AND SERVICES;BR;39,5;Direto
CLI000404;LARGE ENTERPRISE;COMMUNICATIONS, MEDIA AND SERVICES;BR;41,3;Direto
CLI000405;LARGE ENTERPRISE;MANUFACTURING AND NATURAL RESOURCES;BR;64,7;Direto
CLI000406;LARGE ENTERPRISE;MANUFACTURING AND NATURAL RESOURCES;BR;50,7;Direto
CLI000408;LARGE ENTERPRISE;TRANSPORTATION;BR;38,6;Direto
CLI000409;MID MARKET;MANUFACTURING AND NATURAL RESOURCES;BR;43,6;Direto
CLI000410;MID MARKET;RETAIL;BR;36,8;Direto
CLI000411;MID MARKET;COMMUNICATIONS, MEDIA AND SERVICES;BR;62,8;Direto
CLI000412;MID MARKET;MANUFACTURING AND NATURAL RESOURCES;BR;64,3;Direto
CLI000414;MID MARKET;INSURANCE;BR;28,4;Direto
CLI000415;MID MARKET;MANUFACTURING AND NATURAL RESOURCES;BR;28,4;Direto
CLI000416;MID MARKET;OIL AND GAS;BR;42,0;Direto
CLI000417;MID MARKET;COMMUNICATIONS, MEDIA AND SERVICES;BR;59,9;Direto
CLI000418;MID MARKET;MANUFACTURING AND NATURAL RESOURCES;BR;30,2;Direto
CLI000419;MID MARKET;BANKING AND INVESTMENT SERVICES;BR;35,6;Direto
CLI000420;MID MARKET;WHOLESALE TRADE;BR;61,6;Direto
CLI000421;MID MARKET;COMMUNICATIONS, MEDIA AND SERVICES;BR;29,9;Direto
CLI000422;MID MARKET;MANUFACTURING AND NATURAL RESOURCES;BR;41,7;Direto
CLI000423;MID MARKET;BANKING AND INVESTMENT SERVICES;BR;29,8;Direto
CLI000424;MID MARKET;MANUFACTURING AND NATURAL RESOURCES;BR;48,7;Direto
CLI000425;LARGE ENTERPRISE;MANUFACTURING AND NATURAL RESOURCES;BR;39,2;Direto
CLI000426;MID MARKET;MANUFACTURING AND NATURAL RESOURCES;BR;28,4;Direto
CLI000427;MID MARKET;HEALTHCARE AND LIFE SCIENCES;BR;28,4;Direto
CLI000428;MID MARKET;COMMUNICATIONS, MEDIA AND SERVICES;BR;41,7;Direto
CLI000429;MID MARKET;COMMUNICATIONS, MEDIA AND SERVICES;BR;28,4;Direto
CLI000430;MID MARKET;TRANSPORTATION;BR;41,9;Direto
CLI000431;MID MARKET;WHOLESALE TRADE;BR;28,4;Direto
CLI000433;SMALL MARKET;COMMUNICATIONS, MEDIA AND SERVICES;BR;28,4;Direto
CLI000434;GLOBAL ACCOUNT;HEALTHCARE AND LIFE SCIENCES;BR;65,6;Direto
CLI000435;GLOBAL ACCOUNT;HEALTHCARE AND LIFE SCIENCES;BR;64,6;Direto
CLI000436;STRATEGIC ACCOUNT;MANUFACTURING AND NATURAL RESOURCES;BR;65,6;Direto
CLI000437;MID MARKET;COMMUNICATIONS, MEDIA AND SERVICES;BR;63,7;Direto
CLI000438;LARGE ENTERPRISE;HEALTHCARE AND LIFE SCIENCES;BR;48,8;Direto
CLI000439;PUBLIC SECTOR;GOVERNMENT;BR;60,8;Direto
CLI000440;LARGE ENTERPRISE;COMMUNICATIONS, MEDIA AND SERVICES;BR;57,1;Direto
CLI000441;MID MARKET;COMMUNICATIONS, MEDIA AND SERVICES;BR;25,6;Direto
CLI000442;GLOBAL ACCOUNT;COMMUNICATIONS, MEDIA AND SERVICES;BR;46,9;Direto
CLI000444;MID MARKET;MANUFACTURING AND NATURAL RESOURCES;BR;28,4;Direto
CLI000445;MID MARKET;COMMUNICATIONS, MEDIA AND SERVICES;BR;30,1;Direto
CLI000446;MID MARKET;WHOLESALE TRADE;BR;28,4;Direto
CLI000448;MID MARKET;OIL AND GAS;BR;64,3;Direto
CLI000449;PUBLIC SECTOR;EDUCATION;BR;26,8;Direto
CLI000450;MID MARKET;COMMUNICATIONS, MEDIA AND SERVICES;BR;60,5;Direto
CLI000451;MID MARKET;COMMUNICATIONS, MEDIA AND SERVICES;BR;28,4;Direto
CLI000452;MID MARKET;COMMUNICATIONS, MEDIA AND SERVICES;BR;57,6;Direto
CLI000453;MID MARKET;COMMUNICATIONS, MEDIA AND SERVICES;BR;60,8;Direto
CLI000454;LARGE ENTERPRISE;COMMUNICATIONS, MEDIA AND SERVICES;BR;38,4;Direto
CLI000455;LARGE ENTERPRISE;WHOLESALE TRADE;BR;28,4;Direto
CLI000456;LARGE ENTERPRISE;COMMUNICATIONS, MEDIA AND SERVICES;BR;63,2;Direto
CLI000459;MID MARKET;MANUFACTURING AND NATURAL RESOURCES;BR;19,1;Direto
CLI000460;MID MARKET;MANUFACTURING AND NATURAL RESOURCES;BR;28,4;Direto
CLI000463;MID MARKET;MANUFACTURING AND NATURAL RESOURCES;BR;28,4;Direto
CLI000464;GLOBAL ACCOUNT;BANKING AND INVESTMENT SERVICES;BR;65,6;Direto
CLI000465;GLOBAL ACCOUNT;BANKING AND INVESTMENT SERVICES;BR;65,2;Direto
CLI000466;MID MARKET;COMMUNICATIONS, MEDIA AND SERVICES;BR;39,5;Direto
CLI000467;LARGE ENTERPRISE;MANUFACTURING AND NATURAL RESOURCES;BR;39,8;Direto
CLI000468;MID MARKET;COMMUNICATIONS, MEDIA AND SERVICES;BR;31,0;Direto
CLI000470;STRATEGIC ACCOUNT;TRANSPORTATION;BR;50,1;Direto
CLI000471;GLOBAL ACCOUNT;COMMUNICATIONS, MEDIA AND SERVICES;BR;58,8;Direto
CLI000472;GLOBAL ACCOUNT;COMMUNICATIONS, MEDIA AND SERVICES;BR;61,1;Direto
CLI000473;MID MARKET;RETAIL;BR;64,3;Direto
CLI000474;PUBLIC SECTOR;GOVERNMENT;BR;33,2;Direto
CLI000475;LARGE ENTERPRISE;WHOLESALE TRADE;BR;64,9;Direto
CLI000476;MID MARKET;RETAIL;BR;51,2;Direto
CLI000478;PUBLIC SECTOR;BANKING AND INVESTMENT SERVICES;BR;59,7;Direto
CLI000479;LARGE ENTERPRISE;MANUFACTURING AND NATURAL RESOURCES;BR;28,3;Direto
CLI000480;LARGE ENTERPRISE;TRANSPORTATION;BR;64,3;Direto
CLI000481;MID MARKET;EDUCATION;BR;53,1;Direto
CLI000483;MID MARKET;COMMUNICATIONS, MEDIA AND SERVICES;BR;64,4;Direto
CLI000484;MID MARKET;WHOLESALE TRADE;BR;34,0;Direto
CLI000485;LARGE ENTERPRISE;MANUFACTURING AND NATURAL RESOURCES;BR;32,8;Direto
CLI000486;MID MARKET;COMMUNICATIONS, MEDIA AND SERVICES;BR;43,8;Direto
CLI000487;LARGE ENTERPRISE;TRANSPORTATION;BR;46,0;Direto
CLI000488;MID MARKET;COMMUNICATIONS, MEDIA AND SERVICES;BR;33,5;Direto
CLI000490;MID MARKET;BANKING AND INVESTMENT SERVICES;BR;51,8;Direto
CLI000491;MID MARKET;COMMUNICATIONS, MEDIA AND SERVICES;BR;37,4;Direto
CLI000492;MID MARKET;COMMUNICATIONS, MEDIA AND SERVICES;BR;28,2;Direto
CLI000493;PUBLIC SECTOR;EDUCATION;BR;28,2;Direto
CLI000494;MID MARKET;COMMUNICATIONS, MEDIA AND SERVICES;BR;40,8;Direto
CLI000495;MID MARKET;TRANSPORTATION;BR;33,2;Direto
CLI000496;MID MARKET;MANUFACTURING AND NATURAL RESOURCES;BR;28,2;Direto
CLI000497;MID MARKET;COMMUNICATIONS, MEDIA AND SERVICES;BR;28,2;Direto
CLI000498;MID MARKET;MANUFACTURING AND NATURAL RESOURCES;BR;41,5;Direto
CLI000500;MID MARKET;COMMUNICATIONS, MEDIA AND SERVICES;BR;28,3;Direto
CLI000501;MID MARKET;TRANSPORTATION;BR;28,2;Direto
CLI000503;MID MARKET;COMMUNICATIONS, MEDIA AND SERVICES;BR;33,3;Direto
CLI000505;STRATEGIC ACCOUNT;BANKING AND INVESTMENT SERVICES;BR;24,5;Direto
CLI000506;GLOBAL ACCOUNT;BANKING AND INVESTMENT SERVICES;BR;64,3;Direto
CLI000507;GLOBAL ACCOUNT;HEALTHCARE AND LIFE SCIENCES;BR;65,6;Direto
CLI000509;MID MARKET;MANUFACTURING AND NATURAL RESOURCES;BR;28,1;Direto
CLI000510;LARGE ENTERPRISE;MANUFACTURING AND NATURAL RESOURCES;BR;60,7;Direto
CLI000511;LARGE ENTERPRISE;COMMUNICATIONS, MEDIA AND SERVICES;BR;63,2;Direto
CLI000512;LARGE ENTERPRISE;COMMUNICATIONS, MEDIA AND SERVICES;BR;65,6;Direto
CLI000513;LARGE ENTERPRISE;WHOLESALE TRADE;BR;52,6;Direto
CLI000514;GLOBAL ACCOUNT;COMMUNICATIONS, MEDIA AND SERVICES;BR;64,2;Direto
CLI000515;LARGE ENTERPRISE;TRANSPORTATION;BR;63,7;Direto
CLI000516;GLOBAL ACCOUNT;COMMUNICATIONS, MEDIA AND SERVICES;BR;64,3;Direto
CLI000517;MID MARKET;HEALTHCARE AND LIFE SCIENCES;BR;59,7;Direto
CLI000518;GLOBAL ACCOUNT;MANUFACTURING AND NATURAL RESOURCES;BR;62,9;Direto
CLI000519;MID MARKET;COMMUNICATIONS, MEDIA AND SERVICES;BR;52,7;Direto
CLI000520;LARGE ENTERPRISE;TRANSPORTATION;BR;63,0;Direto
CLI000521;GLOBAL ACCOUNT;COMMUNICATIONS, MEDIA AND SERVICES;BR;58,9;Direto
CLI000522;MID MARKET;WHOLESALE TRADE;BR;54,7;Direto
CLI000523;GLOBAL ACCOUNT;COMMUNICATIONS, MEDIA AND SERVICES;BR;65,1;Direto
CLI000524;LARGE ENTERPRISE;INSURANCE;BR;65,3;Direto
CLI000525;LARGE ENTERPRISE;COMMUNICATIONS, MEDIA AND SERVICES;BR;63,6;Direto
CLI000526;LARGE ENTERPRISE;INSURANCE;BR;60,5;Direto
CLI000527;LARGE ENTERPRISE;MANUFACTURING AND NATURAL RESOURCES;BR;53,2;Direto
CLI000528;LARGE ENTERPRISE;COMMUNICATIONS, MEDIA AND SERVICES;BR;52,0;Direto
CLI000532;MID MARKET;COMMUNICATIONS, MEDIA AND SERVICES;BR;50,8;Direto
CLI000533;MID MARKET;COMMUNICATIONS, MEDIA AND SERVICES;BR;30,7;Direto
CLI000534;MID MARKET;TRANSPORTATION;BR;28,1;Direto
CLI000535;STRATEGIC ACCOUNT;COMMUNICATIONS, MEDIA AND SERVICES;BR;62,3;Direto
CLI000536;MID MARKET;COMMUNICATIONS, MEDIA AND SERVICES;BR;51,7;Direto
CLI000537;MID MARKET;MANUFACTURING AND NATURAL RESOURCES;BR;28,1;Direto
CLI000538;STRATEGIC ACCOUNT;RETAIL;BR;62,1;Direto
CLI000539;STRATEGIC ACCOUNT;RETAIL;BR;57,6;Direto
CLI000540;MID MARKET;BANKING AND INVESTMENT SERVICES;BR;28,0;Direto
CLI000541;MID MARKET;COMMUNICATIONS, MEDIA AND SERVICES;BR;56,6;Direto
CLI000542;MID MARKET;TRANSPORTATION;BR;46,6;Direto
CLI000544;LARGE ENTERPRISE;RETAIL;BR;60,9;Direto
CLI000545;MID MARKET;COMMUNICATIONS, MEDIA AND SERVICES;BR;28,0;Direto
CLI000547;MID MARKET;BANKING AND INVESTMENT SERVICES;BR;39,8;Direto
CLI000548;MID MARKET;COMMUNICATIONS, MEDIA AND SERVICES;BR;28,0;Direto
CLI000549;LARGE ENTERPRISE;WHOLESALE TRADE;BR;34,3;Direto
CLI000550;LARGE ENTERPRISE;COMMUNICATIONS, MEDIA AND SERVICES;BR;38,6;Direto
CLI000551;LARGE ENTERPRISE;COMMUNICATIONS, MEDIA AND SERVICES;BR;65,6;Direto
CLI000552;MID MARKET;COMMUNICATIONS, MEDIA AND SERVICES;BR;63,0;Direto
CLI000553;MID MARKET;COMMUNICATIONS, MEDIA AND SERVICES;BR;64,9;Direto
CLI000554;LARGE ENTERPRISE;TRANSPORTATION;BR;61,3;Direto
CLI000555;LARGE ENTERPRISE;COMMUNICATIONS, MEDIA AND SERVICES;BR;63,2;Direto
CLI000556;PUBLIC SECTOR;EDUCATION;BR;47,3;Direto
CLI000557;MID MARKET;COMMUNICATIONS, MEDIA AND SERVICES;BR;28,9;Direto
CLI000558;MID MARKET;COMMUNICATIONS, MEDIA AND SERVICES;BR;28,0;Direto
CLI000559;MID MARKET;MANUFACTURING AND NATURAL RESOURCES;BR;48,1;Direto
CLI000560;PUBLIC SECTOR;COMMUNICATIONS, MEDIA AND SERVICES;BR;63,1;Direto
CLI000561;SMALL MARKET;COMMUNICATIONS, MEDIA AND SERVICES;BR;28,0;Direto
CLI000562;MID MARKET;MANUFACTURING AND NATURAL RESOURCES;BR;28,0;Direto
CLI000563;LARGE ENTERPRISE;RETAIL;BR;53,9;Direto
CLI000564;MID MARKET;COMMUNICATIONS, MEDIA AND SERVICES;BR;28,0;Direto
CLI000565;PUBLIC SECTOR;EDUCATION;BR;42,9;Direto
CLI000566;MID MARKET;COMMUNICATIONS, MEDIA AND SERVICES;BR;42,0;Direto
CLI000567;LARGE ENTERPRISE;MANUFACTURING AND NATURAL RESOURCES;BR;28,0;Direto
CLI000568;MID MARKET;RETAIL;BR;28,0;Direto
CLI000569;MID MARKET;RETAIL;BR;40,1;Direto
CLI000570;MID MARKET;MANUFACTURING AND NATURAL RESOURCES;BR;38,7;Direto
CLI000571;MID MARKET;MANUFACTURING AND NATURAL RESOURCES;BR;35,1;Direto
CLI000572;LARGE ENTERPRISE;RETAIL;BR;30,4;Direto
CLI000573;MID MARKET;COMMUNICATIONS, MEDIA AND SERVICES;BR;28,0;Direto
CLI000574;MID MARKET;COMMUNICATIONS, MEDIA AND SERVICES;BR;28,0;Direto
CLI000575;MID MARKET;COMMUNICATIONS, MEDIA AND SERVICES;BR;28,0;Direto
CLI000576;LARGE ENTERPRISE;COMMUNICATIONS, MEDIA AND SERVICES;BR;65,5;Direto
CLI000578;LARGE ENTERPRISE;MANUFACTURING AND NATURAL RESOURCES;BR;62,1;Direto
CLI000580;LARGE ENTERPRISE;COMMUNICATIONS, MEDIA AND SERVICES;BR;27,9;Direto
CLI000581;MID MARKET;COMMUNICATIONS, MEDIA AND SERVICES;BR;42,3;Direto
CLI000582;GLOBAL ACCOUNT;COMMUNICATIONS, MEDIA AND SERVICES;BR;27,9;Direto
CLI000583;GLOBAL ACCOUNT;BANKING AND INVESTMENT SERVICES;BR;55,4;Direto
CLI000584;MID MARKET;COMMUNICATIONS, MEDIA AND SERVICES;BR;57,7;Direto
CLI000585;LARGE ENTERPRISE;TRANSPORTATION;BR;62,2;Direto
CLI000586;MID MARKET;COMMUNICATIONS, MEDIA AND SERVICES;BR;65,3;Direto
CLI000587;STRATEGIC ACCOUNT;COMMUNICATIONS, MEDIA AND SERVICES;BR;61,0;Direto
CLI000588;MID MARKET;RETAIL;BR;65,5;Direto
CLI000589;MID MARKET;COMMUNICATIONS, MEDIA AND SERVICES;BR;29,8;Direto
CLI000590;MID MARKET;WHOLESALE TRADE;BR;27,9;Direto
CLI000591;LARGE ENTERPRISE;RETAIL;BR;55,0;Direto
CLI000592;MID MARKET;COMMUNICATIONS, MEDIA AND SERVICES;BR;54,0;Direto
CLI000593;MID MARKET;MANUFACTURING AND NATURAL RESOURCES;BR;31,2;Direto
CLI000594;LARGE ENTERPRISE;WHOLESALE TRADE;BR;39,2;Direto
CLI000595;MID MARKET;HEALTHCARE AND LIFE SCIENCES;BR;39,9;Direto
CLI000596;SMALL MARKET;COMMUNICATIONS, MEDIA AND SERVICES;BR;27,9;Direto
CLI000597;MID MARKET;MANUFACTURING AND NATURAL RESOURCES;BR;27,9;Direto
CLI000598;GLOBAL ACCOUNT;COMMUNICATIONS, MEDIA AND SERVICES;BR;64,1;Direto
CLI000604;MID MARKET;COMMUNICATIONS, MEDIA AND SERVICES;BR;27,9;Direto
CLI000605;LARGE ENTERPRISE;BANKING AND INVESTMENT SERVICES;BR;27,9;Direto
CLI000606;MID MARKET;MANUFACTURING AND NATURAL RESOURCES;BR;59,7;Direto
CLI000610;MID MARKET;COMMUNICATIONS, MEDIA AND SERVICES;BR;27,8;Direto
CLI000611;PUBLIC SECTOR;GOVERNMENT;BR;27,8;Direto
CLI000612;MID MARKET;MANUFACTURING AND NATURAL RESOURCES;BR;59,7;Direto
CLI000613;LARGE ENTERPRISE;WHOLESALE TRADE;BR;64,4;Direto
CLI000614;MID MARKET;MANUFACTURING AND NATURAL RESOURCES;BR;40,3;Direto
CLI000615;MID MARKET;COMMUNICATIONS, MEDIA AND SERVICES;BR;60,4;Direto
CLI000616;MID MARKET;WHOLESALE TRADE;BR;22,3;Direto
CLI000617;GLOBAL ACCOUNT;WHOLESALE TRADE;BR;65,6;Direto
CLI000618;MID MARKET;COMMUNICATIONS, MEDIA AND SERVICES;BR;65,2;Direto
CLI000619;LARGE ENTERPRISE;MANUFACTURING AND NATURAL RESOURCES;BR;47,8;Direto
CLI000620;MID MARKET;RETAIL;BR;29,8;Direto
CLI000622;MID MARKET;COMMUNICATIONS, MEDIA AND SERVICES;BR;39,6;Direto
CLI000623;MID MARKET;COMMUNICATIONS, MEDIA AND SERVICES;BR;60,5;Direto
CLI000624;PUBLIC SECTOR;EDUCATION;BR;27,7;Direto
CLI000625;MID MARKET;WHOLESALE TRADE;BR;32,6;Direto
CLI000626;MID MARKET;RETAIL;BR;39,8;Direto
CLI000627;LARGE ENTERPRISE;WHOLESALE TRADE;BR;27,7;Direto
CLI000628;SMALL MARKET;COMMUNICATIONS, MEDIA AND SERVICES;BR;27,7;Direto
CLI000629;MID MARKET;COMMUNICATIONS, MEDIA AND SERVICES;BR;35,2;Direto
CLI000630;MID MARKET;MANUFACTURING AND NATURAL RESOURCES;BR;31,7;Direto
CLI000632;MID MARKET;BANKING AND INVESTMENT SERVICES;BR;27,7;Direto
CLI000633;LARGE ENTERPRISE;MANUFACTURING AND NATURAL RESOURCES;BR;65,1;Direto
CLI000634;LARGE ENTERPRISE;MANUFACTURING AND NATURAL RESOURCES;BR;65,3;Direto
CLI000635;LARGE ENTERPRISE;MANUFACTURING AND NATURAL RESOURCES;BR;65,5;Direto
CLI000636;MID MARKET;WHOLESALE TRADE;BR;45,3;Direto
CLI000637;MID MARKET;COMMUNICATIONS, MEDIA AND SERVICES;BR;65,3;Direto
CLI000638;LARGE ENTERPRISE;MANUFACTURING AND NATURAL RESOURCES;BR;64,3;Direto
CLI000639;LARGE ENTERPRISE;COMMUNICATIONS, MEDIA AND SERVICES;BR;64,3;Direto
CLI000640;MID MARKET;COMMUNICATIONS, MEDIA AND SERVICES;BR;44,4;Direto
CLI000641;MID MARKET;COMMUNICATIONS, MEDIA AND SERVICES;BR;38,6;Direto
CLI000642;MID MARKET;WHOLESALE TRADE;BR;27,7;Direto
CLI000643;MID MARKET;COMMUNICATIONS, MEDIA AND SERVICES;BR;27,7;Direto
CLI000644;MID MARKET;INSURANCE;BR;35,4;Direto
CLI000645;LARGE ENTERPRISE;COMMUNICATIONS, MEDIA AND SERVICES;BR;44,7;Direto
CLI000646;MID MARKET;MANUFACTURING AND NATURAL RESOURCES;BR;34,7;Direto
CLI000647;MID MARKET;WHOLESALE TRADE;BR;27,7;Direto
CLI000648;LARGE ENTERPRISE;COMMUNICATIONS, MEDIA AND SERVICES;BR;32,5;Direto
CLI000649;GLOBAL ACCOUNT;COMMUNICATIONS, MEDIA AND SERVICES;BR;65,2;Direto
CLI000650;PUBLIC SECTOR;EDUCATION;BR;45,6;Direto
CLI000651;MID MARKET;COMMUNICATIONS, MEDIA AND SERVICES;BR;32,8;Direto
CLI000652;MID MARKET;TRANSPORTATION;BR;64,9;Direto
CLI000653;MID MARKET;RETAIL;BR;27,7;Direto
CLI000655;MID MARKET;MANUFACTURING AND NATURAL RESOURCES;BR;61,3;Direto
CLI000656;MID MARKET;OIL AND GAS;BR;42,9;Direto
CLI000657;MID MARKET;COMMUNICATIONS, MEDIA AND SERVICES;BR;27,7;Direto
CLI000658;MID MARKET;MANUFACTURING AND NATURAL RESOURCES;BR;27,7;Direto
CLI000659;MID MARKET;COMMUNICATIONS, MEDIA AND SERVICES;BR;27,7;Direto
CLI000660;LARGE ENTERPRISE;MANUFACTURING AND NATURAL RESOURCES;BR;52,9;Direto
CLI000661;LARGE ENTERPRISE;MANUFACTURING AND NATURAL RESOURCES;BR;59,2;Direto
CLI000662;LARGE ENTERPRISE;BANKING AND INVESTMENT SERVICES;BR;46,4;Direto
CLI000663;MID MARKET;COMMUNICATIONS, MEDIA AND SERVICES;BR;55,2;Direto
CLI000665;GLOBAL ACCOUNT;WHOLESALE TRADE;BR;34,4;Direto
CLI000666;GLOBAL ACCOUNT;INSURANCE;BR;62,4;Direto
CLI000668;MID MARKET;HEALTHCARE AND LIFE SCIENCES;BR;27,5;Direto
CLI000670;MID MARKET;HEALTHCARE AND LIFE SCIENCES;BR;62,3;Direto
CLI000671;MID MARKET;POWER AND UTILITIES;BR;35,1;Direto
CLI000672;LARGE ENTERPRISE;MANUFACTURING AND NATURAL RESOURCES;BR;53,7;Direto
CLI000675;LARGE ENTERPRISE;BANKING AND INVESTMENT SERVICES;BR;41,5;Direto
CLI000676;MID MARKET;BANKING AND INVESTMENT SERVICES;BR;27,5;Direto
CLI000677;MID MARKET;COMMUNICATIONS, MEDIA AND SERVICES;BR;27,5;Direto
CLI000679;MID MARKET;MANUFACTURING AND NATURAL RESOURCES;BR;27,5;Direto
CLI000680;MID MARKET;COMMUNICATIONS, MEDIA AND SERVICES;BR;27,5;Direto
CLI000681;MID MARKET;EDUCATION;BR;50,1;Direto
CLI000682;LARGE ENTERPRISE;WHOLESALE TRADE;BR;27,5;Direto
CLI000683;SMALL MARKET;COMMUNICATIONS, MEDIA AND SERVICES;BR;46,9;Direto
CLI000684;MID MARKET;COMMUNICATIONS, MEDIA AND SERVICES;BR;31,5;Direto
CLI000685;MID MARKET;MANUFACTURING AND NATURAL RESOURCES;BR;43,0;Direto
CLI000686;MID MARKET;COMMUNICATIONS, MEDIA AND SERVICES;BR;29,8;Direto
CLI000687;STRATEGIC ACCOUNT;COMMUNICATIONS, MEDIA AND SERVICES;BR;27,5;Direto
CLI000688;MID MARKET;WHOLESALE TRADE;BR;35,6;Direto
CLI000690;LARGE ENTERPRISE;MANUFACTURING AND NATURAL RESOURCES;BR;62,5;Direto
CLI000691;MID MARKET;MANUFACTURING AND NATURAL RESOURCES;BR;27,5;Direto
CLI000692;MID MARKET;RETAIL;BR;27,5;Direto
CLI000693;MID MARKET;COMMUNICATIONS, MEDIA AND SERVICES;BR;60,6;Direto
CLI000694;GLOBAL ACCOUNT;MANUFACTURING AND NATURAL RESOURCES;BR;36,8;Direto
CLI000695;MID MARKET;MANUFACTURING AND NATURAL RESOURCES;BR;62,7;Direto
CLI000698;LARGE ENTERPRISE;MANUFACTURING AND NATURAL RESOURCES;BR;52,0;Direto
CLI000700;MID MARKET;BANKING AND INVESTMENT SERVICES;BR;54,0;Direto
CLI000701;MID MARKET;COMMUNICATIONS, MEDIA AND SERVICES;BR;27,5;Direto
CLI000702;MID MARKET;COMMUNICATIONS, MEDIA AND SERVICES;BR;27,5;Direto
CLI000703;MID MARKET;MANUFACTURING AND NATURAL RESOURCES;BR;45,2;Direto
CLI000704;MID MARKET;HEALTHCARE AND LIFE SCIENCES;BR;41,4;Direto
CLI000705;MID MARKET;MANUFACTURING AND NATURAL RESOURCES;BR;27,5;Direto
CLI000706;MID MARKET;RETAIL;BR;32,6;Direto
CLI000707;LARGE ENTERPRISE;COMMUNICATIONS, MEDIA AND SERVICES;BR;27,5;Direto
CLI000709;PUBLIC SECTOR;GOVERNMENT;BR;36,1;Direto
CLI000711;MID MARKET;COMMUNICATIONS, MEDIA AND SERVICES;BR;63,2;Direto
CLI000712;MID MARKET;WHOLESALE TRADE;BR;43,4;Direto
CLI000713;MID MARKET;MANUFACTURING AND NATURAL RESOURCES;BR;27,4;Direto
CLI000714;MID MARKET;COMMUNICATIONS, MEDIA AND SERVICES;BR;63,9;Direto
CLI000715;MID MARKET;BANKING AND INVESTMENT SERVICES;BR;65,3;Direto
CLI000716;MID MARKET;COMMUNICATIONS, MEDIA AND SERVICES;BR;62,7;Direto
CLI000719;LARGE ENTERPRISE;MANUFACTURING AND NATURAL RESOURCES;BR;58,9;Direto
CLI000720;MID MARKET;MANUFACTURING AND NATURAL RESOURCES;BR;40,5;Direto
CLI000722;SMALL MARKET;MANUFACTURING AND NATURAL RESOURCES;BR;27,4;Direto
CLI000723;SMALL MARKET;COMMUNICATIONS, MEDIA AND SERVICES;BR;27,4;Direto
CLI000725;MID MARKET;COMMUNICATIONS, MEDIA AND SERVICES;BR;27,4;Direto
CLI000726;GLOBAL ACCOUNT;BANKING AND INVESTMENT SERVICES;MX;38,3;Direto
CLI000727;LARGE ENTERPRISE;MANUFACTURING AND NATURAL RESOURCES;BR;27,4;Direto
CLI000728;MID MARKET;COMMUNICATIONS, MEDIA AND SERVICES;BR;27,4;Direto
CLI000729;PUBLIC SECTOR;GOVERNMENT;BR;27,4;Direto
CLI000730;MID MARKET;RETAIL;BR;27,4;Direto
CLI000731;LARGE ENTERPRISE;BANKING AND INVESTMENT SERVICES;BR;57,9;Direto
CLI000732;PUBLIC SECTOR;GOVERNMENT;BR;5,1;Direto
CLI000733;MID MARKET;COMMUNICATIONS, MEDIA AND SERVICES;BR;27,4;Direto
CLI000735;MID MARKET;COMMUNICATIONS, MEDIA AND SERVICES;BR;64,6;Direto
CLI000737;MID MARKET;COMMUNICATIONS, MEDIA AND SERVICES;BR;27,3;Direto
CLI000738;LARGE ENTERPRISE;MANUFACTURING AND NATURAL RESOURCES;BR;27,3;Direto
CLI000739;MID MARKET;COMMUNICATIONS, MEDIA AND SERVICES;BR;27,3;Direto
CLI000740;MID MARKET;BANKING AND INVESTMENT SERVICES;BR;32,3;Direto
CLI000741;GLOBAL ACCOUNT;COMMUNICATIONS, MEDIA AND SERVICES;BR;27,3;Direto
CLI000742;GLOBAL ACCOUNT;OIL AND GAS;BR;58,6;Direto
CLI000743;LARGE ENTERPRISE;MANUFACTURING AND NATURAL RESOURCES;BR;65,3;Direto
CLI000745;MID MARKET;COMMUNICATIONS, MEDIA AND SERVICES;BR;61,8;Direto
CLI000746;STRATEGIC ACCOUNT;TRANSPORTATION;BR;32,3;Direto
CLI000747;LARGE ENTERPRISE;TRANSPORTATION;BR;27,3;Direto
CLI000749;MID MARKET;BANKING AND INVESTMENT SERVICES;BR;64,5;Direto
CLI000750;MID MARKET;COMMUNICATIONS, MEDIA AND SERVICES;BR;33,9;Direto
CLI000751;MID MARKET;OIL AND GAS;BR;48,6;Direto
CLI000752;MID MARKET;COMMUNICATIONS, MEDIA AND SERVICES;BR;37,5;Direto
CLI000753;MID MARKET;MANUFACTURING AND NATURAL RESOURCES;BR;27,3;Direto
CLI000754;MID MARKET;COMMUNICATIONS, MEDIA AND SERVICES;BR;27,3;Direto
CLI000755;SMALL MARKET;COMMUNICATIONS, MEDIA AND SERVICES;BR;27,3;Direto
CLI000756;LARGE ENTERPRISE;COMMUNICATIONS, MEDIA AND SERVICES;BR;33,4;Direto
CLI000757;MID MARKET;MANUFACTURING AND NATURAL RESOURCES;BR;36,1;Direto
CLI000758;MID MARKET;HEALTHCARE AND LIFE SCIENCES;BR;27,3;Direto
CLI000759;MID MARKET;WHOLESALE TRADE;BR;27,3;Direto
CLI000760;MID MARKET;RETAIL;BR;27,3;Direto
CLI000761;MID MARKET;TRANSPORTATION;BR;27,3;Direto
CLI000762;MID MARKET;COMMUNICATIONS, MEDIA AND SERVICES;BR;29,6;Direto
CLI000763;MID MARKET;COMMUNICATIONS, MEDIA AND SERVICES;BR;44,9;Direto
CLI000764;MID MARKET;COMMUNICATIONS, MEDIA AND SERVICES;BR;37,3;Direto
CLI000765;MID MARKET;MANUFACTURING AND NATURAL RESOURCES;BR;27,3;Direto
CLI000766;MID MARKET;MANUFACTURING AND NATURAL RESOURCES;BR;27,3;Direto
CLI000767;MID MARKET;COMMUNICATIONS, MEDIA AND SERVICES;BR;27,3;Direto
CLI000768;GLOBAL ACCOUNT;MANUFACTURING AND NATURAL RESOURCES;BR;65,6;Direto
CLI000769;LARGE ENTERPRISE;COMMUNICATIONS, MEDIA AND SERVICES;BR;60,6;Direto
CLI000770;MID MARKET;INSURANCE;BR;43,0;Direto
CLI000771;SMALL MARKET;COMMUNICATIONS, MEDIA AND SERVICES;BR;27,2;Direto
CLI000772;SMALL MARKET;BANKING AND INVESTMENT SERVICES;BR;27,2;Direto
CLI000773;MID MARKET;RETAIL;BR;27,2;Direto
CLI000775;STRATEGIC ACCOUNT;BANKING AND INVESTMENT SERVICES;BR;33,3;Direto
CLI000776;LARGE ENTERPRISE;MANUFACTURING AND NATURAL RESOURCES;BR;27,1;Direto
CLI000778;MID MARKET;COMMUNICATIONS, MEDIA AND SERVICES;BR;35,2;Direto
CLI000780;MID MARKET;COMMUNICATIONS, MEDIA AND SERVICES;BR;57,6;Direto
CLI000781;SMALL MARKET;COMMUNICATIONS, MEDIA AND SERVICES;BR;27,1;Direto
CLI000783;SMALL MARKET;COMMUNICATIONS, MEDIA AND SERVICES;BR;27,1;Direto
CLI000784;LARGE ENTERPRISE;MANUFACTURING AND NATURAL RESOURCES;BR;65,3;Direto
CLI000787;LARGE ENTERPRISE;MANUFACTURING AND NATURAL RESOURCES;BR;58,3;Direto
CLI000788;LARGE ENTERPRISE;MANUFACTURING AND NATURAL RESOURCES;BR;27,0;Direto
CLI000789;MID MARKET;COMMUNICATIONS, MEDIA AND SERVICES;BR;59,9;Direto
CLI000790;LARGE ENTERPRISE;TRANSPORTATION;BR;65,7;Direto
CLI000791;LARGE ENTERPRISE;TRANSPORTATION;BR;63,6;Direto
CLI000796;LARGE ENTERPRISE;WHOLESALE TRADE;BR;45,0;Direto
CLI000797;MID MARKET;BANKING AND INVESTMENT SERVICES;BR;57,0;Direto
CLI000798;MID MARKET;INSURANCE;BR;61,8;Direto
CLI000799;MID MARKET;COMMUNICATIONS, MEDIA AND SERVICES;BR;27,0;Direto
CLI000800;MID MARKET;WHOLESALE TRADE;BR;27,0;Direto
CLI000803;PUBLIC SECTOR;GOVERNMENT;BR;27,0;Direto
CLI000804;MID MARKET;COMMUNICATIONS, MEDIA AND SERVICES;BR;27,0;Direto
CLI000805;MID MARKET;COMMUNICATIONS, MEDIA AND SERVICES;BR;65,5;Direto
CLI000807;MID MARKET;MANUFACTURING AND NATURAL RESOURCES;BR;39,3;Direto
CLI000808;GLOBAL ACCOUNT;MANUFACTURING AND NATURAL RESOURCES;BR;58,7;Direto
CLI000809;MID MARKET;BANKING AND INVESTMENT SERVICES;BR;65,2;Direto
CLI000811;PUBLIC SECTOR;COMMUNICATIONS, MEDIA AND SERVICES;BR;64,3;Direto
CLI000812;LARGE ENTERPRISE;MANUFACTURING AND NATURAL RESOURCES;BR;64,3;Direto
CLI000813;GLOBAL ACCOUNT;MANUFACTURING AND NATURAL RESOURCES;BR;65,7;Direto
CLI000814;MID MARKET;COMMUNICATIONS, MEDIA AND SERVICES;BR;50,5;Direto
CLI000815;MID MARKET;TRANSPORTATION;BR;49,1;Direto
CLI000816;MID MARKET;MANUFACTURING AND NATURAL RESOURCES;BR;50,9;Direto
CLI000818;MID MARKET;MANUFACTURING AND NATURAL RESOURCES;BR;27,0;Direto
CLI000819;MID MARKET;POWER AND UTILITIES;BR;27,0;Direto
CLI000820;MID MARKET;TRANSPORTATION;BR;43,2;Direto
CLI000821;LARGE ENTERPRISE;TRANSPORTATION;BR;27,0;Direto
CLI000822;LARGE ENTERPRISE;COMMUNICATIONS, MEDIA AND SERVICES;BR;58,8;Direto
CLI000823;PUBLIC SECTOR;EDUCATION;BR;61,5;Direto
CLI000824;MID MARKET;WHOLESALE TRADE;BR;27,0;Direto
CLI000826;PUBLIC SECTOR;BANKING AND INVESTMENT SERVICES;BR;47,8;Direto
CLI000827;MID MARKET;MANUFACTURING AND NATURAL RESOURCES;BR;52,1;Direto
CLI000828;LARGE ENTERPRISE;COMMUNICATIONS, MEDIA AND SERVICES;BR;63,7;Direto
CLI000829;PUBLIC SECTOR;COMMUNICATIONS, MEDIA AND SERVICES;BR;24,5;Direto
CLI000830;MID MARKET;COMMUNICATIONS, MEDIA AND SERVICES;BR;27,0;Direto
CLI000831;MID MARKET;COMMUNICATIONS, MEDIA AND SERVICES;BR;52,4;Direto
CLI000832;MID MARKET;MANUFACTURING AND NATURAL RESOURCES;BR;44,3;Direto
CLI000833;MID MARKET;MANUFACTURING AND NATURAL RESOURCES;BR;31,9;Direto
CLI000834;MID MARKET;WHOLESALE TRADE;BR;27,0;Direto
CLI000835;MID MARKET;MANUFACTURING AND NATURAL RESOURCES;BR;35,3;Direto
CLI000836;MID MARKET;BANKING AND INVESTMENT SERVICES;BR;27,0;Direto
CLI000837;GLOBAL ACCOUNT;WHOLESALE TRADE;BR;27,0;Direto
CLI000838;MID MARKET;MANUFACTURING AND NATURAL RESOURCES;BR;17,6;Direto
CLI000839;MID MARKET;COMMUNICATIONS, MEDIA AND SERVICES;BR;34,6;Direto
CLI000840;LARGE ENTERPRISE;INSURANCE;BR;27,0;Direto
CLI000841;LARGE ENTERPRISE;COMMUNICATIONS, MEDIA AND SERVICES;BR;63,2;Direto
CLI000842;LARGE ENTERPRISE;MANUFACTURING AND NATURAL RESOURCES;BR;36,3;Direto
CLI000843;STRATEGIC ACCOUNT;COMMUNICATIONS, MEDIA AND SERVICES;BR;58,4;Direto
CLI000844;MID MARKET;MANUFACTURING AND NATURAL RESOURCES;BR;65,1;Direto
CLI000845;PUBLIC SECTOR;EDUCATION;BR;62,0;Direto
CLI000847;MID MARKET;WHOLESALE TRADE;BR;26,9;Direto
CLI000848;MID MARKET;INSURANCE;BR;32,5;Direto
CLI000850;LARGE ENTERPRISE;POWER AND UTILITIES;BR;33,4;Direto
CLI000851;SMALL MARKET;COMMUNICATIONS, MEDIA AND SERVICES;BR;26,9;Direto
CLI000852;MID MARKET;MANUFACTURING AND NATURAL RESOURCES;BR;26,9;Direto
CLI000853;MID MARKET;RETAIL;BR;26,9;Direto
CLI000854;STRATEGIC ACCOUNT;COMMUNICATIONS, MEDIA AND SERVICES;BR;26,9;Direto
CLI000855;MID MARKET;COMMUNICATIONS, MEDIA AND SERVICES;BR;39,8;Direto
CLI000856;MID MARKET;TRANSPORTATION;BR;36,3;Direto
CLI000857;MID MARKET;WHOLESALE TRADE;BR;26,9;Direto
CLI000858;MID MARKET;MANUFACTURING AND NATURAL RESOURCES;BR;26,8;Direto
CLI000859;GLOBAL ACCOUNT;COMMUNICATIONS, MEDIA AND SERVICES;BR;26,8;Direto
CLI000860;LARGE ENTERPRISE;RETAIL;BR;44,6;Direto
CLI000861;PUBLIC SECTOR;EDUCATION;BR;58,0;Direto
CLI000862;PUBLIC SECTOR;GOVERNMENT;BR;39,9;Direto
CLI000864;LARGE ENTERPRISE;MANUFACTURING AND NATURAL RESOURCES;BR;26,8;Direto
CLI000865;PUBLIC SECTOR;GOVERNMENT;BR;26,8;Direto
CLI000866;MID MARKET;COMMUNICATIONS, MEDIA AND SERVICES;BR;65,5;Direto
CLI000867;LARGE ENTERPRISE;BANKING AND INVESTMENT SERVICES;BR;55,4;Direto
CLI000868;LARGE ENTERPRISE;RETAIL;BR;39,6;Direto
CLI000869;LARGE ENTERPRISE;RETAIL;BR;34,5;Direto
CLI000871;LARGE ENTERPRISE;WHOLESALE TRADE;BR;64,5;Direto
CLI000873;STRATEGIC ACCOUNT;MANUFACTURING AND NATURAL RESOURCES;BR;61,4;Direto
CLI000874;MID MARKET;RETAIL;BR;61,0;Direto
CLI000877;LARGE ENTERPRISE;HEALTHCARE AND LIFE SCIENCES;BR;35,2;Direto
CLI000878;LARGE ENTERPRISE;BANKING AND INVESTMENT SERVICES;BR;32,6;Direto
CLI000880;MID MARKET;WHOLESALE TRADE;BR;26,8;Direto
CLI000881;MID MARKET;EDUCATION;BR;26,8;Direto
CLI000882;LARGE ENTERPRISE;MANUFACTURING AND NATURAL RESOURCES;BR;26,8;Direto
CLI000883;LARGE ENTERPRISE;WHOLESALE TRADE;BR;29,5;Direto
CLI000885;GLOBAL ACCOUNT;COMMUNICATIONS, MEDIA AND SERVICES;BR;64,3;Direto
CLI000886;MID MARKET;COMMUNICATIONS, MEDIA AND SERVICES;BR;63,9;Direto
CLI000887;MID MARKET;MANUFACTURING AND NATURAL RESOURCES;BR;36,7;Direto
CLI000888;MID MARKET;RETAIL;BR;26,8;Direto
CLI000889;MID MARKET;HEALTHCARE AND LIFE SCIENCES;BR;26,8;Direto
CLI000890;MID MARKET;COMMUNICATIONS, MEDIA AND SERVICES;BR;42,3;Direto
CLI000891;MID MARKET;COMMUNICATIONS, MEDIA AND SERVICES;BR;53,0;Direto
CLI000892;MID MARKET;COMMUNICATIONS, MEDIA AND SERVICES;BR;51,7;Direto
CLI000893;MID MARKET;MANUFACTURING AND NATURAL RESOURCES;BR;31,6;Direto
CLI000894;MID MARKET;COMMUNICATIONS, MEDIA AND SERVICES;BR;47,6;Direto
CLI000895;LARGE ENTERPRISE;COMMUNICATIONS, MEDIA AND SERVICES;BR;26,8;Direto
CLI000896;LARGE ENTERPRISE;MANUFACTURING AND NATURAL RESOURCES;MX;35,3;Direto
CLI000899;PUBLIC SECTOR;EDUCATION;BR;65,3;Direto
CLI000900;MID MARKET;MANUFACTURING AND NATURAL RESOURCES;BR;59,2;Direto
CLI000901;MID MARKET;COMMUNICATIONS, MEDIA AND SERVICES;BR;26,7;Direto
CLI000902;MID MARKET;MANUFACTURING AND NATURAL RESOURCES;BR;39,8;Direto
CLI000904;GLOBAL ACCOUNT;COMMUNICATIONS, MEDIA AND SERVICES;BR;41,7;Direto
CLI000905;LARGE ENTERPRISE;INSURANCE;BR;63,4;Direto
CLI000907;PUBLIC SECTOR;COMMUNICATIONS, MEDIA AND SERVICES;BR;65,2;Direto
CLI000908;MID MARKET;RETAIL;BR;63,2;Direto
CLI000911;MID MARKET;BANKING AND INVESTMENT SERVICES;BR;26,7;Direto
CLI000912;GLOBAL ACCOUNT;MANUFACTURING AND NATURAL RESOURCES;BR;29,6;Direto
CLI000913;MID MARKET;COMMUNICATIONS, MEDIA AND SERVICES;BR;36,1;Direto
CLI000914;MID MARKET;TRANSPORTATION;BR;16,7;Direto
CLI000916;MID MARKET;MANUFACTURING AND NATURAL RESOURCES;BR;61,1;Direto
CLI000917;PUBLIC SECTOR;GOVERNMENT;BR;44,5;Direto
CLI000918;LARGE ENTERPRISE;COMMUNICATIONS, MEDIA AND SERVICES;BR;34,2;Direto
CLI000920;LARGE ENTERPRISE;BANKING AND INVESTMENT SERVICES;BR;26,6;Direto
CLI000921;STRATEGIC ACCOUNT;RETAIL;BR;39,4;Direto
CLI000922;MID MARKET;COMMUNICATIONS, MEDIA AND SERVICES;BR;54,4;Direto
CLI000923;MID MARKET;RETAIL;BR;26,6;Direto
CLI000927;PUBLIC SECTOR;GOVERNMENT;BR;47,5;Direto
CLI000928;MID MARKET;COMMUNICATIONS, MEDIA AND SERVICES;BR;26,5;Direto
CLI000929;PUBLIC SECTOR;GOVERNMENT;BR;26,5;Direto
CLI000930;GLOBAL ACCOUNT;WHOLESALE TRADE;BR;64,8;Direto
CLI000931;MID MARKET;MANUFACTURING AND NATURAL RESOURCES;BR;41,8;Direto
CLI000933;LARGE ENTERPRISE;WHOLESALE TRADE;BR;62,8;Direto
CLI000936;MID MARKET;COMMUNICATIONS, MEDIA AND SERVICES;BR;26,5;Direto
CLI000939;PUBLIC SECTOR;GOVERNMENT;BR;13,2;Direto
CLI000940;MID MARKET;MANUFACTURING AND NATURAL RESOURCES;BR;48,7;Direto
CLI000941;MID MARKET;COMMUNICATIONS, MEDIA AND SERVICES;BR;30,7;Direto
CLI000942;MID MARKET;COMMUNICATIONS, MEDIA AND SERVICES;BR;62,4;Direto
CLI000943;MID MARKET;RETAIL;BR;26,5;Direto
CLI000944;MID MARKET;COMMUNICATIONS, MEDIA AND SERVICES;BR;26,5;Direto
CLI000945;MID MARKET;MANUFACTURING AND NATURAL RESOURCES;BR;35,9;Direto
CLI000946;MID MARKET;MANUFACTURING AND NATURAL RESOURCES;BR;35,4;Direto
CLI000947;SMALL MARKET;POWER AND UTILITIES;BR;26,5;Direto
CLI000948;MID MARKET;MANUFACTURING AND NATURAL RESOURCES;BR;26,5;Direto
CLI000949;MID MARKET;RETAIL;BR;26,5;Direto
CLI000950;MID MARKET;MANUFACTURING AND NATURAL RESOURCES;BR;26,5;Direto
CLI000951;MID MARKET;COMMUNICATIONS, MEDIA AND SERVICES;BR;63,6;Direto
CLI000952;PUBLIC SECTOR;GOVERNMENT;BR;47,5;Direto
CLI000953;MID MARKET;COMMUNICATIONS, MEDIA AND SERVICES;BR;26,5;Direto
CLI000955;MID MARKET;MANUFACTURING AND NATURAL RESOURCES;BR;48,7;Direto
CLI000958;PUBLIC SECTOR;GOVERNMENT;BR;26,4;Direto
CLI000959;PUBLIC SECTOR;COMMUNICATIONS, MEDIA AND SERVICES;BR;42,3;Direto
CLI000960;MID MARKET;COMMUNICATIONS, MEDIA AND SERVICES;BR;40,3;Direto
CLI000961;MID MARKET;WHOLESALE TRADE;BR;51,9;Direto
CLI000962;PUBLIC SECTOR;GOVERNMENT;BR;20,7;Direto
CLI000963;MID MARKET;MANUFACTURING AND NATURAL RESOURCES;BR;54,0;Direto
CLI000964;MID MARKET;COMMUNICATIONS, MEDIA AND SERVICES;BR;26,4;Direto
CLI000965;PUBLIC SECTOR;GOVERNMENT;BR;26,4;Direto
CLI000966;MID MARKET;COMMUNICATIONS, MEDIA AND SERVICES;BR;26,4;Direto
CLI000967;MID MARKET;COMMUNICATIONS, MEDIA AND SERVICES;BR;20,7;Direto
CLI000968;PUBLIC SECTOR;EDUCATION;BR;65,5;Direto
CLI000969;LARGE ENTERPRISE;TRANSPORTATION;BR;63,8;Direto
CLI000970;LARGE ENTERPRISE;MANUFACTURING AND NATURAL RESOURCES;BR;26,4;Direto
CLI000971;MID MARKET;MANUFACTURING AND NATURAL RESOURCES;BR;38,6;Direto
CLI000973;MID MARKET;MANUFACTURING AND NATURAL RESOURCES;BR;26,4;Direto
CLI000974;LARGE ENTERPRISE;MANUFACTURING AND NATURAL RESOURCES;BR;61,7;Direto
CLI000976;STRATEGIC ACCOUNT;RETAIL;BR;51,9;Direto
CLI000977;LARGE ENTERPRISE;RETAIL;BR;50,8;Direto
CLI000978;MID MARKET;COMMUNICATIONS, MEDIA AND SERVICES;BR;60,3;Direto
CLI000979;LARGE ENTERPRISE;MANUFACTURING AND NATURAL RESOURCES;BR;61,7;Direto
CLI000980;MID MARKET;MANUFACTURING AND NATURAL RESOURCES;BR;26,3;Direto
CLI000981;LARGE ENTERPRISE;WHOLESALE TRADE;BR;26,3;Direto
CLI000982;PUBLIC SECTOR;COMMUNICATIONS, MEDIA AND SERVICES;BR;3,0;Direto
CLI000984;MID MARKET;OIL AND GAS;BR;52,7;Direto
CLI000985;MID MARKET;WHOLESALE TRADE;BR;26,3;Direto
CLI000986;MID MARKET;MANUFACTURING AND NATURAL RESOURCES;BR;29,3;Direto
CLI000987;MID MARKET;WHOLESALE TRADE;BR;26,3;Direto
CLI000988;MID MARKET;COMMUNICATIONS, MEDIA AND SERVICES;BR;26,3;Direto
CLI000989;MID MARKET;COMMUNICATIONS, MEDIA AND SERVICES;BR;39,6;Direto
CLI000992;MID MARKET;MANUFACTURING AND NATURAL RESOURCES;BR;55,6;Direto
CLI000994;MID MARKET;WHOLESALE TRADE;BR;26,3;Direto
CLI000995;MID MARKET;MANUFACTURING AND NATURAL RESOURCES;BR;54,1;Direto
CLI000996;MID MARKET;COMMUNICATIONS, MEDIA AND SERVICES;BR;52,5;Direto
CLI000997;MID MARKET;GOVERNMENT;BR;35,6;Direto
CLI001000;MID MARKET;RETAIL;BR;34,6;Direto
CLI001001;MID MARKET;INSURANCE;BR;26,3;Direto
CLI001003;MID MARKET;COMMUNICATIONS, MEDIA AND SERVICES;BR;26,3;Direto
CLI001004;MID MARKET;BANKING AND INVESTMENT SERVICES;BR;26,3;Direto
CLI001005;MID MARKET;HEALTHCARE AND LIFE SCIENCES;BR;35,4;Direto
CLI001007;LARGE ENTERPRISE;COMMUNICATIONS, MEDIA AND SERVICES;BR;48,6;Direto
CLI001008;MID MARKET;MANUFACTURING AND NATURAL RESOURCES;BR;34,5;Direto
CLI001009;MID MARKET;GOVERNMENT;BR;26,3;Direto
CLI001010;MID MARKET;WHOLESALE TRADE;BR;26,3;Direto
CLI001011;GLOBAL ACCOUNT;MANUFACTURING AND NATURAL RESOURCES;BR;30,4;Direto
CLI001012;PUBLIC SECTOR;GOVERNMENT;BR;26,3;Direto
CLI001013;LARGE ENTERPRISE;MANUFACTURING AND NATURAL RESOURCES;BR;47,5;Direto
CLI001016;LARGE ENTERPRISE;COMMUNICATIONS, MEDIA AND SERVICES;BR;26,3;Direto
CLI001017;LARGE ENTERPRISE;MANUFACTURING AND NATURAL RESOURCES;BR;26,3;Direto
CLI001018;SMALL MARKET;COMMUNICATIONS, MEDIA AND SERVICES;BR;26,3;Direto
CLI001020;MID MARKET;MANUFACTURING AND NATURAL RESOURCES;BR;40,0;Direto
CLI001022;MID MARKET;COMMUNICATIONS, MEDIA AND SERVICES;BR;38,5;Direto
CLI001023;SMALL MARKET;WHOLESALE TRADE;BR;34,0;Direto
CLI001024;LARGE ENTERPRISE;WHOLESALE TRADE;BR;65,3;Direto
CLI001025;LARGE ENTERPRISE;POWER AND UTILITIES;BR;26,3;Direto
CLI001027;LARGE ENTERPRISE;COMMUNICATIONS, MEDIA AND SERVICES;BR;26,3;Direto
CLI001028;GLOBAL ACCOUNT;MANUFACTURING AND NATURAL RESOURCES;BR;65,2;Direto
CLI001029;MID MARKET;WHOLESALE TRADE;BR;61,6;Direto
CLI001030;LARGE ENTERPRISE;MANUFACTURING AND NATURAL RESOURCES;BR;45,4;Direto
CLI001032;MID MARKET;MANUFACTURING AND NATURAL RESOURCES;BR;62,4;Direto
CLI001037;MID MARKET;MANUFACTURING AND NATURAL RESOURCES;BR;40,3;Direto
CLI001038;MID MARKET;COMMUNICATIONS, MEDIA AND SERVICES;BR;26,2;Direto
CLI001039;MID MARKET;TRANSPORTATION;BR;40,0;Direto
CLI001040;MID MARKET;INSURANCE;BR;26,2;Direto
CLI001041;MID MARKET;COMMUNICATIONS, MEDIA AND SERVICES;BR;65,6;Direto
CLI001042;STRATEGIC ACCOUNT;OIL AND GAS;BR;63,9;Direto
CLI001043;STRATEGIC ACCOUNT;BANKING AND INVESTMENT SERVICES;BR;56,9;Direto
CLI001044;PUBLIC SECTOR;GOVERNMENT;BR;33,0;Direto
CLI001045;MID MARKET;EDUCATION;BR;63,3;Direto
CLI001046;MID MARKET;COMMUNICATIONS, MEDIA AND SERVICES;BR;54,2;Direto
CLI001047;MID MARKET;EDUCATION;BR;26,2;Direto
CLI001048;LARGE ENTERPRISE;BANKING AND INVESTMENT SERVICES;BR;63,9;Direto
CLI001049;MID MARKET;COMMUNICATIONS, MEDIA AND SERVICES;BR;48,5;Direto
CLI001050;MID MARKET;COMMUNICATIONS, MEDIA AND SERVICES;BR;51,1;Direto
CLI001052;MID MARKET;MANUFACTURING AND NATURAL RESOURCES;BR;29,3;Direto
CLI001053;MID MARKET;WHOLESALE TRADE;BR;56,4;Direto
CLI001054;MID MARKET;COMMUNICATIONS, MEDIA AND SERVICES;BR;41,7;Direto
CLI001056;MID MARKET;MANUFACTURING AND NATURAL RESOURCES;BR;44,9;Direto
CLI001057;MID MARKET;MANUFACTURING AND NATURAL RESOURCES;BR;34,5;Direto
CLI001058;LARGE ENTERPRISE;MANUFACTURING AND NATURAL RESOURCES;BR;32,4;Direto
CLI001060;MID MARKET;MANUFACTURING AND NATURAL RESOURCES;BR;31,6;Direto
CLI001061;MID MARKET;COMMUNICATIONS, MEDIA AND SERVICES;BR;26,2;Direto
CLI001062;SMALL MARKET;COMMUNICATIONS, MEDIA AND SERVICES;BR;26,2;Direto
CLI001063;MID MARKET;HEALTHCARE AND LIFE SCIENCES;BR;26,2;Direto
CLI001064;LARGE ENTERPRISE;COMMUNICATIONS, MEDIA AND SERVICES;BR;26,2;Direto
CLI001065;GLOBAL ACCOUNT;MANUFACTURING AND NATURAL RESOURCES;BR;65,0;Direto
CLI001067;STRATEGIC ACCOUNT;RETAIL;BR;57,6;Direto
CLI001068;LARGE ENTERPRISE;COMMUNICATIONS, MEDIA AND SERVICES;BR;64,6;Direto
CLI001070;MID MARKET;WHOLESALE TRADE;BR;44,7;Direto
CLI001072;GLOBAL ACCOUNT;TRANSPORTATION;BR;53,9;Direto
CLI001074;MID MARKET;MANUFACTURING AND NATURAL RESOURCES;BR;26,1;Direto
CLI001075;MID MARKET;WHOLESALE TRADE;BR;26,1;Direto
CLI001076;MID MARKET;COMMUNICATIONS, MEDIA AND SERVICES;BR;31,4;Direto
CLI001077;LARGE ENTERPRISE;COMMUNICATIONS, MEDIA AND SERVICES;AR;63,2;Direto
CLI001078;LARGE ENTERPRISE;MANUFACTURING AND NATURAL RESOURCES;BR;49,2;Direto
CLI001079;MID MARKET;WHOLESALE TRADE;BR;65,3;Direto
CLI001080;MID MARKET;OIL AND GAS;BR;34,0;Direto
CLI001081;GLOBAL ACCOUNT;COMMUNICATIONS, MEDIA AND SERVICES;MX;57,2;Direto
CLI001082;GLOBAL ACCOUNT;MANUFACTURING AND NATURAL RESOURCES;BR;65,6;Direto
CLI001083;MID MARKET;COMMUNICATIONS, MEDIA AND SERVICES;BR;26,0;Direto
CLI001084;MID MARKET;MANUFACTURING AND NATURAL RESOURCES;BR;59,6;Direto
CLI001085;GLOBAL ACCOUNT;MANUFACTURING AND NATURAL RESOURCES;BR;65,5;Direto
CLI001086;MID MARKET;RETAIL;BR;33,0;Direto
CLI001087;MID MARKET;INSURANCE;BR;38,1;Direto
CLI001088;MID MARKET;COMMUNICATIONS, MEDIA AND SERVICES;BR;26,0;Direto
CLI001090;GLOBAL ACCOUNT;COMMUNICATIONS, MEDIA AND SERVICES;BR;65,5;Direto
CLI001091;MID MARKET;COMMUNICATIONS, MEDIA AND SERVICES;BR;41,7;Direto
CLI001092;GLOBAL ACCOUNT;BANKING AND INVESTMENT SERVICES;MX;18,6;Direto
CLI001093;MID MARKET;WHOLESALE TRADE;BR;15,8;Direto
CLI001094;GLOBAL ACCOUNT;MANUFACTURING AND NATURAL RESOURCES;BR;65,4;Direto
CLI001096;MID MARKET;HEALTHCARE AND LIFE SCIENCES;BR;52,1;Direto
CLI001097;MID MARKET;RETAIL;BR;25,8;Direto
CLI001098;MID MARKET;COMMUNICATIONS, MEDIA AND SERVICES;BR;25,8;Direto
CLI001099;LARGE ENTERPRISE;TRANSPORTATION;BR;63,1;Direto
CLI001100;GLOBAL ACCOUNT;COMMUNICATIONS, MEDIA AND SERVICES;BR;64,6;Direto
CLI001101;PUBLIC SECTOR;GOVERNMENT;BR;49,4;Direto
CLI001102;MID MARKET;WHOLESALE TRADE;BR;65,5;Direto
CLI001104;MID MARKET;MANUFACTURING AND NATURAL RESOURCES;BR;42,0;Direto
CLI001105;MID MARKET;MANUFACTURING AND NATURAL RESOURCES;BR;25,8;Direto
CLI001106;MID MARKET;COMMUNICATIONS, MEDIA AND SERVICES;BR;49,0;Direto
CLI001107;LARGE ENTERPRISE;COMMUNICATIONS, MEDIA AND SERVICES;BR;64,7;Direto
CLI001108;MID MARKET;WHOLESALE TRADE;BR;56,7;Direto
CLI001109;MID MARKET;BANKING AND INVESTMENT SERVICES;BR;39,0;Direto
CLI001110;MID MARKET;MANUFACTURING AND NATURAL RESOURCES;BR;25,7;Direto
CLI001111;MID MARKET;MANUFACTURING AND NATURAL RESOURCES;BR;25,7;Direto
CLI001112;LARGE ENTERPRISE;RETAIL;BR;52,1;Direto
CLI001113;MID MARKET;TRANSPORTATION;BR;25,7;Direto
CLI001115;GLOBAL ACCOUNT;COMMUNICATIONS, MEDIA AND SERVICES;BR;63,6;Direto
CLI001117;LARGE ENTERPRISE;INSURANCE;BR;31,2;Direto
CLI001118;MID MARKET;TRANSPORTATION;BR;26,3;Direto
CLI001119;MID MARKET;MANUFACTURING AND NATURAL RESOURCES;BR;25,6;Direto
CLI001120;MID MARKET;POWER AND UTILITIES;BR;33,9;Direto
CLI001122;GLOBAL ACCOUNT;BANKING AND INVESTMENT SERVICES;CO;61,1;Direto
CLI001123;PUBLIC SECTOR;COMMUNICATIONS, MEDIA AND SERVICES;BR;25,6;Direto
CLI001124;PUBLIC SECTOR;POWER AND UTILITIES;BR;64,8;Direto
CLI001125;MID MARKET;MANUFACTURING AND NATURAL RESOURCES;BR;58,9;Direto
CLI001126;MID MARKET;COMMUNICATIONS, MEDIA AND SERVICES;BR;25,6;Direto
CLI001128;LARGE ENTERPRISE;COMMUNICATIONS, MEDIA AND SERVICES;BR;60,5;Direto
CLI001129;MID MARKET;WHOLESALE TRADE;BR;48,0;Direto
CLI001130;MID MARKET;RETAIL;BR;25,6;Direto
CLI001131;MID MARKET;COMMUNICATIONS, MEDIA AND SERVICES;BR;25,6;Direto
CLI001132;PUBLIC SECTOR;HEALTHCARE AND LIFE SCIENCES;BR;25,6;Direto
CLI001133;GLOBAL ACCOUNT;MANUFACTURING AND NATURAL RESOURCES;BR;62,8;Direto
CLI001134;MID MARKET;EDUCATION;BR;25,6;Direto
CLI001135;LARGE ENTERPRISE;COMMUNICATIONS, MEDIA AND SERVICES;BR;25,6;Direto
CLI001136;MID MARKET;COMMUNICATIONS, MEDIA AND SERVICES;BR;35,9;Direto
CLI001137;MID MARKET;TRANSPORTATION;BR;25,6;Direto
CLI001139;MID MARKET;MANUFACTURING AND NATURAL RESOURCES;BR;60,4;Direto
CLI001140;MID MARKET;COMMUNICATIONS, MEDIA AND SERVICES;BR;25,5;Direto
CLI001141;MID MARKET;RETAIL;BR;41,0;Direto
CLI001142;MID MARKET;RETAIL;BR;25,5;Direto
CLI001143;LARGE ENTERPRISE;RETAIL;BR;25,4;Direto
CLI001144;MID MARKET;COMMUNICATIONS, MEDIA AND SERVICES;BR;64,3;Direto
CLI001145;MID MARKET;COMMUNICATIONS, MEDIA AND SERVICES;BR;61,3;Direto
CLI001146;MID MARKET;RETAIL;BR;50,9;Direto
CLI001147;LARGE ENTERPRISE;POWER AND UTILITIES;BR;17,2;Direto
CLI001148;MID MARKET;COMMUNICATIONS, MEDIA AND SERVICES;BR;25,4;Direto
CLI001150;MID MARKET;MANUFACTURING AND NATURAL RESOURCES;BR;49,8;Direto
CLI001151;MID MARKET;WHOLESALE TRADE;BR;48,1;Direto
CLI001152;MID MARKET;COMMUNICATIONS, MEDIA AND SERVICES;BR;25,4;Direto
CLI001153;MID MARKET;TRANSPORTATION;BR;49,6;Direto
CLI001154;MID MARKET;MANUFACTURING AND NATURAL RESOURCES;BR;25,4;Direto
CLI001155;MID MARKET;POWER AND UTILITIES;BR;52,7;Direto
CLI001156;MID MARKET;COMMUNICATIONS, MEDIA AND SERVICES;BR;25,4;Direto
CLI001157;MID MARKET;MANUFACTURING AND NATURAL RESOURCES;BR;25,4;Direto
CLI001160;MID MARKET;COMMUNICATIONS, MEDIA AND SERVICES;BR;40,3;Direto
CLI001161;MID MARKET;COMMUNICATIONS, MEDIA AND SERVICES;BR;18,3;Direto
CLI001162;MID MARKET;COMMUNICATIONS, MEDIA AND SERVICES;BR;25,4;Direto
CLI001164;SMALL MARKET;COMMUNICATIONS, MEDIA AND SERVICES;BR;25,4;Direto
CLI001165;PUBLIC SECTOR;GOVERNMENT;BR;32,8;Direto
CLI001166;PUBLIC SECTOR;EDUCATION;BR;64,8;Direto
CLI001167;MID MARKET;COMMUNICATIONS, MEDIA AND SERVICES;BR;55,5;Direto
CLI001168;MID MARKET;MANUFACTURING AND NATURAL RESOURCES;BR;25,4;Direto
CLI001169;LARGE ENTERPRISE;WHOLESALE TRADE;BR;32,6;Direto
CLI001171;LARGE ENTERPRISE;COMMUNICATIONS, MEDIA AND SERVICES;BR;25,4;Direto
CLI001172;PUBLIC SECTOR;EDUCATION;BR;52,7;Direto
CLI001173;LARGE ENTERPRISE;MANUFACTURING AND NATURAL RESOURCES;BR;9,7;Direto
CLI001174;MID MARKET;EDUCATION;BR;25,4;Direto
CLI001175;MID MARKET;MANUFACTURING AND NATURAL RESOURCES;BR;25,4;Direto
CLI001176;MID MARKET;MANUFACTURING AND NATURAL RESOURCES;BR;59,0;Direto
CLI001177;MID MARKET;COMMUNICATIONS, MEDIA AND SERVICES;BR;65,0;Direto
CLI001178;MID MARKET;COMMUNICATIONS, MEDIA AND SERVICES;BR;40,6;Direto
CLI001179;MID MARKET;MANUFACTURING AND NATURAL RESOURCES;BR;52,2;Direto
CLI001180;PUBLIC SECTOR;COMMUNICATIONS, MEDIA AND SERVICES;BR;34,2;Direto
CLI001181;MID MARKET;WHOLESALE TRADE;BR;34,7;Direto
CLI001183;MID MARKET;COMMUNICATIONS, MEDIA AND SERVICES;BR;42,6;Direto
CLI001184;MID MARKET;MANUFACTURING AND NATURAL RESOURCES;BR;52,6;Direto
CLI001185;MID MARKET;COMMUNICATIONS, MEDIA AND SERVICES;BR;25,4;Direto
CLI001186;MID MARKET;COMMUNICATIONS, MEDIA AND SERVICES;BR;25,4;Direto
CLI001187;GLOBAL ACCOUNT;COMMUNICATIONS, MEDIA AND SERVICES;BR;63,9;Direto
CLI001188;LARGE ENTERPRISE;MANUFACTURING AND NATURAL RESOURCES;BR;64,9;Direto
CLI001190;MID MARKET;COMMUNICATIONS, MEDIA AND SERVICES;BR;25,3;Direto
CLI001191;MID MARKET;WHOLESALE TRADE;BR;53,4;Direto
CLI001192;MID MARKET;WHOLESALE TRADE;BR;25,3;Direto
CLI001193;GLOBAL ACCOUNT;WHOLESALE TRADE;BR;30,0;Direto
CLI001194;GLOBAL ACCOUNT;COMMUNICATIONS, MEDIA AND SERVICES;BR;64,6;Direto
CLI001195;MID MARKET;WHOLESALE TRADE;BR;29,8;Direto
CLI001196;MID MARKET;OIL AND GAS;BR;37,6;Direto
CLI001197;MID MARKET;RETAIL;BR;25,3;Direto
CLI001198;MID MARKET;COMMUNICATIONS, MEDIA AND SERVICES;BR;25,3;Direto
CLI001200;MID MARKET;EDUCATION;BR;25,3;Direto
CLI001201;MID MARKET;RETAIL;BR;25,3;Direto
CLI001202;MID MARKET;EDUCATION;BR;25,3;Direto
CLI001203;LARGE ENTERPRISE;MANUFACTURING AND NATURAL RESOURCES;BR;25,3;Direto
CLI001204;MID MARKET;INSURANCE;BR;25,3;Direto
CLI001205;MID MARKET;EDUCATION;BR;25,3;Direto
CLI001206;LARGE ENTERPRISE;COMMUNICATIONS, MEDIA AND SERVICES;BR;60,5;Direto
CLI001207;LARGE ENTERPRISE;INSURANCE;BR;57,4;Direto
CLI001208;MID MARKET;HEALTHCARE AND LIFE SCIENCES;BR;25,2;Direto
CLI001209;MID MARKET;HEALTHCARE AND LIFE SCIENCES;BR;25,2;Direto
CLI001210;MID MARKET;INSURANCE;BR;37,5;Direto
CLI001211;MID MARKET;BANKING AND INVESTMENT SERVICES;BR;25,2;Direto
CLI001212;SMALL MARKET;WHOLESALE TRADE;BR;25,2;Direto
CLI001213;MID MARKET;HEALTHCARE AND LIFE SCIENCES;BR;25,2;Direto
CLI001214;MID MARKET;COMMUNICATIONS, MEDIA AND SERVICES;BR;25,2;Direto
CLI001215;MID MARKET;COMMUNICATIONS, MEDIA AND SERVICES;BR;25,2;Direto
CLI001217;LARGE ENTERPRISE;MANUFACTURING AND NATURAL RESOURCES;BR;63,4;Direto
CLI001218;LARGE ENTERPRISE;COMMUNICATIONS, MEDIA AND SERVICES;BR;47,6;Direto
CLI001219;SMALL MARKET;BANKING AND INVESTMENT SERVICES;BR;25,2;Direto
CLI001220;MID MARKET;COMMUNICATIONS, MEDIA AND SERVICES;BR;25,2;Direto
CLI001222;MID MARKET;RETAIL;BR;25,2;Direto
CLI001223;MID MARKET;COMMUNICATIONS, MEDIA AND SERVICES;BR;58,0;Direto
CLI001224;MID MARKET;INSURANCE;BR;35,8;Direto
CLI001225;GLOBAL ACCOUNT;MANUFACTURING AND NATURAL RESOURCES;CO;57,0;Direto
CLI001227;GLOBAL ACCOUNT;MANUFACTURING AND NATURAL RESOURCES;BR;63,7;Direto
CLI001228;MID MARKET;COMMUNICATIONS, MEDIA AND SERVICES;BR;15,6;Direto
CLI001229;LARGE ENTERPRISE;RETAIL;BR;12,1;Direto
CLI001230;GLOBAL ACCOUNT;COMMUNICATIONS, MEDIA AND SERVICES;BR;25,1;Direto
CLI001232;MID MARKET;RETAIL;BR;25,1;Direto
CLI001233;MID MARKET;WHOLESALE TRADE;BR;24,9;Direto
CLI001237;MID MARKET;COMMUNICATIONS, MEDIA AND SERVICES;BR;61,8;Direto
CLI001238;MID MARKET;HEALTHCARE AND LIFE SCIENCES;BR;25,1;Direto
CLI001240;MID MARKET;COMMUNICATIONS, MEDIA AND SERVICES;BR;46,2;Direto
CLI001241;PUBLIC SECTOR;GOVERNMENT;BR;25,1;Direto
CLI001242;LARGE ENTERPRISE;COMMUNICATIONS, MEDIA AND SERVICES;BR;31,9;Direto
CLI001243;MID MARKET;COMMUNICATIONS, MEDIA AND SERVICES;BR;25,1;Direto
CLI001244;MID MARKET;MANUFACTURING AND NATURAL RESOURCES;BR;25,1;Direto
CLI001247;MID MARKET;COMMUNICATIONS, MEDIA AND SERVICES;BR;46,2;Direto
CLI001248;PUBLIC SECTOR;POWER AND UTILITIES;BR;23,0;Direto
CLI001250;MID MARKET;WHOLESALE TRADE;BR;10,2;Direto
CLI001251;MID MARKET;COMMUNICATIONS, MEDIA AND SERVICES;BR;25,1;Direto
CLI001254;MID MARKET;COMMUNICATIONS, MEDIA AND SERVICES;BR;25,1;Direto
CLI001255;GLOBAL ACCOUNT;MANUFACTURING AND NATURAL RESOURCES;CO;22,8;Direto
CLI001257;MID MARKET;MANUFACTURING AND NATURAL RESOURCES;BR;58,3;Direto
CLI001258;MID MARKET;MANUFACTURING AND NATURAL RESOURCES;BR;63,6;Direto
CLI001259;LARGE ENTERPRISE;MANUFACTURING AND NATURAL RESOURCES;BR;25,0;Direto
CLI001260;MID MARKET;COMMUNICATIONS, MEDIA AND SERVICES;BR;25,0;Direto
CLI001261;MID MARKET;COMMUNICATIONS, MEDIA AND SERVICES;BR;35,1;Direto
CLI001262;MID MARKET;COMMUNICATIONS, MEDIA AND SERVICES;BR;25,0;Direto
CLI001263;MID MARKET;COMMUNICATIONS, MEDIA AND SERVICES;BR;25,0;Direto
CLI001264;LARGE ENTERPRISE;INSURANCE;BR;65,1;Direto
CLI001265;LARGE ENTERPRISE;MANUFACTURING AND NATURAL RESOURCES;BR;65,3;Direto
CLI001266;LARGE ENTERPRISE;COMMUNICATIONS, MEDIA AND SERVICES;BR;42,8;Direto
CLI001267;LARGE ENTERPRISE;MANUFACTURING AND NATURAL RESOURCES;BR;25,0;Direto
CLI001268;SMALL MARKET;COMMUNICATIONS, MEDIA AND SERVICES;BR;25,0;Direto
CLI001269;LARGE ENTERPRISE;INSURANCE;BR;25,0;Direto
CLI001271;LARGE ENTERPRISE;MANUFACTURING AND NATURAL RESOURCES;BR;25,0;Direto
CLI001272;GLOBAL ACCOUNT;WHOLESALE TRADE;BR;25,0;Direto
CLI001274;STRATEGIC ACCOUNT;RETAIL;BR;65,1;Direto
CLI001275;MID MARKET;MANUFACTURING AND NATURAL RESOURCES;BR;39,8;Direto
CLI001276;LARGE ENTERPRISE;WHOLESALE TRADE;BR;64,7;Direto
CLI001277;MID MARKET;MANUFACTURING AND NATURAL RESOURCES;BR;44,3;Direto
CLI001278;MID MARKET;BANKING AND INVESTMENT SERVICES;BR;62,7;Direto
CLI001279;LARGE ENTERPRISE;WHOLESALE TRADE;BR;47,7;Direto
CLI001280;MID MARKET;COMMUNICATIONS, MEDIA AND SERVICES;BR;65,5;Direto
CLI001282;LARGE ENTERPRISE;MANUFACTURING AND NATURAL RESOURCES;BR;24,9;Direto
CLI001283;MID MARKET;WHOLESALE TRADE;BR;52,6;Direto
CLI001284;PUBLIC SECTOR;EDUCATION;BR;64,3;Direto
CLI001285;MID MARKET;TRANSPORTATION;BR;32,8;Direto
CLI001286;MID MARKET;WHOLESALE TRADE;BR;52,7;Direto
CLI001287;MID MARKET;WHOLESALE TRADE;BR;34,2;Direto
CLI001288;MID MARKET;COMMUNICATIONS, MEDIA AND SERVICES;BR;24,9;Direto
CLI001289;MID MARKET;INSURANCE;BR;24,9;Direto
CLI001290;MID MARKET;MANUFACTURING AND NATURAL RESOURCES;BR;30,5;Direto
CLI001291;LARGE ENTERPRISE;RETAIL;BR;39,4;Direto
CLI001292;MID MARKET;WHOLESALE TRADE;BR;24,9;Direto
CLI001293;MID MARKET;COMMUNICATIONS, MEDIA AND SERVICES;BR;24,9;Direto
CLI001294;MID MARKET;COMMUNICATIONS, MEDIA AND SERVICES;BR;34,2;Direto
CLI001295;MID MARKET;MANUFACTURING AND NATURAL RESOURCES;BR;24,9;Direto
CLI001296;MID MARKET;MANUFACTURING AND NATURAL RESOURCES;BR;24,9;Direto
CLI001297;SMALL MARKET;RETAIL;BR;24,9;Direto
CLI001298;STRATEGIC ACCOUNT;BANKING AND INVESTMENT SERVICES;BR;64,4;Direto
CLI001300;MID MARKET;COMMUNICATIONS, MEDIA AND SERVICES;BR;58,0;Direto
CLI001302;SMALL MARKET;COMMUNICATIONS, MEDIA AND SERVICES;BR;24,9;Direto
CLI001303;MID MARKET;RETAIL;BR;48,0;Direto
CLI001306;GLOBAL ACCOUNT;MANUFACTURING AND NATURAL RESOURCES;BR;54,9;Direto
CLI001307;GLOBAL ACCOUNT;WHOLESALE TRADE;BR;55,2;Direto
CLI001308;MID MARKET;TRANSPORTATION;BR;41,2;Direto
CLI001309;MID MARKET;COMMUNICATIONS, MEDIA AND SERVICES;BR;24,8;Direto
CLI001311;MID MARKET;COMMUNICATIONS, MEDIA AND SERVICES;BR;24,8;Direto
CLI001312;MID MARKET;MANUFACTURING AND NATURAL RESOURCES;BR;42,9;Direto
CLI001313;SMALL MARKET;COMMUNICATIONS, MEDIA AND SERVICES;BR;24,8;Direto
CLI001314;MID MARKET;COMMUNICATIONS, MEDIA AND SERVICES;BR;24,8;Direto
CLI001315;GLOBAL ACCOUNT;MANUFACTURING AND NATURAL RESOURCES;BR;62,9;Direto
CLI001316;LARGE ENTERPRISE;MANUFACTURING AND NATURAL RESOURCES;BR;42,0;Direto
CLI001321;GLOBAL ACCOUNT;MANUFACTURING AND NATURAL RESOURCES;BR;62,7;Direto
CLI001322;SMALL MARKET;COMMUNICATIONS, MEDIA AND SERVICES;BR;60,1;Direto
CLI001323;MID MARKET;COMMUNICATIONS, MEDIA AND SERVICES;BR;24,7;Direto
CLI001324;MID MARKET;BANKING AND INVESTMENT SERVICES;BR;53,2;Direto
CLI001325;MID MARKET;MANUFACTURING AND NATURAL RESOURCES;BR;34,5;Direto
CLI001327;PUBLIC SECTOR;EDUCATION;BR;24,7;Direto
CLI001328;MID MARKET;WHOLESALE TRADE;BR;64,6;Direto
CLI001329;MID MARKET;MANUFACTURING AND NATURAL RESOURCES;BR;54,1;Direto
CLI001330;SMALL MARKET;RETAIL;BR;24,7;Direto
CLI001331;MID MARKET;COMMUNICATIONS, MEDIA AND SERVICES;BR;24,7;Direto
CLI001332;MID MARKET;TRANSPORTATION;BR;43,6;Direto
CLI001333;MID MARKET;MANUFACTURING AND NATURAL RESOURCES;BR;24,7;Direto
CLI001334;MID MARKET;POWER AND UTILITIES;BR;24,7;Direto
CLI001338;MID MARKET;COMMUNICATIONS, MEDIA AND SERVICES;BR;24,7;Direto
CLI001339;MID MARKET;WHOLESALE TRADE;BR;24,7;Direto
CLI001340;MID MARKET;TRANSPORTATION;BR;40,9;Direto
CLI001341;MID MARKET;COMMUNICATIONS, MEDIA AND SERVICES;BR;24,7;Direto
CLI001343;GLOBAL ACCOUNT;MANUFACTURING AND NATURAL RESOURCES;CO;60,3;Direto
CLI001344;PUBLIC SECTOR;EDUCATION;BR;24,6;Direto
CLI001345;LARGE ENTERPRISE;MANUFACTURING AND NATURAL RESOURCES;BR;57,3;Direto
CLI001346;LARGE ENTERPRISE;COMMUNICATIONS, MEDIA AND SERVICES;BR;27,7;Direto
CLI001347;PUBLIC SECTOR;GOVERNMENT;BR;63,9;Direto
CLI001349;LARGE ENTERPRISE;COMMUNICATIONS, MEDIA AND SERVICES;BR;64,5;Direto
CLI001350;MID MARKET;COMMUNICATIONS, MEDIA AND SERVICES;BR;24,6;Direto
CLI001351;MID MARKET;MANUFACTURING AND NATURAL RESOURCES;BR;56,4;Direto
CLI001352;MID MARKET;EDUCATION;BR;61,5;Direto
CLI001353;MID MARKET;INSURANCE;BR;44,9;Direto
CLI001354;MID MARKET;RETAIL;BR;33,9;Direto
CLI001355;MID MARKET;COMMUNICATIONS, MEDIA AND SERVICES;BR;65,3;Direto
CLI001356;MID MARKET;COMMUNICATIONS, MEDIA AND SERVICES;BR;50,3;Direto
CLI001357;MID MARKET;COMMUNICATIONS, MEDIA AND SERVICES;BR;29,3;Direto
CLI001358;MID MARKET;RETAIL;BR;24,6;Direto
CLI001359;MID MARKET;COMMUNICATIONS, MEDIA AND SERVICES;BR;24,6;Direto
CLI001360;MID MARKET;INSURANCE;BR;24,6;Direto
CLI001361;MID MARKET;MANUFACTURING AND NATURAL RESOURCES;BR;24,6;Direto
CLI001362;MID MARKET;MANUFACTURING AND NATURAL RESOURCES;BR;41,7;Direto
CLI001363;MID MARKET;COMMUNICATIONS, MEDIA AND SERVICES;BR;45,7;Direto
CLI001364;MID MARKET;WHOLESALE TRADE;BR;64,3;Direto
CLI001365;LARGE ENTERPRISE;RETAIL;BR;24,6;Direto
CLI001366;MID MARKET;MANUFACTURING AND NATURAL RESOURCES;BR;24,6;Direto
CLI001367;SMALL MARKET;COMMUNICATIONS, MEDIA AND SERVICES;BR;24,6;Direto
CLI001368;MID MARKET;POWER AND UTILITIES;BR;24,6;Direto
CLI001369;MID MARKET;MANUFACTURING AND NATURAL RESOURCES;BR;24,6;Direto
CLI001370;LARGE ENTERPRISE;MANUFACTURING AND NATURAL RESOURCES;BR;63,7;Direto
CLI001372;MID MARKET;COMMUNICATIONS, MEDIA AND SERVICES;BR;24,5;Direto
CLI001373;LARGE ENTERPRISE;MANUFACTURING AND NATURAL RESOURCES;BR;55,5;Direto
CLI001375;MID MARKET;WHOLESALE TRADE;BR;24,5;Direto
CLI001376;MID MARKET;MANUFACTURING AND NATURAL RESOURCES;BR;24,5;Direto
CLI001377;MID MARKET;COMMUNICATIONS, MEDIA AND SERVICES;BR;24,5;Direto
CLI001378;MID MARKET;COMMUNICATIONS, MEDIA AND SERVICES;BR;24,5;Direto
CLI001379;GLOBAL ACCOUNT;COMMUNICATIONS, MEDIA AND SERVICES;BR;63,8;Direto
CLI001381;LARGE ENTERPRISE;COMMUNICATIONS, MEDIA AND SERVICES;BR;58,1;Direto
CLI001382;MID MARKET;MANUFACTURING AND NATURAL RESOURCES;BR;24,4;Direto
CLI001384;MID MARKET;MANUFACTURING AND NATURAL RESOURCES;BR;35,3;Direto
CLI001386;MID MARKET;COMMUNICATIONS, MEDIA AND SERVICES;BR;64,5;Direto
CLI001387;MID MARKET;COMMUNICATIONS, MEDIA AND SERVICES;BR;35,9;Direto
CLI001388;MID MARKET;COMMUNICATIONS, MEDIA AND SERVICES;BR;32,9;Direto
CLI001389;MID MARKET;COMMUNICATIONS, MEDIA AND SERVICES;BR;24,4;Direto
CLI001390;MID MARKET;RETAIL;BR;49,7;Direto
CLI001391;LARGE ENTERPRISE;MANUFACTURING AND NATURAL RESOURCES;BR;24,4;Direto
CLI001392;MID MARKET;MANUFACTURING AND NATURAL RESOURCES;BR;24,4;Direto
CLI001393;MID MARKET;COMMUNICATIONS, MEDIA AND SERVICES;BR;46,8;Direto
CLI001394;LARGE ENTERPRISE;POWER AND UTILITIES;BR;46,4;Direto
CLI001395;MID MARKET;MANUFACTURING AND NATURAL RESOURCES;BR;33,8;Direto
CLI001396;LARGE ENTERPRISE;MANUFACTURING AND NATURAL RESOURCES;BR;24,4;Direto
CLI001397;MID MARKET;RETAIL;BR;24,4;Direto
CLI001400;MID MARKET;WHOLESALE TRADE;BR;24,3;Direto
CLI001401;LARGE ENTERPRISE;MANUFACTURING AND NATURAL RESOURCES;BR;63,4;Direto
CLI001403;MID MARKET;COMMUNICATIONS, MEDIA AND SERVICES;BR;43,3;Direto
CLI001405;MID MARKET;COMMUNICATIONS, MEDIA AND SERVICES;BR;24,3;Direto
CLI001406;GLOBAL ACCOUNT;COMMUNICATIONS, MEDIA AND SERVICES;BR;41,3;Direto
CLI001408;MID MARKET;COMMUNICATIONS, MEDIA AND SERVICES;BR;24,2;Direto
CLI001409;MID MARKET;COMMUNICATIONS, MEDIA AND SERVICES;BR;58,0;Direto
CLI001410;MID MARKET;COMMUNICATIONS, MEDIA AND SERVICES;BR;37,3;Direto
CLI001411;LARGE ENTERPRISE;HEALTHCARE AND LIFE SCIENCES;BR;59,5;Direto
CLI001412;LARGE ENTERPRISE;RETAIL;BR;24,2;Direto
CLI001413;LARGE ENTERPRISE;MANUFACTURING AND NATURAL RESOURCES;BR;36,6;Direto
CLI001414;MID MARKET;COMMUNICATIONS, MEDIA AND SERVICES;BR;29,4;Direto
CLI001415;MID MARKET;MANUFACTURING AND NATURAL RESOURCES;BR;32,8;Direto
CLI001416;LARGE ENTERPRISE;COMMUNICATIONS, MEDIA AND SERVICES;BR;42,5;Direto
CLI001417;MID MARKET;COMMUNICATIONS, MEDIA AND SERVICES;BR;33,0;Direto
CLI001418;GLOBAL ACCOUNT;MANUFACTURING AND NATURAL RESOURCES;MX;48,4;Direto
CLI001419;GLOBAL ACCOUNT;INSURANCE;BR;29,6;Direto
CLI001421;PUBLIC SECTOR;EDUCATION;BR;23,3;Direto
CLI001422;MID MARKET;RETAIL;BR;31,0;Direto
CLI001423;LARGE ENTERPRISE;MANUFACTURING AND NATURAL RESOURCES;BR;24,1;Direto
CLI001426;MID MARKET;COMMUNICATIONS, MEDIA AND SERVICES;BR;44,7;Direto
CLI001427;MID MARKET;COMMUNICATIONS, MEDIA AND SERVICES;BR;24,1;Direto
CLI001428;SMALL MARKET;MANUFACTURING AND NATURAL RESOURCES;BR;50,1;Direto
CLI001429;PUBLIC SECTOR;GOVERNMENT;BR;23,3;Direto
CLI001430;MID MARKET;COMMUNICATIONS, MEDIA AND SERVICES;BR;49,7;Direto
CLI001431;MID MARKET;TRANSPORTATION;BR;37,2;Direto
CLI001433;MID MARKET;RETAIL;BR;47,8;Direto
CLI001434;LARGE ENTERPRISE;MANUFACTURING AND NATURAL RESOURCES;BR;24,1;Direto
CLI001435;MID MARKET;COMMUNICATIONS, MEDIA AND SERVICES;BR;48,5;Direto
CLI001436;MID MARKET;COMMUNICATIONS, MEDIA AND SERVICES;BR;24,1;Direto
CLI001437;MID MARKET;WHOLESALE TRADE;BR;24,1;Direto
CLI001438;MID MARKET;WHOLESALE TRADE;BR;24,1;Direto
CLI001439;SMALL MARKET;HEALTHCARE AND LIFE SCIENCES;BR;24,1;Direto
CLI001441;MID MARKET;WHOLESALE TRADE;BR;24,0;Direto
CLI001443;MID MARKET;MANUFACTURING AND NATURAL RESOURCES;BR;24,0;Direto
CLI001444;LARGE ENTERPRISE;MANUFACTURING AND NATURAL RESOURCES;BR;65,5;Direto
CLI001445;MID MARKET;TRANSPORTATION;BR;37,0;Direto
CLI001446;LARGE ENTERPRISE;WHOLESALE TRADE;BR;34,3;Direto
CLI001447;MID MARKET;BANKING AND INVESTMENT SERVICES;BR;24,0;Direto
CLI001452;GLOBAL ACCOUNT;MANUFACTURING AND NATURAL RESOURCES;BR;32,1;Direto
CLI001453;MID MARKET;MANUFACTURING AND NATURAL RESOURCES;BR;57,8;Direto
CLI001454;MID MARKET;COMMUNICATIONS, MEDIA AND SERVICES;BR;24,0;Direto
CLI001455;MID MARKET;RETAIL;BR;46,8;Direto
CLI001456;PUBLIC SECTOR;GOVERNMENT;BR;44,8;Direto
CLI001457;MID MARKET;RETAIL;BR;23,9;Direto
CLI001458;LARGE ENTERPRISE;RETAIL;BR;55,0;Direto
CLI001459;MID MARKET;RETAIL;BR;23,9;Direto
CLI001460;MID MARKET;COMMUNICATIONS, MEDIA AND SERVICES;BR;23,9;Direto
CLI001461;MID MARKET;MANUFACTURING AND NATURAL RESOURCES;BR;23,9;Direto
CLI001464;MID MARKET;MANUFACTURING AND NATURAL RESOURCES;BR;64,5;Direto
CLI001465;MID MARKET;MANUFACTURING AND NATURAL RESOURCES;BR;62,1;Direto
CLI001466;MID MARKET;BANKING AND INVESTMENT SERVICES;BR;23,9;Direto
CLI001467;MID MARKET;COMMUNICATIONS, MEDIA AND SERVICES;BR;23,9;Direto
CLI001468;MID MARKET;COMMUNICATIONS, MEDIA AND SERVICES;BR;23,9;Direto
CLI001469;MID MARKET;RETAIL;BR;23,9;Direto
CLI001470;LARGE ENTERPRISE;RETAIL;BR;23,9;Direto
CLI001471;SMALL MARKET;RETAIL;BR;23,9;Direto
CLI001472;LARGE ENTERPRISE;MANUFACTURING AND NATURAL RESOURCES;BR;23,8;Direto
CLI001474;MID MARKET;MANUFACTURING AND NATURAL RESOURCES;BR;23,8;Direto
CLI001475;MID MARKET;BANKING AND INVESTMENT SERVICES;BR;23,8;Direto
CLI001476;MID MARKET;COMMUNICATIONS, MEDIA AND SERVICES;BR;44,0;Direto
CLI001478;MID MARKET;MANUFACTURING AND NATURAL RESOURCES;BR;53,5;Direto
CLI001479;MID MARKET;WHOLESALE TRADE;BR;23,8;Direto
CLI001482;MID MARKET;RETAIL;BR;23,8;Direto
CLI001483;MID MARKET;HEALTHCARE AND LIFE SCIENCES;BR;23,8;Direto
CLI001484;MID MARKET;WHOLESALE TRADE;BR;23,8;Direto
CLI001485;MID MARKET;MANUFACTURING AND NATURAL RESOURCES;BR;23,8;Direto
CLI001486;MID MARKET;COMMUNICATIONS, MEDIA AND SERVICES;BR;23,8;Direto
CLI001487;MID MARKET;RETAIL;BR;39,5;Direto
CLI001488;MID MARKET;RETAIL;BR;42,6;Direto
CLI001489;MID MARKET;WHOLESALE TRADE;BR;41,4;Direto
CLI001490;MID MARKET;WHOLESALE TRADE;BR;40,1;Direto
CLI001491;MID MARKET;MANUFACTURING AND NATURAL RESOURCES;BR;30,5;Direto
CLI001492;MID MARKET;COMMUNICATIONS, MEDIA AND SERVICES;BR;31,0;Direto
CLI001493;MID MARKET;RETAIL;BR;23,8;Direto
CLI001494;MID MARKET;MANUFACTURING AND NATURAL RESOURCES;BR;23,8;Direto
CLI001496;LARGE ENTERPRISE;COMMUNICATIONS, MEDIA AND SERVICES;BR;23,8;Direto
CLI001497;LARGE ENTERPRISE;MANUFACTURING AND NATURAL RESOURCES;BR;23,8;Direto
CLI001498;LARGE ENTERPRISE;COMMUNICATIONS, MEDIA AND SERVICES;BR;23,8;Direto
CLI001500;LARGE ENTERPRISE;COMMUNICATIONS, MEDIA AND SERVICES;BR;55,2;Direto
CLI001501;LARGE ENTERPRISE;WHOLESALE TRADE;BR;62,7;Direto
CLI001502;LARGE ENTERPRISE;MANUFACTURING AND NATURAL RESOURCES;BR;64,3;Direto
CLI001503;MID MARKET;COMMUNICATIONS, MEDIA AND SERVICES;BR;23,7;Direto
CLI001504;GLOBAL ACCOUNT;MANUFACTURING AND NATURAL RESOURCES;BR;53,4;Direto
CLI001505;MID MARKET;COMMUNICATIONS, MEDIA AND SERVICES;BR;23,7;Direto
CLI001506;MID MARKET;WHOLESALE TRADE;BR;23,7;Direto
CLI001507;GLOBAL ACCOUNT;COMMUNICATIONS, MEDIA AND SERVICES;BR;65,5;Direto
CLI001508;GLOBAL ACCOUNT;WHOLESALE TRADE;BR;63,4;Direto
CLI001510;STRATEGIC ACCOUNT;MANUFACTURING AND NATURAL RESOURCES;BR;23,7;Direto
CLI001512;GLOBAL ACCOUNT;MANUFACTURING AND NATURAL RESOURCES;MX;64,3;Direto
CLI001516;MID MARKET;MANUFACTURING AND NATURAL RESOURCES;BR;65,2;Direto
CLI001517;MID MARKET;MANUFACTURING AND NATURAL RESOURCES;BR;53,3;Direto
CLI001518;MID MARKET;MANUFACTURING AND NATURAL RESOURCES;BR;40,3;Direto
CLI001519;MID MARKET;MANUFACTURING AND NATURAL RESOURCES;BR;50,9;Direto
CLI001520;PUBLIC SECTOR;EDUCATION;BR;23,7;Direto
CLI001521;MID MARKET;COMMUNICATIONS, MEDIA AND SERVICES;BR;51,5;Direto
CLI001524;LARGE ENTERPRISE;RETAIL;BR;23,6;Direto
CLI001525;GLOBAL ACCOUNT;COMMUNICATIONS, MEDIA AND SERVICES;BR;23,6;Direto
CLI001526;PUBLIC SECTOR;EDUCATION;BR;23,6;Direto
CLI001527;MID MARKET;COMMUNICATIONS, MEDIA AND SERVICES;BR;23,6;Direto
CLI001528;SMALL MARKET;TRANSPORTATION;BR;40,1;Direto
CLI001530;PUBLIC SECTOR;COMMUNICATIONS, MEDIA AND SERVICES;BR;45,4;Direto
CLI001531;GLOBAL ACCOUNT;COMMUNICATIONS, MEDIA AND SERVICES;BR;65,1;Direto
CLI001532;LARGE ENTERPRISE;MANUFACTURING AND NATURAL RESOURCES;BR;23,5;Direto
CLI001533;LARGE ENTERPRISE;COMMUNICATIONS, MEDIA AND SERVICES;BR;48,4;Direto
CLI001534;MID MARKET;RETAIL;BR;23,5;Direto
CLI001535;MID MARKET;COMMUNICATIONS, MEDIA AND SERVICES;BR;23,5;Direto
CLI001538;GLOBAL ACCOUNT;COMMUNICATIONS, MEDIA AND SERVICES;MX;21,2;Direto
CLI001539;MID MARKET;COMMUNICATIONS, MEDIA AND SERVICES;BR;23,5;Direto
CLI001540;MID MARKET;COMMUNICATIONS, MEDIA AND SERVICES;BR;23,5;Direto
CLI001541;MID MARKET;TRANSPORTATION;BR;23,5;Direto
CLI001542;GLOBAL ACCOUNT;COMMUNICATIONS, MEDIA AND SERVICES;MX;53,5;Direto
CLI001543;PUBLIC SECTOR;EDUCATION;BR;35,6;Direto
CLI001544;MID MARKET;INSURANCE;BR;31,4;Direto
CLI001545;MID MARKET;EDUCATION;BR;23,5;Direto
CLI001546;MID MARKET;WHOLESALE TRADE;BR;60,1;Direto
CLI001547;MID MARKET;WHOLESALE TRADE;BR;23,5;Direto
CLI001548;MID MARKET;RETAIL;BR;23,5;Direto
CLI001549;MID MARKET;HEALTHCARE AND LIFE SCIENCES;BR;54,1;Direto
CLI001550;MID MARKET;MANUFACTURING AND NATURAL RESOURCES;BR;37,7;Direto
CLI001551;MID MARKET;MANUFACTURING AND NATURAL RESOURCES;BR;62,5;Direto
CLI001552;MID MARKET;WHOLESALE TRADE;BR;65,3;Direto
CLI001553;MID MARKET;EDUCATION;BR;23,5;Direto
CLI001554;MID MARKET;WHOLESALE TRADE;BR;30,2;Direto
CLI001555;MID MARKET;RETAIL;BR;23,5;Direto
CLI001556;GLOBAL ACCOUNT;HEALTHCARE AND LIFE SCIENCES;BR;65,5;Direto
CLI001557;MID MARKET;COMMUNICATIONS, MEDIA AND SERVICES;BR;37,3;Direto
CLI001558;MID MARKET;OIL AND GAS;BR;51,3;Direto
CLI001559;MID MARKET;COMMUNICATIONS, MEDIA AND SERVICES;BR;23,5;Direto
CLI001560;MID MARKET;COMMUNICATIONS, MEDIA AND SERVICES;BR;23,5;Direto
CLI001561;MID MARKET;MANUFACTURING AND NATURAL RESOURCES;BR;23,5;Direto
CLI001562;MID MARKET;WHOLESALE TRADE;BR;23,5;Direto
CLI001563;MID MARKET;OIL AND GAS;BR;23,5;Direto
CLI001564;MID MARKET;COMMUNICATIONS, MEDIA AND SERVICES;BR;23,5;Direto
CLI001565;MID MARKET;INSURANCE;BR;23,5;Direto
CLI001566;MID MARKET;TRANSPORTATION;BR;23,5;Direto
CLI001567;MID MARKET;COMMUNICATIONS, MEDIA AND SERVICES;BR;23,5;Direto
CLI001568;MID MARKET;WHOLESALE TRADE;BR;58,0;Direto
CLI001569;GLOBAL ACCOUNT;WHOLESALE TRADE;BR;54,5;Direto
CLI001570;GLOBAL ACCOUNT;MANUFACTURING AND NATURAL RESOURCES;BR;58,2;Direto
CLI001571;MID MARKET;COMMUNICATIONS, MEDIA AND SERVICES;BR;60,3;Direto
CLI001572;MID MARKET;MANUFACTURING AND NATURAL RESOURCES;BR;61,8;Direto
CLI001573;MID MARKET;RETAIL;BR;23,4;Direto
CLI001574;MID MARKET;COMMUNICATIONS, MEDIA AND SERVICES;BR;23,4;Direto
CLI001575;MID MARKET;HEALTHCARE AND LIFE SCIENCES;BR;35,0;Direto
CLI001576;MID MARKET;COMMUNICATIONS, MEDIA AND SERVICES;BR;23,4;Direto
CLI001577;MID MARKET;WHOLESALE TRADE;BR;30,0;Direto
CLI001578;MID MARKET;COMMUNICATIONS, MEDIA AND SERVICES;BR;23,4;Direto
CLI001579;MID MARKET;RETAIL;BR;23,4;Direto
CLI001580;MID MARKET;COMMUNICATIONS, MEDIA AND SERVICES;BR;23,4;Direto
CLI001581;GLOBAL ACCOUNT;MANUFACTURING AND NATURAL RESOURCES;CO;61,4;Direto
CLI001583;GLOBAL ACCOUNT;MANUFACTURING AND NATURAL RESOURCES;BR;23,5;Direto
CLI001584;LARGE ENTERPRISE;HEALTHCARE AND LIFE SCIENCES;BR;34,3;Direto
CLI001585;MID MARKET;COMMUNICATIONS, MEDIA AND SERVICES;BR;23,4;Direto
CLI001586;GLOBAL ACCOUNT;MANUFACTURING AND NATURAL RESOURCES;BR;62,8;Direto
CLI001587;LARGE ENTERPRISE;MANUFACTURING AND NATURAL RESOURCES;BR;65,2;Direto
CLI001588;GLOBAL ACCOUNT;COMMUNICATIONS, MEDIA AND SERVICES;BR;65,2;Direto
CLI001589;MID MARKET;COMMUNICATIONS, MEDIA AND SERVICES;BR;51,8;Direto
CLI001590;PUBLIC SECTOR;EDUCATION;BR;64,3;Direto
CLI001591;MID MARKET;COMMUNICATIONS, MEDIA AND SERVICES;BR;40,3;Direto
CLI001592;SMALL MARKET;COMMUNICATIONS, MEDIA AND SERVICES;BR;23,3;Direto
CLI001594;GLOBAL ACCOUNT;RETAIL;BR;23,3;Direto
CLI001597;LARGE ENTERPRISE;COMMUNICATIONS, MEDIA AND SERVICES;BR;61,1;Direto
CLI001598;MID MARKET;COMMUNICATIONS, MEDIA AND SERVICES;BR;54,3;Direto
CLI001600;MID MARKET;COMMUNICATIONS, MEDIA AND SERVICES;BR;46,8;Direto
CLI001601;STRATEGIC ACCOUNT;INSURANCE;BR;23,3;Direto
CLI001602;MID MARKET;RETAIL;BR;23,3;Direto
CLI001603;MID MARKET;COMMUNICATIONS, MEDIA AND SERVICES;BR;23,3;Direto
CLI001604;MID MARKET;MANUFACTURING AND NATURAL RESOURCES;BR;33,0;Direto
CLI001605;MID MARKET;MANUFACTURING AND NATURAL RESOURCES;BR;23,3;Direto
CLI001606;MID MARKET;COMMUNICATIONS, MEDIA AND SERVICES;BR;23,3;Direto
CLI001609;LARGE ENTERPRISE;EDUCATION;CO;59,9;Direto
CLI001612;PUBLIC SECTOR;GOVERNMENT;BR;53,4;Direto
CLI001613;PUBLIC SECTOR;GOVERNMENT;BR;30,4;Direto
CLI001614;MID MARKET;MANUFACTURING AND NATURAL RESOURCES;BR;64,9;Direto
CLI001615;GLOBAL ACCOUNT;COMMUNICATIONS, MEDIA AND SERVICES;BR;58,8;Direto
CLI001616;LARGE ENTERPRISE;RETAIL;BR;29,4;Direto
CLI001617;MID MARKET;COMMUNICATIONS, MEDIA AND SERVICES;BR;23,3;Direto
CLI001618;MID MARKET;COMMUNICATIONS, MEDIA AND SERVICES;BR;45,2;Direto
CLI001619;MID MARKET;WHOLESALE TRADE;BR;44,9;Direto
CLI001620;MID MARKET;COMMUNICATIONS, MEDIA AND SERVICES;BR;41,7;Direto
CLI001621;LARGE ENTERPRISE;MANUFACTURING AND NATURAL RESOURCES;BR;47,8;Direto
CLI001622;MID MARKET;MANUFACTURING AND NATURAL RESOURCES;BR;23,3;Direto
CLI001623;LARGE ENTERPRISE;WHOLESALE TRADE;BR;44,9;Direto
CLI001627;GLOBAL ACCOUNT;WHOLESALE TRADE;BR;60,3;Direto
CLI001628;PUBLIC SECTOR;OIL AND GAS;BR;46,1;Direto
CLI001629;LARGE ENTERPRISE;INSURANCE;BR;23,2;Direto
CLI001631;LARGE ENTERPRISE;WHOLESALE TRADE;BR;23,2;Direto
CLI001632;LARGE ENTERPRISE;COMMUNICATIONS, MEDIA AND SERVICES;BR;23,2;Direto
CLI001633;GLOBAL ACCOUNT;MANUFACTURING AND NATURAL RESOURCES;CL;23,2;Direto
CLI001642;MID MARKET;COMMUNICATIONS, MEDIA AND SERVICES;BR;60,1;Direto
CLI001643;LARGE ENTERPRISE;MANUFACTURING AND NATURAL RESOURCES;BR;64,5;Direto
CLI001644;MID MARKET;MANUFACTURING AND NATURAL RESOURCES;BR;62,8;Direto
CLI001645;MID MARKET;BANKING AND INVESTMENT SERVICES;BR;64,3;Direto
CLI001646;LARGE ENTERPRISE;COMMUNICATIONS, MEDIA AND SERVICES;BR;23,2;Direto
CLI001647;LARGE ENTERPRISE;WHOLESALE TRADE;BR;59,7;Direto
CLI001648;MID MARKET;BANKING AND INVESTMENT SERVICES;BR;58,4;Direto
CLI001650;MID MARKET;MANUFACTURING AND NATURAL RESOURCES;BR;41,4;Direto
CLI001651;MID MARKET;COMMUNICATIONS, MEDIA AND SERVICES;BR;32,8;Direto
CLI001652;MID MARKET;MANUFACTURING AND NATURAL RESOURCES;BR;41,3;Direto
CLI001653;MID MARKET;COMMUNICATIONS, MEDIA AND SERVICES;BR;23,2;Direto
CLI001654;MID MARKET;MANUFACTURING AND NATURAL RESOURCES;BR;23,2;Direto
CLI001655;MID MARKET;COMMUNICATIONS, MEDIA AND SERVICES;BR;30,3;Direto
CLI001656;MID MARKET;COMMUNICATIONS, MEDIA AND SERVICES;BR;23,2;Direto
CLI001657;MID MARKET;EDUCATION;BR;23,2;Direto
CLI001658;MID MARKET;COMMUNICATIONS, MEDIA AND SERVICES;BR;49,7;Direto
CLI001659;LARGE ENTERPRISE;COMMUNICATIONS, MEDIA AND SERVICES;BR;23,2;Direto
CLI001660;MID MARKET;COMMUNICATIONS, MEDIA AND SERVICES;BR;29,6;Direto
CLI001661;MID MARKET;COMMUNICATIONS, MEDIA AND SERVICES;BR;23,2;Direto
CLI001662;MID MARKET;COMMUNICATIONS, MEDIA AND SERVICES;BR;23,2;Direto
CLI001663;SMALL MARKET;HEALTHCARE AND LIFE SCIENCES;BR;23,2;Direto
CLI001664;MID MARKET;COMMUNICATIONS, MEDIA AND SERVICES;BR;23,2;Direto
CLI001668;MID MARKET;EDUCATION;BR;34,5;Direto
CLI001669;MID MARKET;MANUFACTURING AND NATURAL RESOURCES;BR;23,2;Direto
CLI001671;LARGE ENTERPRISE;HEALTHCARE AND LIFE SCIENCES;BR;23,2;Direto
CLI001672;LARGE ENTERPRISE;MANUFACTURING AND NATURAL RESOURCES;BR;62,5;Direto
CLI001673;LARGE ENTERPRISE;RETAIL;BR;60,4;Direto
CLI001674;MID MARKET;COMMUNICATIONS, MEDIA AND SERVICES;BR;23,2;Direto
CLI001676;MID MARKET;HEALTHCARE AND LIFE SCIENCES;BR;23,2;Direto
CLI001678;LARGE ENTERPRISE;MANUFACTURING AND NATURAL RESOURCES;BR;51,9;Direto
CLI001681;GLOBAL ACCOUNT;MANUFACTURING AND NATURAL RESOURCES;BR;30,8;Direto
CLI001682;MID MARKET;COMMUNICATIONS, MEDIA AND SERVICES;BR;23,1;Direto
CLI001683;MID MARKET;RETAIL;BR;23,1;Direto
CLI001684;PUBLIC SECTOR;GOVERNMENT;BR;23,1;Direto
CLI001685;LARGE ENTERPRISE;RETAIL;BR;23,1;Direto
CLI001686;LARGE ENTERPRISE;MANUFACTURING AND NATURAL RESOURCES;BR;46,5;Direto
CLI001688;MID MARKET;HEALTHCARE AND LIFE SCIENCES;BR;37,2;Direto
CLI001689;MID MARKET;COMMUNICATIONS, MEDIA AND SERVICES;BR;29,9;Direto
CLI001690;MID MARKET;MANUFACTURING AND NATURAL RESOURCES;BR;23,1;Direto
CLI001691;MID MARKET;MANUFACTURING AND NATURAL RESOURCES;BR;65,7;Direto
CLI001692;MID MARKET;COMMUNICATIONS, MEDIA AND SERVICES;BR;48,7;Direto
CLI001693;PUBLIC SECTOR;POWER AND UTILITIES;CO;62,7;Direto
CLI001695;PUBLIC SECTOR;BANKING AND INVESTMENT SERVICES;AR;23,0;Direto
CLI001697;MID MARKET;WHOLESALE TRADE;BR;40,8;Direto
CLI001698;GLOBAL ACCOUNT;MANUFACTURING AND NATURAL RESOURCES;BR;23,1;Direto
CLI001699;LARGE ENTERPRISE;HEALTHCARE AND LIFE SCIENCES;BR;23,0;Direto
CLI001700;MID MARKET;COMMUNICATIONS, MEDIA AND SERVICES;BR;26,3;Direto
CLI001701;MID MARKET;MANUFACTURING AND NATURAL RESOURCES;BR;23,0;Direto
CLI001703;MID MARKET;RETAIL;BR;23,0;Direto
CLI001704;PUBLIC SECTOR;EDUCATION;BR;63,1;Direto
CLI001705;PUBLIC SECTOR;EDUCATION;BR;23,0;Direto
CLI001706;MID MARKET;MANUFACTURING AND NATURAL RESOURCES;BR;23,0;Direto
CLI001707;MID MARKET;RETAIL;BR;23,0;Direto
CLI001708;LARGE ENTERPRISE;COMMUNICATIONS, MEDIA AND SERVICES;BR;23,0;Direto
CLI001712;GLOBAL ACCOUNT;WHOLESALE TRADE;MX;17,0;Direto
CLI001713;PUBLIC SECTOR;UNCLASSIFIED;AR;16,1;Direto
CLI001714;LARGE ENTERPRISE;MANUFACTURING AND NATURAL RESOURCES;BR;44,8;Direto
CLI001715;MID MARKET;HEALTHCARE AND LIFE SCIENCES;BR;23,0;Direto
CLI001717;MID MARKET;INSURANCE;BR;33,4;Direto
CLI001718;MID MARKET;GOVERNMENT;BR;50,1;Direto
CLI001719;MID MARKET;INSURANCE;BR;23,0;Direto
CLI001720;SMALL MARKET;WHOLESALE TRADE;BR;38,7;Direto
CLI001721;MID MARKET;BANKING AND INVESTMENT SERVICES;BR;23,0;Direto
CLI001726;LARGE ENTERPRISE;TRANSPORTATION;BR;31,5;Direto
CLI001727;MID MARKET;COMMUNICATIONS, MEDIA AND SERVICES;BR;22,9;Direto
CLI001728;PUBLIC SECTOR;EDUCATION;BR;64,8;Direto
CLI001729;MID MARKET;WHOLESALE TRADE;BR;22,9;Direto
CLI001731;PUBLIC SECTOR;GOVERNMENT;BR;7,9;Direto
CLI001733;MID MARKET;COMMUNICATIONS, MEDIA AND SERVICES;BR;22,9;Direto
CLI001734;MID MARKET;COMMUNICATIONS, MEDIA AND SERVICES;BR;22,9;Direto
CLI001735;LARGE ENTERPRISE;COMMUNICATIONS, MEDIA AND SERVICES;BR;22,9;Direto
CLI001738;LARGE ENTERPRISE;MANUFACTURING AND NATURAL RESOURCES;AR;40,6;Direto
CLI001739;LARGE ENTERPRISE;RETAIL;BR;43,6;Direto
CLI001740;PUBLIC SECTOR;GOVERNMENT;BR;30,9;Direto
CLI001741;MID MARKET;MANUFACTURING AND NATURAL RESOURCES;BR;43,2;Direto
CLI001742;MID MARKET;MANUFACTURING AND NATURAL RESOURCES;BR;22,8;Direto
CLI001745;GLOBAL ACCOUNT;MANUFACTURING AND NATURAL RESOURCES;MX;58,9;Direto
CLI001749;MID MARKET;COMMUNICATIONS, MEDIA AND SERVICES;BR;51,2;Direto
CLI001750;MID MARKET;HEALTHCARE AND LIFE SCIENCES;BR;22,8;Direto
CLI001751;MID MARKET;MANUFACTURING AND NATURAL RESOURCES;BR;22,8;Direto
CLI001754;GLOBAL ACCOUNT;COMMUNICATIONS, MEDIA AND SERVICES;BR;63,4;Direto
CLI001755;GLOBAL ACCOUNT;MANUFACTURING AND NATURAL RESOURCES;BR;61,4;Direto
CLI001756;MID MARKET;COMMUNICATIONS, MEDIA AND SERVICES;BR;22,8;Direto
CLI001757;MID MARKET;MANUFACTURING AND NATURAL RESOURCES;BR;22,8;Direto
CLI001761;MID MARKET;BANKING AND INVESTMENT SERVICES;BR;58,0;Direto
CLI001762;MID MARKET;COMMUNICATIONS, MEDIA AND SERVICES;BR;22,7;Direto
CLI001763;MID MARKET;COMMUNICATIONS, MEDIA AND SERVICES;BR;39,4;Direto
CLI001769;LARGE ENTERPRISE;MANUFACTURING AND NATURAL RESOURCES;BR;34,9;Direto
CLI001770;LARGE ENTERPRISE;COMMUNICATIONS, MEDIA AND SERVICES;BR;31,4;Direto
CLI001771;MID MARKET;WHOLESALE TRADE;BR;22,6;Direto
CLI001772;MID MARKET;BANKING AND INVESTMENT SERVICES;BR;22,6;Direto
CLI001773;SMALL MARKET;RETAIL;BR;22,6;Direto
CLI001776;LARGE ENTERPRISE;COMMUNICATIONS, MEDIA AND SERVICES;BR;22,6;Direto
CLI001777;LARGE ENTERPRISE;RETAIL;BR;60,4;Direto
CLI001778;MID MARKET;MANUFACTURING AND NATURAL RESOURCES;BR;22,6;Direto
CLI001781;MID MARKET;WHOLESALE TRADE;BR;22,6;Direto
CLI001782;MID MARKET;MANUFACTURING AND NATURAL RESOURCES;BR;22,6;Direto
CLI001783;MID MARKET;INSURANCE;BR;22,6;Direto
CLI001784;MID MARKET;COMMUNICATIONS, MEDIA AND SERVICES;BR;22,6;Direto
CLI001785;MID MARKET;WHOLESALE TRADE;BR;29,3;Direto
CLI001786;MID MARKET;COMMUNICATIONS, MEDIA AND SERVICES;BR;22,6;Direto
CLI001787;STRATEGIC ACCOUNT;WHOLESALE TRADE;MX;65,4;Direto
CLI001789;MID MARKET;COMMUNICATIONS, MEDIA AND SERVICES;BR;53,1;Direto
CLI001790;MID MARKET;WHOLESALE TRADE;BR;63,1;Direto
CLI001791;MID MARKET;COMMUNICATIONS, MEDIA AND SERVICES;BR;22,6;Direto
CLI001792;LARGE ENTERPRISE;RETAIL;BR;55,0;Direto
CLI001793;MID MARKET;RETAIL;BR;41,6;Direto
CLI001794;MID MARKET;COMMUNICATIONS, MEDIA AND SERVICES;BR;22,6;Direto
CLI001795;MID MARKET;RETAIL;BR;35,6;Direto
CLI001796;MID MARKET;WHOLESALE TRADE;BR;39,8;Direto
CLI001797;MID MARKET;COMMUNICATIONS, MEDIA AND SERVICES;BR;22,6;Direto
CLI001798;MID MARKET;MANUFACTURING AND NATURAL RESOURCES;BR;22,6;Direto
CLI001799;MID MARKET;MANUFACTURING AND NATURAL RESOURCES;BR;22,6;Direto
CLI001800;STRATEGIC ACCOUNT;RETAIL;MX;59,4;Direto
CLI001802;STRATEGIC ACCOUNT;TRANSPORTATION;BR;22,5;Direto
CLI001803;LARGE ENTERPRISE;HEALTHCARE AND LIFE SCIENCES;BR;22,5;Direto
CLI001804;LARGE ENTERPRISE;MANUFACTURING AND NATURAL RESOURCES;BR;22,5;Direto
CLI001805;MID MARKET;MANUFACTURING AND NATURAL RESOURCES;BR;22,5;Direto
CLI001806;MID MARKET;COMMUNICATIONS, MEDIA AND SERVICES;BR;50,4;Direto
CLI001807;MID MARKET;COMMUNICATIONS, MEDIA AND SERVICES;BR;22,5;Direto
CLI001813;LARGE ENTERPRISE;MANUFACTURING AND NATURAL RESOURCES;BR;62,7;Direto
CLI001814;LARGE ENTERPRISE;COMMUNICATIONS, MEDIA AND SERVICES;BR;30,9;Direto
CLI001815;LARGE ENTERPRISE;MANUFACTURING AND NATURAL RESOURCES;BR;60,6;Direto
CLI001816;MID MARKET;COMMUNICATIONS, MEDIA AND SERVICES;BR;22,6;Direto
CLI001817;LARGE ENTERPRISE;MANUFACTURING AND NATURAL RESOURCES;BR;22,5;Direto
CLI001818;LARGE ENTERPRISE;MANUFACTURING AND NATURAL RESOURCES;BR;46,3;Direto
CLI001819;PUBLIC SECTOR;EDUCATION;BR;54,4;Direto
CLI001820;MID MARKET;HEALTHCARE AND LIFE SCIENCES;BR;22,5;Direto
CLI001821;MID MARKET;TRANSPORTATION;BR;22,5;Direto
CLI001823;GLOBAL ACCOUNT;MANUFACTURING AND NATURAL RESOURCES;CO;5,6;Direto
CLI001827;STRATEGIC ACCOUNT;COMMUNICATIONS, MEDIA AND SERVICES;BR;47,2;Direto
CLI001828;LARGE ENTERPRISE;COMMUNICATIONS, MEDIA AND SERVICES;BR;22,4;Direto
CLI001829;MID MARKET;WHOLESALE TRADE;BR;50,7;Direto
CLI001830;MID MARKET;TRANSPORTATION;BR;53,8;Direto
CLI001831;MID MARKET;COMMUNICATIONS, MEDIA AND SERVICES;BR;50,0;Direto
CLI001832;SMALL MARKET;WHOLESALE TRADE;BR;22,4;Direto
CLI001833;MID MARKET;MANUFACTURING AND NATURAL RESOURCES;BR;48,5;Direto
CLI001834;MID MARKET;WHOLESALE TRADE;BR;51,8;Direto
CLI001835;MID MARKET;TRANSPORTATION;BR;22,4;Direto
CLI001836;MID MARKET;COMMUNICATIONS, MEDIA AND SERVICES;BR;22,4;Direto
CLI001837;MID MARKET;COMMUNICATIONS, MEDIA AND SERVICES;BR;22,4;Direto
CLI001838;MID MARKET;WHOLESALE TRADE;BR;22,4;Direto
CLI001845;MID MARKET;COMMUNICATIONS, MEDIA AND SERVICES;BR;22,3;Direto
CLI001847;MID MARKET;HEALTHCARE AND LIFE SCIENCES;BR;22,3;Direto
CLI001848;MID MARKET;COMMUNICATIONS, MEDIA AND SERVICES;BR;22,3;Direto
CLI001854;GLOBAL ACCOUNT;COMMUNICATIONS, MEDIA AND SERVICES;CO;62,4;Direto
CLI001855;STRATEGIC ACCOUNT;BANKING AND INVESTMENT SERVICES;MX;24,1;Direto
CLI001857;LARGE ENTERPRISE;COMMUNICATIONS, MEDIA AND SERVICES;BR;6,6;Direto
CLI001858;MID MARKET;COMMUNICATIONS, MEDIA AND SERVICES;BR;22,1;Direto
CLI001859;MID MARKET;TRANSPORTATION;BR;63,4;Direto
CLI001860;SMALL MARKET;COMMUNICATIONS, MEDIA AND SERVICES;BR;22,3;Direto
CLI001861;MID MARKET;MANUFACTURING AND NATURAL RESOURCES;BR;22,3;Direto
CLI001862;MID MARKET;WHOLESALE TRADE;BR;42,9;Direto
CLI001863;MID MARKET;BANKING AND INVESTMENT SERVICES;BR;50,8;Direto
CLI001864;MID MARKET;MANUFACTURING AND NATURAL RESOURCES;BR;22,3;Direto
CLI001865;MID MARKET;COMMUNICATIONS, MEDIA AND SERVICES;BR;45,6;Direto
CLI001866;MID MARKET;MANUFACTURING AND NATURAL RESOURCES;BR;22,3;Direto
CLI001867;MID MARKET;WHOLESALE TRADE;BR;22,3;Direto
CLI001868;STRATEGIC ACCOUNT;INSURANCE;BR;22,3;Direto
CLI001870;MID MARKET;BANKING AND INVESTMENT SERVICES;BR;22,3;Direto
CLI001871;MID MARKET;COMMUNICATIONS, MEDIA AND SERVICES;BR;22,3;Direto
CLI001873;MID MARKET;RETAIL;BR;22,3;Direto
CLI001878;MID MARKET;MANUFACTURING AND NATURAL RESOURCES;BR;22,3;Direto
CLI001879;LARGE ENTERPRISE;MANUFACTURING AND NATURAL RESOURCES;BR;51,6;Direto
CLI001880;LARGE ENTERPRISE;MANUFACTURING AND NATURAL RESOURCES;BR;22,3;Direto
CLI001881;LARGE ENTERPRISE;MANUFACTURING AND NATURAL RESOURCES;BR;65,5;Direto
CLI001882;PUBLIC SECTOR;EDUCATION;BR;30,2;Direto
CLI001884;LARGE ENTERPRISE;WHOLESALE TRADE;BR;52,5;Direto
CLI001885;MID MARKET;COMMUNICATIONS, MEDIA AND SERVICES;BR;47,0;Direto
CLI001886;MID MARKET;COMMUNICATIONS, MEDIA AND SERVICES;BR;22,3;Direto
CLI001887;MID MARKET;MANUFACTURING AND NATURAL RESOURCES;BR;22,3;Direto
CLI001892;STRATEGIC ACCOUNT;COMMUNICATIONS, MEDIA AND SERVICES;MX;61,5;Direto
CLI001893;LARGE ENTERPRISE;MANUFACTURING AND NATURAL RESOURCES;BR;65,0;Direto
CLI001894;LARGE ENTERPRISE;INSURANCE;BR;46,2;Direto
CLI001897;LARGE ENTERPRISE;BANKING AND INVESTMENT SERVICES;BR;59,5;Direto
CLI001898;MID MARKET;COMMUNICATIONS, MEDIA AND SERVICES;BR;22,2;Direto
CLI001900;PUBLIC SECTOR;EDUCATION;BR;22,1;Direto
CLI001901;LARGE ENTERPRISE;MANUFACTURING AND NATURAL RESOURCES;BR;22,1;Direto
CLI001902;SMALL MARKET;COMMUNICATIONS, MEDIA AND SERVICES;BR;22,1;Direto
CLI001903;MID MARKET;COMMUNICATIONS, MEDIA AND SERVICES;BR;41,7;Direto
CLI001904;MID MARKET;INSURANCE;BR;22,1;Direto
CLI001905;MID MARKET;COMMUNICATIONS, MEDIA AND SERVICES;BR;22,1;Direto
CLI001906;MID MARKET;INSURANCE;BR;22,1;Direto
CLI001907;MID MARKET;HEALTHCARE AND LIFE SCIENCES;BR;22,1;Direto
CLI001908;MID MARKET;COMMUNICATIONS, MEDIA AND SERVICES;BR;22,1;Direto
CLI001909;LARGE ENTERPRISE;COMMUNICATIONS, MEDIA AND SERVICES;CO;65,5;Direto
CLI001911;GLOBAL ACCOUNT;BANKING AND INVESTMENT SERVICES;CL;62,7;Direto
CLI001912;LARGE ENTERPRISE;MANUFACTURING AND NATURAL RESOURCES;MX;27,4;Direto
CLI001917;PUBLIC SECTOR;GOVERNMENT;BR;22,1;Direto
CLI001918;PUBLIC SECTOR;GOVERNMENT;BR;13,5;Direto
CLI001919;MID MARKET;COMMUNICATIONS, MEDIA AND SERVICES;BR;41,5;Direto
CLI001920;MID MARKET;MANUFACTURING AND NATURAL RESOURCES;BR;33,1;Direto
CLI001925;LARGE ENTERPRISE;RETAIL;CO;9,5;Direto
CLI001927;GLOBAL ACCOUNT;BANKING AND INVESTMENT SERVICES;MX;9,3;Direto
CLI001931;MID MARKET;EDUCATION;BR;49,7;Direto
CLI001932;MID MARKET;MANUFACTURING AND NATURAL RESOURCES;BR;22,1;Direto
CLI001933;MID MARKET;COMMUNICATIONS, MEDIA AND SERVICES;BR;22,1;Direto
CLI001934;MID MARKET;MANUFACTURING AND NATURAL RESOURCES;BR;22,1;Direto
CLI001936;MID MARKET;INSURANCE;BR;22,1;Direto
CLI001937;MID MARKET;COMMUNICATIONS, MEDIA AND SERVICES;BR;46,4;Direto
CLI001939;MID MARKET;MANUFACTURING AND NATURAL RESOURCES;BR;22,1;Direto
CLI001940;MID MARKET;HEALTHCARE AND LIFE SCIENCES;BR;22,1;Direto
CLI001941;MID MARKET;MANUFACTURING AND NATURAL RESOURCES;BR;22,1;Direto
CLI001942;MID MARKET;COMMUNICATIONS, MEDIA AND SERVICES;BR;22,1;Direto
CLI001943;MID MARKET;COMMUNICATIONS, MEDIA AND SERVICES;BR;35,5;Direto
CLI001944;MID MARKET;COMMUNICATIONS, MEDIA AND SERVICES;BR;22,1;Direto
CLI001949;LARGE ENTERPRISE;RETAIL;BR;55,2;Direto
CLI001950;MID MARKET;RETAIL;BR;38,6;Direto
CLI001951;MID MARKET;MANUFACTURING AND NATURAL RESOURCES;BR;24,7;Direto
CLI001953;LARGE ENTERPRISE;COMMUNICATIONS, MEDIA AND SERVICES;BR;18,0;Direto
CLI001954;MID MARKET;COMMUNICATIONS, MEDIA AND SERVICES;BR;2,0;Direto
CLI001958;GLOBAL ACCOUNT;MANUFACTURING AND NATURAL RESOURCES;BR;22,0;Direto
CLI001959;GLOBAL ACCOUNT;MANUFACTURING AND NATURAL RESOURCES;BR;64,8;Direto
CLI001960;MID MARKET;COMMUNICATIONS, MEDIA AND SERVICES;BR;56,4;Direto
CLI001961;MID MARKET;HEALTHCARE AND LIFE SCIENCES;BR;22,0;Direto
CLI001963;MID MARKET;MANUFACTURING AND NATURAL RESOURCES;BR;22,0;Direto
CLI001964;MID MARKET;COMMUNICATIONS, MEDIA AND SERVICES;BR;21,9;Direto
CLI001965;MID MARKET;MANUFACTURING AND NATURAL RESOURCES;BR;22,0;Direto
CLI001973;MID MARKET;WHOLESALE TRADE;BR;21,9;Direto
CLI001974;MID MARKET;MANUFACTURING AND NATURAL RESOURCES;BR;21,9;Direto
CLI001978;LARGE ENTERPRISE;EDUCATION;CO;18,9;Direto
CLI001982;PUBLIC SECTOR;EDUCATION;BR;53,7;Direto
CLI001985;MID MARKET;MANUFACTURING AND NATURAL RESOURCES;BR;21,9;Direto
CLI001986;MID MARKET;MANUFACTURING AND NATURAL RESOURCES;BR;21,9;Direto
CLI001988;MID MARKET;WHOLESALE TRADE;BR;21,9;Direto
CLI001989;MID MARKET;INSURANCE;BR;21,9;Direto
CLI001993;MID MARKET;COMMUNICATIONS, MEDIA AND SERVICES;BR;21,9;Direto
CLI001994;PUBLIC SECTOR;EDUCATION;BR;19,8;Direto
CLI001995;MID MARKET;COMMUNICATIONS, MEDIA AND SERVICES;BR;5,0;Direto
CLI001996;LARGE ENTERPRISE;MANUFACTURING AND NATURAL RESOURCES;BR;21,8;Direto
CLI001997;PUBLIC SECTOR;EDUCATION;BR;50,0;Direto
CLI001999;PUBLIC SECTOR;BANKING AND INVESTMENT SERVICES;BR;38,0;Direto
CLI002000;MID MARKET;COMMUNICATIONS, MEDIA AND SERVICES;BR;21,9;Direto
CLI002006;GLOBAL ACCOUNT;COMMUNICATIONS, MEDIA AND SERVICES;BR;65,2;Direto
CLI002007;MID MARKET;MANUFACTURING AND NATURAL RESOURCES;BR;21,8;Direto
CLI002008;MID MARKET;COMMUNICATIONS, MEDIA AND SERVICES;BR;20,6;Direto
CLI002009;MID MARKET;TRANSPORTATION;BR;21,8;Direto
CLI002011;SMALL MARKET;COMMUNICATIONS, MEDIA AND SERVICES;BR;21,8;Direto
CLI002012;MID MARKET;COMMUNICATIONS, MEDIA AND SERVICES;BR;21,8;Direto
CLI002018;LARGE ENTERPRISE;MANUFACTURING AND NATURAL RESOURCES;BR;61,5;Direto
CLI002019;MID MARKET;COMMUNICATIONS, MEDIA AND SERVICES;BR;63,2;Direto
CLI002020;GLOBAL ACCOUNT;BANKING AND INVESTMENT SERVICES;MX;65,5;Direto
CLI002031;LARGE ENTERPRISE;COMMUNICATIONS, MEDIA AND SERVICES;CL;24,3;Direto
CLI002032;MID MARKET;WHOLESALE TRADE;BR;21,7;Direto
CLI002033;MID MARKET;COMMUNICATIONS, MEDIA AND SERVICES;BR;63,5;Direto
CLI002035;MID MARKET;COMMUNICATIONS, MEDIA AND SERVICES;BR;21,7;Direto
CLI002036;PUBLIC SECTOR;EDUCATION;BR;21,7;Direto
CLI002039;MID MARKET;RETAIL;BR;39,3;Direto
CLI002042;GLOBAL ACCOUNT;COMMUNICATIONS, MEDIA AND SERVICES;PE;48,3;Direto
CLI002047;LARGE ENTERPRISE;COMMUNICATIONS, MEDIA AND SERVICES;BR;65,6;Direto
CLI002048;MID MARKET;COMMUNICATIONS, MEDIA AND SERVICES;BR;45,6;Direto
CLI002049;MID MARKET;MANUFACTURING AND NATURAL RESOURCES;BR;21,6;Direto
CLI002054;STRATEGIC ACCOUNT;BANKING AND INVESTMENT SERVICES;BR;63,1;Direto
CLI002056;MID MARKET;COMMUNICATIONS, MEDIA AND SERVICES;BR;36,8;Direto
CLI002057;MID MARKET;COMMUNICATIONS, MEDIA AND SERVICES;BR;21,6;Direto
CLI002058;MID MARKET;MANUFACTURING AND NATURAL RESOURCES;BR;60,6;Direto
CLI002060;MID MARKET;COMMUNICATIONS, MEDIA AND SERVICES;BR;21,6;Direto
CLI002061;MID MARKET;COMMUNICATIONS, MEDIA AND SERVICES;BR;21,6;Direto
CLI002062;SMALL MARKET;COMMUNICATIONS, MEDIA AND SERVICES;BR;21,6;Direto
CLI002065;GLOBAL ACCOUNT;COMMUNICATIONS, MEDIA AND SERVICES;BR;63,9;Direto
CLI002067;MID MARKET;RETAIL;BR;31,1;Direto
CLI002068;MID MARKET;MANUFACTURING AND NATURAL RESOURCES;BR;33,7;Direto
CLI002069;MID MARKET;RETAIL;BR;21,5;Direto
CLI002070;MID MARKET;MANUFACTURING AND NATURAL RESOURCES;BR;21,5;Direto
CLI002073;LARGE ENTERPRISE;COMMUNICATIONS, MEDIA AND SERVICES;CO;18,8;Direto
CLI002074;LARGE ENTERPRISE;WHOLESALE TRADE;BR;21,5;Direto
CLI002075;MID MARKET;MANUFACTURING AND NATURAL RESOURCES;BR;65,3;Direto
CLI002076;MID MARKET;BANKING AND INVESTMENT SERVICES;BR;43,4;Direto
CLI002077;GLOBAL ACCOUNT;OIL AND GAS;BR;62,9;Direto
CLI002078;MID MARKET;COMMUNICATIONS, MEDIA AND SERVICES;BR;32,8;Direto
CLI002079;MID MARKET;RETAIL;BR;21,4;Direto
CLI002080;LARGE ENTERPRISE;RETAIL;CO;25,4;Direto
CLI002086;MID MARKET;MANUFACTURING AND NATURAL RESOURCES;BR;21,4;Direto
CLI002087;MID MARKET;GOVERNMENT;BR;21,4;Direto
CLI002088;GLOBAL ACCOUNT;MANUFACTURING AND NATURAL RESOURCES;MX;26,0;Direto
CLI002090;GLOBAL ACCOUNT;COMMUNICATIONS, MEDIA AND SERVICES;MX;52,2;Direto
CLI002092;GLOBAL ACCOUNT;POWER AND UTILITIES;MX;21,4;Direto
CLI002103;PUBLIC SECTOR;GOVERNMENT;BR;1,1;Direto
CLI002104;MID MARKET;COMMUNICATIONS, MEDIA AND SERVICES;BR;21,3;Direto
CLI002105;MID MARKET;COMMUNICATIONS, MEDIA AND SERVICES;BR;21,3;Direto
CLI002115;SMALL MARKET;COMMUNICATIONS, MEDIA AND SERVICES;BR;21,3;Direto
CLI002116;GLOBAL ACCOUNT;WHOLESALE TRADE;MX;7,0;Direto
CLI002117;MID MARKET;TRANSPORTATION;BR;21,2;Direto
CLI002128;PUBLIC SECTOR;GOVERNMENT;BR;21,2;Direto
CLI002129;GLOBAL ACCOUNT;HEALTHCARE AND LIFE SCIENCES;BR;65,3;Direto
CLI002130;MID MARKET;MANUFACTURING AND NATURAL RESOURCES;BR;21,2;Direto
CLI002131;MID MARKET;MANUFACTURING AND NATURAL RESOURCES;BR;62,7;Direto
CLI002132;PUBLIC SECTOR;GOVERNMENT;BR;21,2;Direto
CLI002133;MID MARKET;WHOLESALE TRADE;BR;21,2;Direto
CLI002135;MID MARKET;WHOLESALE TRADE;BR;52,2;Direto
CLI002136;MID MARKET;MANUFACTURING AND NATURAL RESOURCES;BR;21,2;Direto
CLI002137;MID MARKET;COMMUNICATIONS, MEDIA AND SERVICES;BR;21,2;Direto
CLI002138;MID MARKET;COMMUNICATIONS, MEDIA AND SERVICES;BR;21,2;Direto
CLI002139;MID MARKET;WHOLESALE TRADE;BR;21,2;Direto
CLI002142;MID MARKET;MANUFACTURING AND NATURAL RESOURCES;BR;21,2;Direto
CLI002143;MID MARKET;COMMUNICATIONS, MEDIA AND SERVICES;BR;21,2;Direto
CLI002144;GLOBAL ACCOUNT;WHOLESALE TRADE;MX;65,5;Direto
CLI002154;GLOBAL ACCOUNT;BANKING AND INVESTMENT SERVICES;MX;60,9;Direto
CLI002157;STRATEGIC ACCOUNT;COMMUNICATIONS, MEDIA AND SERVICES;BR;21,2;Direto
CLI002158;LARGE ENTERPRISE;WHOLESALE TRADE;BR;29,4;Direto
CLI002159;MID MARKET;BANKING AND INVESTMENT SERVICES;BR;52,5;Direto
CLI002160;MID MARKET;WHOLESALE TRADE;BR;20,6;Direto
CLI002161;MID MARKET;EDUCATION;BR;21,2;Direto
CLI002162;MID MARKET;COMMUNICATIONS, MEDIA AND SERVICES;BR;21,2;Direto
CLI002164;STRATEGIC ACCOUNT;BANKING AND INVESTMENT SERVICES;MX;46,4;Direto
CLI002176;LARGE ENTERPRISE;MANUFACTURING AND NATURAL RESOURCES;BR;36,8;Direto
CLI002181;STRATEGIC ACCOUNT;WHOLESALE TRADE;MX;62,7;Direto
CLI002182;LARGE ENTERPRISE;INSURANCE;MX;57,8;Direto
CLI002184;LARGE ENTERPRISE;COMMUNICATIONS, MEDIA AND SERVICES;MX;60,6;Direto
CLI002191;STRATEGIC ACCOUNT;MANUFACTURING AND NATURAL RESOURCES;BR;21,1;Direto
CLI002192;LARGE ENTERPRISE;MANUFACTURING AND NATURAL RESOURCES;BR;64,6;Direto
CLI002193;MID MARKET;MANUFACTURING AND NATURAL RESOURCES;BR;21,1;Direto
CLI002195;MID MARKET;COMMUNICATIONS, MEDIA AND SERVICES;BR;21,1;Direto
CLI002196;GLOBAL ACCOUNT;MANUFACTURING AND NATURAL RESOURCES;AR;57,8;Direto
CLI002207;LARGE ENTERPRISE;COMMUNICATIONS, MEDIA AND SERVICES;BR;59,5;Direto
CLI002208;LARGE ENTERPRISE;RETAIL;BR;21,1;Direto
CLI002211;GLOBAL ACCOUNT;MANUFACTURING AND NATURAL RESOURCES;MX;52,7;Direto
CLI002214;GLOBAL ACCOUNT;BANKING AND INVESTMENT SERVICES;MX;46,6;Direto
CLI002218;LARGE ENTERPRISE;COMMUNICATIONS, MEDIA AND SERVICES;PE;63,2;Direto
CLI002220;GLOBAL ACCOUNT;COMMUNICATIONS, MEDIA AND SERVICES;CO;65,0;Direto
CLI002221;LARGE ENTERPRISE;COMMUNICATIONS, MEDIA AND SERVICES;BR;61,1;Direto
CLI002222;GLOBAL ACCOUNT;COMMUNICATIONS, MEDIA AND SERVICES;BR;63,2;Direto
CLI002224;LARGE ENTERPRISE;COMMUNICATIONS, MEDIA AND SERVICES;BR;64,7;Direto
CLI002227;MID MARKET;COMMUNICATIONS, MEDIA AND SERVICES;BR;21,0;Direto
CLI002228;MID MARKET;COMMUNICATIONS, MEDIA AND SERVICES;BR;36,3;Direto
CLI002229;MID MARKET;WHOLESALE TRADE;BR;21,0;Direto
CLI002230;MID MARKET;WHOLESALE TRADE;BR;21,0;Direto
CLI002231;MID MARKET;EDUCATION;BR;21,0;Direto
CLI002232;MID MARKET;COMMUNICATIONS, MEDIA AND SERVICES;BR;21,0;Direto
CLI002236;LARGE ENTERPRISE;BANKING AND INVESTMENT SERVICES;CO;42,4;Direto
CLI002237;GLOBAL ACCOUNT;COMMUNICATIONS, MEDIA AND SERVICES;CL;62,9;Direto
CLI002242;LARGE ENTERPRISE;RETAIL;AR;60,7;Direto
CLI002244;GLOBAL ACCOUNT;MANUFACTURING AND NATURAL RESOURCES;BR;64,2;Direto
CLI002245;MID MARKET;COMMUNICATIONS, MEDIA AND SERVICES;BR;64,5;Direto
CLI002246;MID MARKET;MANUFACTURING AND NATURAL RESOURCES;BR;34,9;Direto
CLI002247;MID MARKET;COMMUNICATIONS, MEDIA AND SERVICES;BR;63,6;Direto
CLI002248;MID MARKET;COMMUNICATIONS, MEDIA AND SERVICES;BR;20,9;Direto
CLI002249;STRATEGIC ACCOUNT;RETAIL;MX;63,1;Direto
CLI002250;GLOBAL ACCOUNT;TRANSPORTATION;CO;65,3;Direto
CLI002266;GLOBAL ACCOUNT;COMMUNICATIONS, MEDIA AND SERVICES;CO;65,3;Direto
CLI002267;GLOBAL ACCOUNT;MANUFACTURING AND NATURAL RESOURCES;PE;57,8;Direto
CLI002269;LARGE ENTERPRISE;BANKING AND INVESTMENT SERVICES;PE;32,7;Direto
CLI002271;LARGE ENTERPRISE;RETAIL;BR;20,9;Direto
CLI002272;LARGE ENTERPRISE;TRANSPORTATION;BR;20,9;Direto
CLI002273;MID MARKET;COMMUNICATIONS, MEDIA AND SERVICES;BR;20,9;Direto
CLI002274;LARGE ENTERPRISE;EDUCATION;CO;44,4;Direto
CLI002287;GLOBAL ACCOUNT;WHOLESALE TRADE;PE;64,1;Direto
CLI002299;LARGE ENTERPRISE;HEALTHCARE AND LIFE SCIENCES;CO;59,5;Direto
CLI002302;LARGE ENTERPRISE;MANUFACTURING AND NATURAL RESOURCES;BR;59,9;Direto
CLI002307;LARGE ENTERPRISE;BANKING AND INVESTMENT SERVICES;BR;20,8;Direto
CLI002308;MID MARKET;MANUFACTURING AND NATURAL RESOURCES;BR;20,8;Direto
CLI002331;MID MARKET;OIL AND GAS;BR;42,6;Direto
CLI002333;MID MARKET;MANUFACTURING AND NATURAL RESOURCES;BR;22,1;Direto
CLI002334;LARGE ENTERPRISE;RETAIL;BR;50,8;Direto
CLI002335;MID MARKET;MANUFACTURING AND NATURAL RESOURCES;BR;36,6;Direto
CLI002336;MID MARKET;WHOLESALE TRADE;BR;20,7;Direto
CLI002337;MID MARKET;WHOLESALE TRADE;BR;20,7;Direto
CLI002338;MID MARKET;MANUFACTURING AND NATURAL RESOURCES;BR;20,7;Direto
CLI002339;MID MARKET;MANUFACTURING AND NATURAL RESOURCES;BR;20,7;Direto
CLI002340;MID MARKET;MANUFACTURING AND NATURAL RESOURCES;BR;20,7;Direto
CLI002351;GLOBAL ACCOUNT;BANKING AND INVESTMENT SERVICES;BR;47,7;Direto
CLI002352;MID MARKET;WHOLESALE TRADE;BR;60,3;Direto
CLI002353;PUBLIC SECTOR;BANKING AND INVESTMENT SERVICES;BR;52,2;Direto
CLI002354;MID MARKET;COMMUNICATIONS, MEDIA AND SERVICES;BR;33,0;Direto
CLI002355;PUBLIC SECTOR;EDUCATION;BR;47,6;Direto
CLI002356;LARGE ENTERPRISE;COMMUNICATIONS, MEDIA AND SERVICES;BR;32,9;Direto
CLI002357;MID MARKET;COMMUNICATIONS, MEDIA AND SERVICES;BR;20,7;Direto
CLI002359;GLOBAL ACCOUNT;BANKING AND INVESTMENT SERVICES;PE;65,5;Direto
CLI002360;LARGE ENTERPRISE;EDUCATION;CO;46,1;Direto
CLI002361;GLOBAL ACCOUNT;MANUFACTURING AND NATURAL RESOURCES;MX;48,1;Direto
CLI002390;LARGE ENTERPRISE;MANUFACTURING AND NATURAL RESOURCES;BR;20,7;Direto
CLI002391;PUBLIC SECTOR;GOVERNMENT;BR;20,7;Direto
CLI002392;MID MARKET;BANKING AND INVESTMENT SERVICES;BR;20,7;Direto
CLI002393;MID MARKET;RETAIL;BR;55,7;Direto
CLI002395;MID MARKET;MANUFACTURING AND NATURAL RESOURCES;BR;20,7;Direto
CLI002396;MID MARKET;COMMUNICATIONS, MEDIA AND SERVICES;BR;20,4;Direto
CLI002397;MID MARKET;RETAIL;BR;31,3;Direto
CLI002398;LARGE ENTERPRISE;MANUFACTURING AND NATURAL RESOURCES;BR;20,7;Direto
CLI002399;LARGE ENTERPRISE;TRANSPORTATION;BR;20,7;Direto
CLI002407;GLOBAL ACCOUNT;MANUFACTURING AND NATURAL RESOURCES;AR;63,4;Direto
CLI002411;MID MARKET;COMMUNICATIONS, MEDIA AND SERVICES;BR;41,4;Direto
CLI002412;PUBLIC SECTOR;GOVERNMENT;BR;20,6;Direto
CLI002413;MID MARKET;MANUFACTURING AND NATURAL RESOURCES;BR;63,4;Direto
CLI002414;PUBLIC SECTOR;GOVERNMENT;BR;20,6;Direto
CLI002415;MID MARKET;BANKING AND INVESTMENT SERVICES;BR;20,6;Direto
CLI002416;MID MARKET;COMMUNICATIONS, MEDIA AND SERVICES;BR;42,0;Direto
CLI002417;MID MARKET;MANUFACTURING AND NATURAL RESOURCES;BR;20,6;Direto
CLI002418;LARGE ENTERPRISE;BANKING AND INVESTMENT SERVICES;BR;20,6;Direto
CLI002419;MID MARKET;MANUFACTURING AND NATURAL RESOURCES;BR;20,6;Direto
CLI002434;PUBLIC SECTOR;EDUCATION;BR;20,5;Direto
CLI002435;MID MARKET;WHOLESALE TRADE;BR;20,5;Direto
CLI002436;MID MARKET;GOVERNMENT;BR;20,5;Direto
CLI002437;MID MARKET;HEALTHCARE AND LIFE SCIENCES;BR;20,5;Direto
CLI002438;GLOBAL ACCOUNT;BANKING AND INVESTMENT SERVICES;CO;65,6;Direto
CLI002443;GLOBAL ACCOUNT;MANUFACTURING AND NATURAL RESOURCES;MX;19,8;Direto
CLI002452;MID MARKET;MANUFACTURING AND NATURAL RESOURCES;BR;47,4;Direto
CLI002453;GLOBAL ACCOUNT;COMMUNICATIONS, MEDIA AND SERVICES;BR;37,5;Direto
CLI002454;MID MARKET;COMMUNICATIONS, MEDIA AND SERVICES;BR;63,4;Direto
CLI002455;LARGE ENTERPRISE;BANKING AND INVESTMENT SERVICES;BR;20,5;Direto
CLI002456;MID MARKET;COMMUNICATIONS, MEDIA AND SERVICES;BR;20,5;Direto
CLI002457;SMALL MARKET;COMMUNICATIONS, MEDIA AND SERVICES;BR;20,5;Direto
CLI002471;PUBLIC SECTOR;BANKING AND INVESTMENT SERVICES;AR;62,8;Direto
CLI002477;LARGE ENTERPRISE;INSURANCE;CO;28,2;Direto
CLI002481;LARGE ENTERPRISE;OIL AND GAS;BR;51,3;Direto
CLI002483;MID MARKET;MANUFACTURING AND NATURAL RESOURCES;BR;20,5;Direto
CLI002484;MID MARKET;RETAIL;BR;63,5;Direto
CLI002485;LARGE ENTERPRISE;RETAIL;BR;56,1;Direto
CLI002486;SMALL MARKET;MANUFACTURING AND NATURAL RESOURCES;BR;65,5;Direto
CLI002487;PUBLIC SECTOR;EDUCATION;BR;43,7;Direto
CLI002488;STRATEGIC ACCOUNT;BANKING AND INVESTMENT SERVICES;MX;65,5;Direto
CLI002493;GLOBAL ACCOUNT;BANKING AND INVESTMENT SERVICES;MX;43,6;Direto
CLI002497;GLOBAL ACCOUNT;WHOLESALE TRADE;CL;53,8;Direto
CLI002507;MID MARKET;WHOLESALE TRADE;CO;31,6;Direto
CLI002509;LARGE ENTERPRISE;HEALTHCARE AND LIFE SCIENCES;CO;44,7;Direto
CLI002511;MID MARKET;MANUFACTURING AND NATURAL RESOURCES;BR;49,4;Direto
CLI002512;PUBLIC SECTOR;EDUCATION;BR;55,2;Direto
CLI002513;MID MARKET;MANUFACTURING AND NATURAL RESOURCES;BR;48,0;Direto
CLI002514;GLOBAL ACCOUNT;WHOLESALE TRADE;BR;32,8;Direto
CLI002515;MID MARKET;COMMUNICATIONS, MEDIA AND SERVICES;BR;20,4;Direto
CLI002516;MID MARKET;MANUFACTURING AND NATURAL RESOURCES;BR;20,4;Direto
CLI002517;PUBLIC SECTOR;GOVERNMENT;BR;20,4;Direto
CLI002518;GLOBAL ACCOUNT;MANUFACTURING AND NATURAL RESOURCES;CO;60,8;Direto
CLI002519;GLOBAL ACCOUNT;COMMUNICATIONS, MEDIA AND SERVICES;CO;65,1;Direto
CLI002538;PUBLIC SECTOR;GOVERNMENT;BR;20,4;Direto
CLI002539;LARGE ENTERPRISE;HEALTHCARE AND LIFE SCIENCES;BR;64,7;Direto
CLI002540;MID MARKET;WHOLESALE TRADE;BR;55,4;Direto
CLI002541;MID MARKET;COMMUNICATIONS, MEDIA AND SERVICES;BR;20,4;Direto
CLI002543;MID MARKET;RETAIL;BR;20,4;Direto
CLI002553;GLOBAL ACCOUNT;MANUFACTURING AND NATURAL RESOURCES;MX;65,0;Direto
CLI002558;LARGE ENTERPRISE;COMMUNICATIONS, MEDIA AND SERVICES;PE;32,8;Direto
CLI002564;MID MARKET;MANUFACTURING AND NATURAL RESOURCES;BR;20,4;Direto
CLI002565;STRATEGIC ACCOUNT;COMMUNICATIONS, MEDIA AND SERVICES;BR;20,4;Direto
CLI002566;MID MARKET;COMMUNICATIONS, MEDIA AND SERVICES;BR;50,4;Direto
CLI002567;LARGE ENTERPRISE;WHOLESALE TRADE;BR;20,4;Direto
CLI002568;MID MARKET;MANUFACTURING AND NATURAL RESOURCES;BR;20,4;Direto
CLI002572;LARGE ENTERPRISE;WHOLESALE TRADE;BR;21,1;Direto
CLI002573;PUBLIC SECTOR;HEALTHCARE AND LIFE SCIENCES;BR;14,1;Direto
CLI002574;MID MARKET;MANUFACTURING AND NATURAL RESOURCES;BR;20,3;Direto
CLI002575;MID MARKET;COMMUNICATIONS, MEDIA AND SERVICES;BR;20,3;Direto
CLI002582;GLOBAL ACCOUNT;RETAIL;AR;62,7;Direto
CLI002588;GLOBAL ACCOUNT;MANUFACTURING AND NATURAL RESOURCES;AR;29,2;Direto
CLI002595;STRATEGIC ACCOUNT;MANUFACTURING AND NATURAL RESOURCES;BR;65,5;Direto
CLI002596;MID MARKET;MANUFACTURING AND NATURAL RESOURCES;BR;20,3;Direto
CLI002599;SMALL MARKET;COMMUNICATIONS, MEDIA AND SERVICES;BR;20,3;Direto
CLI002614;GLOBAL ACCOUNT;RETAIL;CL;61,8;Direto
CLI002615;LARGE ENTERPRISE;HEALTHCARE AND LIFE SCIENCES;BR;20,2;Direto
CLI002616;LARGE ENTERPRISE;MANUFACTURING AND NATURAL RESOURCES;BR;20,2;Direto
CLI002617;MID MARKET;COMMUNICATIONS, MEDIA AND SERVICES;BR;20,2;Direto
CLI002618;PUBLIC SECTOR;MANUFACTURING AND NATURAL RESOURCES;CL;53,6;Direto
CLI002619;LARGE ENTERPRISE;MANUFACTURING AND NATURAL RESOURCES;AR;65,6;Direto
CLI002620;GLOBAL ACCOUNT;MANUFACTURING AND NATURAL RESOURCES;CO;62,6;Direto
CLI002633;GLOBAL ACCOUNT;MANUFACTURING AND NATURAL RESOURCES;AR;32,4;Direto
CLI002654;MID MARKET;WHOLESALE TRADE;BR;62,0;Direto
CLI002656;MID MARKET;MANUFACTURING AND NATURAL RESOURCES;BR;34,7;Direto
CLI002657;MID MARKET;MANUFACTURING AND NATURAL RESOURCES;BR;65,5;Direto
CLI002658;MID MARKET;MANUFACTURING AND NATURAL RESOURCES;BR;20,2;Direto
CLI002659;LARGE ENTERPRISE;COMMUNICATIONS, MEDIA AND SERVICES;BR;20,2;Direto
CLI002660;MID MARKET;COMMUNICATIONS, MEDIA AND SERVICES;BR;40,8;Direto
CLI002661;LARGE ENTERPRISE;MANUFACTURING AND NATURAL RESOURCES;BR;53,1;Direto
CLI002662;MID MARKET;RETAIL;BR;62,7;Direto
CLI002663;LARGE ENTERPRISE;COMMUNICATIONS, MEDIA AND SERVICES;BR;30,3;Direto
CLI002664;SMALL MARKET;COMMUNICATIONS, MEDIA AND SERVICES;BR;20,2;Direto
CLI002665;MID MARKET;COMMUNICATIONS, MEDIA AND SERVICES;BR;44,8;Direto
CLI002667;MID MARKET;MANUFACTURING AND NATURAL RESOURCES;BR;20,2;Direto
CLI002669;MID MARKET;RETAIL;BR;20,2;Direto
CLI002671;SMALL MARKET;HEALTHCARE AND LIFE SCIENCES;BR;20,2;Direto
CLI002672;SMALL MARKET;RETAIL;BR;20,2;Direto
CLI002674;MID MARKET;MANUFACTURING AND NATURAL RESOURCES;BR;20,2;Direto
CLI002678;LARGE ENTERPRISE;COMMUNICATIONS, MEDIA AND SERVICES;CO;3,5;Direto
CLI002684;GLOBAL ACCOUNT;COMMUNICATIONS, MEDIA AND SERVICES;MX;40,7;Direto
CLI002698;GLOBAL ACCOUNT;COMMUNICATIONS, MEDIA AND SERVICES;MX;48,2;Direto
CLI002708;MID MARKET;COMMUNICATIONS, MEDIA AND SERVICES;BR;20,2;Direto
CLI002711;MID MARKET;WHOLESALE TRADE;BR;44,5;Direto
CLI002713;MID MARKET;COMMUNICATIONS, MEDIA AND SERVICES;BR;20,1;Direto
CLI002714;LARGE ENTERPRISE;TRANSPORTATION;BR;20,1;Direto
CLI002715;SMALL MARKET;MANUFACTURING AND NATURAL RESOURCES;BR;20,1;Direto
CLI002717;GLOBAL ACCOUNT;POWER AND UTILITIES;MX;59,0;Direto
CLI002721;GLOBAL ACCOUNT;COMMUNICATIONS, MEDIA AND SERVICES;BR;48,6;Direto
CLI002722;MID MARKET;COMMUNICATIONS, MEDIA AND SERVICES;BR;59,8;Direto
CLI002723;PUBLIC SECTOR;GOVERNMENT;BR;47,8;Direto
CLI002724;MID MARKET;COMMUNICATIONS, MEDIA AND SERVICES;BR;38,0;Direto
CLI002726;MID MARKET;WHOLESALE TRADE;BR;15,2;Direto
CLI002727;MID MARKET;COMMUNICATIONS, MEDIA AND SERVICES;BR;20,1;Direto
CLI002743;GLOBAL ACCOUNT;COMMUNICATIONS, MEDIA AND SERVICES;MX;30,0;Direto
CLI002795;MID MARKET;TRANSPORTATION;BR;19,8;Direto
CLI002796;MID MARKET;EDUCATION;BR;57,1;Direto
CLI002797;MID MARKET;RETAIL;BR;46,6;Direto
CLI002799;MID MARKET;BANKING AND INVESTMENT SERVICES;BR;63,9;Direto
CLI002800;LARGE ENTERPRISE;MANUFACTURING AND NATURAL RESOURCES;BR;39,6;Direto
CLI002801;MID MARKET;WHOLESALE TRADE;BR;19,8;Direto
CLI002802;MID MARKET;OIL AND GAS;BR;38,4;Direto
CLI002841;SMALL MARKET;RETAIL;AR;41,5;Direto
CLI002842;MID MARKET;COMMUNICATIONS, MEDIA AND SERVICES;BR;50,1;Direto
CLI002843;MID MARKET;POWER AND UTILITIES;BR;19,8;Direto
CLI002845;LARGE ENTERPRISE;COMMUNICATIONS, MEDIA AND SERVICES;PE;65,5;Direto
CLI002848;GLOBAL ACCOUNT;COMMUNICATIONS, MEDIA AND SERVICES;MX;58,7;Direto
CLI002875;MID MARKET;WHOLESALE TRADE;BR;58,7;Direto
CLI002876;MID MARKET;POWER AND UTILITIES;BR;63,1;Direto
CLI002877;MID MARKET;COMMUNICATIONS, MEDIA AND SERVICES;BR;19,8;Direto
CLI002878;MID MARKET;MANUFACTURING AND NATURAL RESOURCES;BR;31,1;Direto
CLI002898;GLOBAL ACCOUNT;COMMUNICATIONS, MEDIA AND SERVICES;AR;27,6;Direto
CLI002901;GLOBAL ACCOUNT;WHOLESALE TRADE;CO;65,5;Direto
CLI002902;LARGE ENTERPRISE;MANUFACTURING AND NATURAL RESOURCES;MX;65,6;Direto
CLI002903;LARGE ENTERPRISE;MANUFACTURING AND NATURAL RESOURCES;PE;65,3;Direto
CLI002904;GLOBAL ACCOUNT;WHOLESALE TRADE;MX;65,0;Direto
CLI002938;LARGE ENTERPRISE;BANKING AND INVESTMENT SERVICES;AR;56,6;Direto
CLI002964;LARGE ENTERPRISE;COMMUNICATIONS, MEDIA AND SERVICES;CO;23,3;Direto
CLI002965;LARGE ENTERPRISE;MANUFACTURING AND NATURAL RESOURCES;PE;45,0;Direto
CLI002966;GLOBAL ACCOUNT;MANUFACTURING AND NATURAL RESOURCES;AR;59,0;Direto
CLI002967;GLOBAL ACCOUNT;MANUFACTURING AND NATURAL RESOURCES;PE;59,7;Direto
CLI002975;SMALL MARKET;WHOLESALE TRADE;MX;60,1;Direto
CLI002992;SMALL MARKET;COMMUNICATIONS, MEDIA AND SERVICES;PE;36,1;Direto
CLI002994;LARGE ENTERPRISE;COMMUNICATIONS, MEDIA AND SERVICES;CO;63,9;Direto
CLI003010;LARGE ENTERPRISE;RETAIL;CO;23,5;Direto
CLI003024;GLOBAL ACCOUNT;COMMUNICATIONS, MEDIA AND SERVICES;MX;65,3;Direto
CLI003025;GLOBAL ACCOUNT;MANUFACTURING AND NATURAL RESOURCES;MX;65,7;Direto
CLI003033;LARGE ENTERPRISE;EDUCATION;CO;57,6;Direto
CLI003035;GLOBAL ACCOUNT;COMMUNICATIONS, MEDIA AND SERVICES;CO;51,5;Direto
CLI003049;SMALL MARKET;WHOLESALE TRADE;CO;42,8;Direto
CLI003056;LARGE ENTERPRISE;COMMUNICATIONS, MEDIA AND SERVICES;AR;64,8;Direto
CLI003058;LARGE ENTERPRISE;BANKING AND INVESTMENT SERVICES;AR;57,3;Direto
CLI003064;GLOBAL ACCOUNT;COMMUNICATIONS, MEDIA AND SERVICES;CO;50,0;Direto
CLI003084;LARGE ENTERPRISE;BANKING AND INVESTMENT SERVICES;CO;56,9;Direto
CLI003086;LARGE ENTERPRISE;BANKING AND INVESTMENT SERVICES;MX;28,3;Direto
CLI003092;GLOBAL ACCOUNT;MANUFACTURING AND NATURAL RESOURCES;MX;60,8;Direto
CLI003094;GLOBAL ACCOUNT;INSURANCE;PE;62,2;Direto
CLI003106;MID MARKET;MANUFACTURING AND NATURAL RESOURCES;BR;28,9;Direto
CLI003108;MID MARKET;INSURANCE;BR;19,4;Direto
CLI003109;LARGE ENTERPRISE;HEALTHCARE AND LIFE SCIENCES;CO;65,5;Direto
CLI003114;MID MARKET;EDUCATION;BR;19,4;Direto
CLI003115;LARGE ENTERPRISE;INSURANCE;CO;65,2;Direto
CLI003136;GLOBAL ACCOUNT;WHOLESALE TRADE;MX;65,6;Direto
CLI003150;LARGE ENTERPRISE;COMMUNICATIONS, MEDIA AND SERVICES;PE;43,4;Direto
CLI003154;MID MARKET;WHOLESALE TRADE;BR;19,3;Direto
CLI003155;MID MARKET;POWER AND UTILITIES;BR;19,3;Direto
CLI003156;GLOBAL ACCOUNT;COMMUNICATIONS, MEDIA AND SERVICES;MX;65,6;Direto
CLI003179;GLOBAL ACCOUNT;COMMUNICATIONS, MEDIA AND SERVICES;AR;65,2;Direto
CLI003180;GLOBAL ACCOUNT;COMMUNICATIONS, MEDIA AND SERVICES;CO;37,3;Direto
CLI003181;GLOBAL ACCOUNT;WHOLESALE TRADE;AR;64,2;Direto
CLI003184;GLOBAL ACCOUNT;WHOLESALE TRADE;MX;17,0;Direto
CLI003186;STRATEGIC ACCOUNT;RETAIL;MX;26,5;Direto
CLI003198;LARGE ENTERPRISE;BANKING AND INVESTMENT SERVICES;BR;19,2;Direto
CLI003199;MID MARKET;COMMUNICATIONS, MEDIA AND SERVICES;BR;34,5;Direto
CLI003200;MID MARKET;MANUFACTURING AND NATURAL RESOURCES;BR;19,2;Direto
CLI003201;SMALL MARKET;COMMUNICATIONS, MEDIA AND SERVICES;BR;19,2;Direto
CLI003202;MID MARKET;RETAIL;BR;19,2;Direto
CLI003203;MID MARKET;WHOLESALE TRADE;BR;19,2;Direto
CLI003221;LARGE ENTERPRISE;BANKING AND INVESTMENT SERVICES;BR;19,2;Direto
CLI003222;MID MARKET;WHOLESALE TRADE;BR;56,7;Direto
CLI003223;LARGE ENTERPRISE;MANUFACTURING AND NATURAL RESOURCES;BR;19,2;Direto
CLI003224;LARGE ENTERPRISE;MANUFACTURING AND NATURAL RESOURCES;BR;19,2;Direto
CLI003225;GLOBAL ACCOUNT;MANUFACTURING AND NATURAL RESOURCES;MX;18,1;Direto
CLI003229;MID MARKET;MANUFACTURING AND NATURAL RESOURCES;BR;19,1;Direto
CLI003230;PUBLIC SECTOR;EDUCATION;BR;57,3;Direto
CLI003231;SMALL MARKET;COMMUNICATIONS, MEDIA AND SERVICES;BR;19,1;Direto
CLI003233;GLOBAL ACCOUNT;MANUFACTURING AND NATURAL RESOURCES;MX;14,1;Direto
CLI003237;SMALL MARKET;WHOLESALE TRADE;MX;50,8;Direto
CLI003249;LARGE ENTERPRISE;COMMUNICATIONS, MEDIA AND SERVICES;BR;19,1;Direto
CLI003250;MID MARKET;COMMUNICATIONS, MEDIA AND SERVICES;BR;19,1;Direto
CLI003253;GLOBAL ACCOUNT;MANUFACTURING AND NATURAL RESOURCES;CO;16,3;Direto
CLI003254;LARGE ENTERPRISE;MANUFACTURING AND NATURAL RESOURCES;MX;39,9;Direto
CLI003275;MID MARKET;COMMUNICATIONS, MEDIA AND SERVICES;BR;19,1;Direto
CLI003276;MID MARKET;MANUFACTURING AND NATURAL RESOURCES;BR;19,1;Direto
CLI003280;LARGE ENTERPRISE;MANUFACTURING AND NATURAL RESOURCES;PE;62,9;Direto
CLI003281;LARGE ENTERPRISE;UNCLASSIFIED;CO;65,3;Direto
CLI003289;GLOBAL ACCOUNT;BANKING AND INVESTMENT SERVICES;AR;54,1;Direto
CLI003306;MID MARKET;COMMUNICATIONS, MEDIA AND SERVICES;BR;19,0;Direto
CLI003309;GLOBAL ACCOUNT;COMMUNICATIONS, MEDIA AND SERVICES;MX;64,6;Direto
CLI003320;LARGE ENTERPRISE;COMMUNICATIONS, MEDIA AND SERVICES;CO;12,8;Direto
CLI003342;GLOBAL ACCOUNT;BANKING AND INVESTMENT SERVICES;CL;65,2;Direto
CLI003343;GLOBAL ACCOUNT;BANKING AND INVESTMENT SERVICES;CO;61,5;Direto
CLI003352;LARGE ENTERPRISE;COMMUNICATIONS, MEDIA AND SERVICES;BR;14,6;Direto
CLI003353;MID MARKET;COMMUNICATIONS, MEDIA AND SERVICES;BR;19,0;Direto
CLI003365;MID MARKET;TRANSPORTATION;BR;58,2;Direto
CLI003367;GLOBAL ACCOUNT;WHOLESALE TRADE;BR;18,9;Direto
CLI003368;GLOBAL ACCOUNT;MANUFACTURING AND NATURAL RESOURCES;MX;65,7;Direto
CLI003369;GLOBAL ACCOUNT;MANUFACTURING AND NATURAL RESOURCES;AR;46,1;Direto
CLI003372;GLOBAL ACCOUNT;INSURANCE;MX;65,5;Direto
CLI003374;LARGE ENTERPRISE;OIL AND GAS;AR;58,7;Direto
CLI003379;GLOBAL ACCOUNT;BANKING AND INVESTMENT SERVICES;CL;29,4;Direto
CLI003400;MID MARKET;MANUFACTURING AND NATURAL RESOURCES;BR;18,8;Direto
CLI003401;GLOBAL ACCOUNT;WHOLESALE TRADE;PE;64,3;Direto
CLI003403;GLOBAL ACCOUNT;WHOLESALE TRADE;AR;17,2;Direto
CLI003404;PUBLIC SECTOR;MANUFACTURING AND NATURAL RESOURCES;AR;63,4;Direto
CLI003405;LARGE ENTERPRISE;MANUFACTURING AND NATURAL RESOURCES;CO;61,6;Direto
CLI003406;GLOBAL ACCOUNT;COMMUNICATIONS, MEDIA AND SERVICES;CO;65,5;Direto
CLI003407;GLOBAL ACCOUNT;COMMUNICATIONS, MEDIA AND SERVICES;CO;65,1;Direto
CLI003429;MID MARKET;COMMUNICATIONS, MEDIA AND SERVICES;BR;63,1;Direto
CLI003431;MID MARKET;COMMUNICATIONS, MEDIA AND SERVICES;BR;18,8;Direto
CLI003432;MID MARKET;MANUFACTURING AND NATURAL RESOURCES;BR;18,8;Direto
CLI003433;PUBLIC SECTOR;GOVERNMENT;BR;16,4;Direto
CLI003435;STRATEGIC ACCOUNT;INSURANCE;MX;23,2;Direto
CLI003455;MID MARKET;MANUFACTURING AND NATURAL RESOURCES;BR;18,8;Direto
CLI003456;LARGE ENTERPRISE;MANUFACTURING AND NATURAL RESOURCES;BR;62,3;Direto
CLI003457;MID MARKET;BANKING AND INVESTMENT SERVICES;BR;18,8;Direto
CLI003459;LARGE ENTERPRISE;RETAIL;CO;65,3;Direto
CLI003487;MID MARKET;MANUFACTURING AND NATURAL RESOURCES;BR;47,5;Direto
CLI003492;GLOBAL ACCOUNT;WHOLESALE TRADE;MX;65,6;Direto
CLI003494;LARGE ENTERPRISE;COMMUNICATIONS, MEDIA AND SERVICES;MX;64,1;Direto
CLI003506;GLOBAL ACCOUNT;COMMUNICATIONS, MEDIA AND SERVICES;MX;49,5;Direto
CLI003519;MID MARKET;MANUFACTURING AND NATURAL RESOURCES;BR;49,6;Direto
CLI003520;MID MARKET;COMMUNICATIONS, MEDIA AND SERVICES;BR;18,6;Direto
CLI003521;MID MARKET;MANUFACTURING AND NATURAL RESOURCES;BR;18,6;Direto
CLI003522;MID MARKET;COMMUNICATIONS, MEDIA AND SERVICES;BR;33,9;Direto
CLI003524;GLOBAL ACCOUNT;HEALTHCARE AND LIFE SCIENCES;MX;17,7;Direto
CLI003527;GLOBAL ACCOUNT;MANUFACTURING AND NATURAL RESOURCES;CO;59,9;Direto
CLI003530;LARGE ENTERPRISE;COMMUNICATIONS, MEDIA AND SERVICES;CO;13,3;Direto
CLI003531;GLOBAL ACCOUNT;MANUFACTURING AND NATURAL RESOURCES;MX;33,2;Direto
CLI003532;LARGE ENTERPRISE;MANUFACTURING AND NATURAL RESOURCES;MX;22,3;Direto
CLI003546;MID MARKET;COMMUNICATIONS, MEDIA AND SERVICES;BR;33,5;Direto
CLI003548;PUBLIC SECTOR;EDUCATION;BR;51,2;Direto
CLI003549;MID MARKET;RETAIL;BR;18,6;Direto
CLI003550;LARGE ENTERPRISE;COMMUNICATIONS, MEDIA AND SERVICES;CL;29,6;Direto
CLI003551;GLOBAL ACCOUNT;WHOLESALE TRADE;MX;64,3;Direto
CLI003552;GLOBAL ACCOUNT;HEALTHCARE AND LIFE SCIENCES;MX;65,2;Direto
CLI003555;MID MARKET;COMMUNICATIONS, MEDIA AND SERVICES;MX;19,9;Direto
CLI003556;GLOBAL ACCOUNT;RETAIL;PE;62,7;Direto
CLI003570;LARGE ENTERPRISE;COMMUNICATIONS, MEDIA AND SERVICES;BR;45,5;Direto
CLI003571;LARGE ENTERPRISE;MANUFACTURING AND NATURAL RESOURCES;BR;64,3;Direto
CLI003572;MID MARKET;MANUFACTURING AND NATURAL RESOURCES;BR;44,0;Direto
CLI003573;LARGE ENTERPRISE;INSURANCE;BR;44,7;Direto
CLI003574;LARGE ENTERPRISE;MANUFACTURING AND NATURAL RESOURCES;BR;50,3;Direto
CLI003575;MID MARKET;MANUFACTURING AND NATURAL RESOURCES;BR;63,9;Direto
CLI003576;MID MARKET;COMMUNICATIONS, MEDIA AND SERVICES;BR;52,4;Direto
CLI003577;MID MARKET;INSURANCE;BR;18,6;Direto
CLI003579;MID MARKET;BANKING AND INVESTMENT SERVICES;BR;18,6;Direto
CLI003580;LARGE ENTERPRISE;MANUFACTURING AND NATURAL RESOURCES;CL;65,7;Direto
CLI003581;GLOBAL ACCOUNT;WHOLESALE TRADE;AR;65,3;Direto
CLI003593;GLOBAL ACCOUNT;WHOLESALE TRADE;AR;64,2;Direto
CLI003600;PUBLIC SECTOR;GOVERNMENT;BR;62,4;Direto
CLI003601;MID MARKET;BANKING AND INVESTMENT SERVICES;BR;61,3;Direto
CLI003602;MID MARKET;MANUFACTURING AND NATURAL RESOURCES;BR;18,5;Direto
CLI003603;GLOBAL ACCOUNT;BANKING AND INVESTMENT SERVICES;CO;64,7;Direto
CLI003606;MID MARKET;MANUFACTURING AND NATURAL RESOURCES;MX;50,3;Direto
CLI003607;GLOBAL ACCOUNT;MANUFACTURING AND NATURAL RESOURCES;CO;65,4;Direto
CLI003609;LARGE ENTERPRISE;COMMUNICATIONS, MEDIA AND SERVICES;MX;65,7;Direto
CLI003614;GLOBAL ACCOUNT;COMMUNICATIONS, MEDIA AND SERVICES;CL;51,4;Direto
CLI003630;GLOBAL ACCOUNT;BANKING AND INVESTMENT SERVICES;CL;54,3;Direto
CLI003636;STRATEGIC ACCOUNT;POWER AND UTILITIES;BR;35,4;Direto
CLI003637;LARGE ENTERPRISE;TRANSPORTATION;BR;58,2;Direto
CLI003638;MID MARKET;MANUFACTURING AND NATURAL RESOURCES;BR;18,4;Direto
CLI003639;MID MARKET;TRANSPORTATION;BR;18,4;Direto
CLI003642;GLOBAL ACCOUNT;WHOLESALE TRADE;MX;45,3;Direto
CLI003644;GLOBAL ACCOUNT;TRANSPORTATION;PE;33,1;Direto
CLI003645;PUBLIC SECTOR;OIL AND GAS;AR;48,7;Direto
CLI003659;LARGE ENTERPRISE;OIL AND GAS;AR;34,9;Direto
CLI003665;PUBLIC SECTOR;GOVERNMENT;BR;57,1;Direto
CLI003666;LARGE ENTERPRISE;MANUFACTURING AND NATURAL RESOURCES;BR;18,4;Direto
CLI003667;MID MARKET;COMMUNICATIONS, MEDIA AND SERVICES;BR;18,4;Direto
CLI003668;LARGE ENTERPRISE;HEALTHCARE AND LIFE SCIENCES;MX;64,9;Direto
CLI003670;MID MARKET;TRANSPORTATION;MX;64,6;Direto
CLI003671;GLOBAL ACCOUNT;MANUFACTURING AND NATURAL RESOURCES;MX;64,8;Direto
CLI003675;MID MARKET;EDUCATION;PE;63,8;Direto
CLI003687;MID MARKET;COMMUNICATIONS, MEDIA AND SERVICES;BR;18,4;Direto
CLI003688;MID MARKET;MANUFACTURING AND NATURAL RESOURCES;BR;18,4;Direto
CLI003689;MID MARKET;WHOLESALE TRADE;BR;54,3;Direto
CLI003690;MID MARKET;MANUFACTURING AND NATURAL RESOURCES;BR;18,4;Direto
CLI003691;MID MARKET;MANUFACTURING AND NATURAL RESOURCES;BR;18,4;Direto
CLI003692;MID MARKET;COMMUNICATIONS, MEDIA AND SERVICES;BR;18,4;Direto
CLI003693;MID MARKET;RETAIL;BR;18,4;Direto
CLI003695;LARGE ENTERPRISE;EDUCATION;AR;29,7;Direto
CLI003696;LARGE ENTERPRISE;HEALTHCARE AND LIFE SCIENCES;CO;65,3;Direto
CLI003708;LARGE ENTERPRISE;RETAIL;BR;63,6;Direto
CLI003709;MID MARKET;HEALTHCARE AND LIFE SCIENCES;BR;65,1;Direto
CLI003710;MID MARKET;COMMUNICATIONS, MEDIA AND SERVICES;BR;18,3;Direto
CLI003711;MID MARKET;COMMUNICATIONS, MEDIA AND SERVICES;BR;40,1;Direto
CLI003712;MID MARKET;COMMUNICATIONS, MEDIA AND SERVICES;BR;33,7;Direto
CLI003713;MID MARKET;EDUCATION;BR;39,6;Direto
CLI003714;MID MARKET;RETAIL;BR;18,3;Direto
CLI003715;MID MARKET;COMMUNICATIONS, MEDIA AND SERVICES;BR;18,3;Direto
CLI003716;MID MARKET;BANKING AND INVESTMENT SERVICES;BR;18,3;Direto
CLI003717;LARGE ENTERPRISE;MANUFACTURING AND NATURAL RESOURCES;BR;18,3;Direto
CLI003718;MID MARKET;BANKING AND INVESTMENT SERVICES;BR;18,3;Direto
CLI003719;GLOBAL ACCOUNT;COMMUNICATIONS, MEDIA AND SERVICES;CO;65,3;Direto
CLI003720;MID MARKET;WHOLESALE TRADE;AR;36,3;Direto
CLI003721;LARGE ENTERPRISE;POWER AND UTILITIES;CO;35,4;Direto
CLI003723;LARGE ENTERPRISE;TRANSPORTATION;MX;37,5;Direto
CLI003740;MID MARKET;INSURANCE;BR;18,3;Direto
CLI003741;MID MARKET;COMMUNICATIONS, MEDIA AND SERVICES;BR;37,2;Direto
CLI003742;MID MARKET;COMMUNICATIONS, MEDIA AND SERVICES;BR;18,3;Direto
CLI003743;GLOBAL ACCOUNT;WHOLESALE TRADE;PE;61,0;Direto
CLI003744;GLOBAL ACCOUNT;MANUFACTURING AND NATURAL RESOURCES;AR;65,3;Direto
CLI003745;LARGE ENTERPRISE;EDUCATION;PE;46,3;Direto
CLI003754;GLOBAL ACCOUNT;BANKING AND INVESTMENT SERVICES;MX;65,3;Direto
CLI003755;GLOBAL ACCOUNT;WHOLESALE TRADE;PE;32,7;Direto
CLI003760;SMALL MARKET;GOVERNMENT;PE;65,6;Direto
CLI003762;MID MARKET;COMMUNICATIONS, MEDIA AND SERVICES;BR;18,3;Direto
CLI003763;MID MARKET;RETAIL;BR;18,3;Direto
CLI003764;LARGE ENTERPRISE;COMMUNICATIONS, MEDIA AND SERVICES;BR;65,1;Direto
CLI003765;MID MARKET;BANKING AND INVESTMENT SERVICES;BR;33,1;Direto
CLI003766;MID MARKET;COMMUNICATIONS, MEDIA AND SERVICES;BR;18,2;Direto
CLI003769;MID MARKET;WHOLESALE TRADE;BR;65,3;Direto
CLI003770;LARGE ENTERPRISE;MANUFACTURING AND NATURAL RESOURCES;BR;63,7;Direto
CLI003771;MID MARKET;COMMUNICATIONS, MEDIA AND SERVICES;BR;18,2;Direto
CLI003772;MID MARKET;HEALTHCARE AND LIFE SCIENCES;BR;18,2;Direto
CLI003773;MID MARKET;COMMUNICATIONS, MEDIA AND SERVICES;BR;18,2;Direto
CLI003774;MID MARKET;COMMUNICATIONS, MEDIA AND SERVICES;BR;18,2;Direto
CLI003775;MID MARKET;INSURANCE;BR;18,2;Direto
CLI003777;MID MARKET;EDUCATION;CO;55,5;Direto
CLI003778;GLOBAL ACCOUNT;COMMUNICATIONS, MEDIA AND SERVICES;MX;23,7;Direto
CLI003781;GLOBAL ACCOUNT;MANUFACTURING AND NATURAL RESOURCES;MX;65,7;Direto
CLI003782;GLOBAL ACCOUNT;MANUFACTURING AND NATURAL RESOURCES;MX;65,5;Direto
CLI003783;GLOBAL ACCOUNT;WHOLESALE TRADE;CO;34,0;Direto
CLI003801;LARGE ENTERPRISE;BANKING AND INVESTMENT SERVICES;MX;59,2;Direto
CLI003805;LARGE ENTERPRISE;COMMUNICATIONS, MEDIA AND SERVICES;CL;4,1;Direto
CLI003806;GLOBAL ACCOUNT;COMMUNICATIONS, MEDIA AND SERVICES;BR;18,2;Direto
CLI003807;MID MARKET;HEALTHCARE AND LIFE SCIENCES;BR;18,2;Direto
CLI003808;MID MARKET;BANKING AND INVESTMENT SERVICES;BR;18,2;Direto
CLI003809;LARGE ENTERPRISE;MANUFACTURING AND NATURAL RESOURCES;BR;18,2;Direto
CLI003810;LARGE ENTERPRISE;COMMUNICATIONS, MEDIA AND SERVICES;BR;18,2;Direto
CLI003813;LARGE ENTERPRISE;MANUFACTURING AND NATURAL RESOURCES;MX;63,2;Direto
CLI003816;LARGE ENTERPRISE;EDUCATION;AR;33,3;Direto
CLI003817;STRATEGIC ACCOUNT;BANKING AND INVESTMENT SERVICES;MX;41,5;Direto
CLI003818;GLOBAL ACCOUNT;MANUFACTURING AND NATURAL RESOURCES;CO;59,3;Direto
CLI003830;MID MARKET;RETAIL;CO;12,0;Direto
CLI003831;GLOBAL ACCOUNT;COMMUNICATIONS, MEDIA AND SERVICES;AR;55,4;Direto
CLI003838;MID MARKET;RETAIL;BR;61,3;Direto
CLI003840;MID MARKET;MANUFACTURING AND NATURAL RESOURCES;BR;18,1;Direto
CLI003843;LARGE ENTERPRISE;WHOLESALE TRADE;MX;65,4;Direto
CLI003845;GLOBAL ACCOUNT;COMMUNICATIONS, MEDIA AND SERVICES;MX;65,3;Direto
CLI003847;LARGE ENTERPRISE;BANKING AND INVESTMENT SERVICES;MX;54,4;Direto
CLI003849;PUBLIC SECTOR;COMMUNICATIONS, MEDIA AND SERVICES;CO;11,1;Direto
CLI003867;MID MARKET;COMMUNICATIONS, MEDIA AND SERVICES;BR;56,1;Direto
CLI003868;MID MARKET;MANUFACTURING AND NATURAL RESOURCES;BR;63,9;Direto
CLI003869;LARGE ENTERPRISE;COMMUNICATIONS, MEDIA AND SERVICES;BR;18,1;Direto
CLI003870;PUBLIC SECTOR;COMMUNICATIONS, MEDIA AND SERVICES;BR;18,1;Direto
CLI003871;MID MARKET;COMMUNICATIONS, MEDIA AND SERVICES;BR;18,1;Direto
CLI003872;MID MARKET;COMMUNICATIONS, MEDIA AND SERVICES;BR;18,1;Direto
CLI003873;MID MARKET;COMMUNICATIONS, MEDIA AND SERVICES;BR;18,1;Direto
CLI003877;LARGE ENTERPRISE;TRANSPORTATION;MX;59,1;Direto
CLI003879;GLOBAL ACCOUNT;COMMUNICATIONS, MEDIA AND SERVICES;AR;61,8;Direto
CLI003880;GLOBAL ACCOUNT;COMMUNICATIONS, MEDIA AND SERVICES;AR;65,2;Direto
CLI003883;GLOBAL ACCOUNT;OIL AND GAS;MX;64,3;Direto
CLI003887;LARGE ENTERPRISE;MANUFACTURING AND NATURAL RESOURCES;MX;65,5;Direto
CLI003890;LARGE ENTERPRISE;EDUCATION;AR;24,4;Direto
CLI003910;LARGE ENTERPRISE;HEALTHCARE AND LIFE SCIENCES;BR;59,0;Direto
CLI003911;LARGE ENTERPRISE;RETAIL;BR;18,1;Direto
CLI003912;MID MARKET;COMMUNICATIONS, MEDIA AND SERVICES;BR;18,1;Direto
CLI003927;GLOBAL ACCOUNT;COMMUNICATIONS, MEDIA AND SERVICES;CO;65,4;Direto
CLI003928;GLOBAL ACCOUNT;COMMUNICATIONS, MEDIA AND SERVICES;CO;65,3;Direto
CLI003929;LARGE ENTERPRISE;WHOLESALE TRADE;MX;29,3;Direto
CLI003934;PUBLIC SECTOR;EDUCATION;BR;57,3;Direto
CLI003936;MID MARKET;MANUFACTURING AND NATURAL RESOURCES;BR;18,0;Direto
CLI003940;GLOBAL ACCOUNT;POWER AND UTILITIES;CO;43,1;Direto
CLI003941;LARGE ENTERPRISE;TRANSPORTATION;MX;64,8;Direto
CLI003942;GLOBAL ACCOUNT;COMMUNICATIONS, MEDIA AND SERVICES;MX;64,2;Direto
CLI003943;LARGE ENTERPRISE;HEALTHCARE AND LIFE SCIENCES;PE;65,5;Direto
CLI003944;LARGE ENTERPRISE;BANKING AND INVESTMENT SERVICES;PE;64,8;Direto
CLI003945;GLOBAL ACCOUNT;RETAIL;MX;65,6;Direto
CLI003946;GLOBAL ACCOUNT;COMMUNICATIONS, MEDIA AND SERVICES;CO;57,0;Direto
CLI003959;LARGE ENTERPRISE;MANUFACTURING AND NATURAL RESOURCES;BR;17,9;Direto
CLI003960;GLOBAL ACCOUNT;WHOLESALE TRADE;BR;54,5;Direto
CLI003962;MID MARKET;COMMUNICATIONS, MEDIA AND SERVICES;BR;17,9;Direto
CLI003968;LARGE ENTERPRISE;HEALTHCARE AND LIFE SCIENCES;AR;17,2;Direto
CLI003970;GLOBAL ACCOUNT;HEALTHCARE AND LIFE SCIENCES;MX;65,0;Direto
CLI003972;GLOBAL ACCOUNT;MANUFACTURING AND NATURAL RESOURCES;CO;63,7;Direto
CLI003973;GLOBAL ACCOUNT;HEALTHCARE AND LIFE SCIENCES;MX;65,5;Direto
CLI003974;LARGE ENTERPRISE;MANUFACTURING AND NATURAL RESOURCES;CO;65,3;Direto
CLI003978;LARGE ENTERPRISE;RETAIL;PE;27,7;Direto
CLI003985;MID MARKET;BANKING AND INVESTMENT SERVICES;BR;65,7;Direto
CLI003986;GLOBAL ACCOUNT;RETAIL;PE;64,3;Direto
CLI003988;GLOBAL ACCOUNT;COMMUNICATIONS, MEDIA AND SERVICES;MX;38,4;Direto
CLI003990;GLOBAL ACCOUNT;HEALTHCARE AND LIFE SCIENCES;AR;65,5;Direto
CLI003991;STRATEGIC ACCOUNT;INSURANCE;MX;59,8;Direto
CLI003992;LARGE ENTERPRISE;OIL AND GAS;AR;18,8;Direto
CLI004002;GLOBAL ACCOUNT;COMMUNICATIONS, MEDIA AND SERVICES;MX;60,8;Direto
CLI004010;GLOBAL ACCOUNT;MANUFACTURING AND NATURAL RESOURCES;MX;26,3;Direto
CLI004011;LARGE ENTERPRISE;COMMUNICATIONS, MEDIA AND SERVICES;CO;65,1;Direto
CLI004020;MID MARKET;COMMUNICATIONS, MEDIA AND SERVICES;BR;17,9;Direto
CLI004021;MID MARKET;COMMUNICATIONS, MEDIA AND SERVICES;BR;17,9;Direto
CLI004022;MID MARKET;BANKING AND INVESTMENT SERVICES;BR;43,2;Direto
CLI004023;MID MARKET;MANUFACTURING AND NATURAL RESOURCES;BR;34,7;Direto
CLI004024;MID MARKET;RETAIL;BR;17,9;Direto
CLI004025;MID MARKET;MANUFACTURING AND NATURAL RESOURCES;BR;17,9;Direto
CLI004026;GLOBAL ACCOUNT;MANUFACTURING AND NATURAL RESOURCES;MX;17,7;Direto
CLI004030;GLOBAL ACCOUNT;WHOLESALE TRADE;MX;65,5;Direto
CLI004031;LARGE ENTERPRISE;COMMUNICATIONS, MEDIA AND SERVICES;PE;65,5;Direto
CLI004032;GLOBAL ACCOUNT;HEALTHCARE AND LIFE SCIENCES;MX;62,4;Direto
CLI004033;GLOBAL ACCOUNT;WHOLESALE TRADE;CL;61,3;Direto
CLI004036;GLOBAL ACCOUNT;BANKING AND INVESTMENT SERVICES;MX;64,7;Direto
CLI004043;GLOBAL ACCOUNT;COMMUNICATIONS, MEDIA AND SERVICES;CO;55,0;Direto
CLI004049;PUBLIC SECTOR;GOVERNMENT;BR;17,8;Direto
CLI004050;MID MARKET;COMMUNICATIONS, MEDIA AND SERVICES;BR;17,8;Direto
CLI004051;MID MARKET;COMMUNICATIONS, MEDIA AND SERVICES;BR;44,6;Direto
CLI004053;MID MARKET;EDUCATION;BR;17,8;Direto
CLI004054;LARGE ENTERPRISE;COMMUNICATIONS, MEDIA AND SERVICES;BR;32,1;Direto
CLI004055;MID MARKET;MANUFACTURING AND NATURAL RESOURCES;BR;17,8;Direto
CLI004056;PUBLIC SECTOR;COMMUNICATIONS, MEDIA AND SERVICES;BR;17,8;Direto
CLI004058;LARGE ENTERPRISE;EDUCATION;AR;59,6;Direto
CLI004064;LARGE ENTERPRISE;HEALTHCARE AND LIFE SCIENCES;MX;18,0;Direto
CLI004065;LARGE ENTERPRISE;COMMUNICATIONS, MEDIA AND SERVICES;CO;56,4;Direto
CLI004068;LARGE ENTERPRISE;COMMUNICATIONS, MEDIA AND SERVICES;CO;10,5;Direto
CLI004083;GLOBAL ACCOUNT;COMMUNICATIONS, MEDIA AND SERVICES;BR;62,3;Direto
CLI004084;PUBLIC SECTOR;COMMUNICATIONS, MEDIA AND SERVICES;BR;32,0;Direto
CLI004085;PUBLIC SECTOR;EDUCATION;BR;27,9;Direto
CLI004087;MID MARKET;HEALTHCARE AND LIFE SCIENCES;BR;17,7;Direto
CLI004088;PUBLIC SECTOR;GOVERNMENT;BR;17,7;Direto
CLI004089;MID MARKET;RETAIL;BR;17,7;Direto
CLI004090;GLOBAL ACCOUNT;COMMUNICATIONS, MEDIA AND SERVICES;AR;59,1;Direto
CLI004093;LARGE ENTERPRISE;GOVERNMENT;CO;65,5;Direto
CLI004095;GLOBAL ACCOUNT;MANUFACTURING AND NATURAL RESOURCES;MX;48,4;Direto
CLI004096;GLOBAL ACCOUNT;RETAIL;CO;35,4;Direto
CLI004099;MID MARKET;COMMUNICATIONS, MEDIA AND SERVICES;PE;50,1;Direto
CLI004100;STRATEGIC ACCOUNT;BANKING AND INVESTMENT SERVICES;MX;21,0;Direto
CLI004113;MID MARKET;WHOLESALE TRADE;BR;65,5;Direto
CLI004114;LARGE ENTERPRISE;MANUFACTURING AND NATURAL RESOURCES;BR;17,7;Direto
CLI004115;MID MARKET;BANKING AND INVESTMENT SERVICES;BR;48,7;Direto
CLI004117;LARGE ENTERPRISE;WHOLESALE TRADE;BR;17,7;Direto
CLI004118;PUBLIC SECTOR;EDUCATION;BR;18,8;Direto
CLI004119;MID MARKET;COMMUNICATIONS, MEDIA AND SERVICES;BR;17,7;Direto
CLI004120;MID MARKET;COMMUNICATIONS, MEDIA AND SERVICES;BR;29,4;Direto
CLI004121;MID MARKET;COMMUNICATIONS, MEDIA AND SERVICES;BR;17,7;Direto
CLI004122;MID MARKET;MANUFACTURING AND NATURAL RESOURCES;BR;17,7;Direto
CLI004124;MID MARKET;MANUFACTURING AND NATURAL RESOURCES;BR;17,7;Direto
CLI004127;GLOBAL ACCOUNT;WHOLESALE TRADE;PE;64,6;Direto
CLI004128;SMALL MARKET;WHOLESALE TRADE;MX;46,3;Direto
CLI004131;GLOBAL ACCOUNT;MANUFACTURING AND NATURAL RESOURCES;MX;32,6;Direto
CLI004132;GLOBAL ACCOUNT;WHOLESALE TRADE;MX;59,7;Direto
CLI004134;GLOBAL ACCOUNT;WHOLESALE TRADE;AR;62,0;Direto
CLI004139;GLOBAL ACCOUNT;COMMUNICATIONS, MEDIA AND SERVICES;CO;65,5;Direto
CLI004152;MID MARKET;WHOLESALE TRADE;BR;57,3;Direto
CLI004153;MID MARKET;COMMUNICATIONS, MEDIA AND SERVICES;BR;65,5;Direto
CLI004155;GLOBAL ACCOUNT;WHOLESALE TRADE;CO;56,3;Direto
CLI004161;GLOBAL ACCOUNT;COMMUNICATIONS, MEDIA AND SERVICES;PE;56,0;Direto
CLI004165;LARGE ENTERPRISE;MANUFACTURING AND NATURAL RESOURCES;MX;54,3;Direto
CLI004169;GLOBAL ACCOUNT;COMMUNICATIONS, MEDIA AND SERVICES;AR;64,2;Direto
CLI004171;LARGE ENTERPRISE;COMMUNICATIONS, MEDIA AND SERVICES;PE;65,0;Direto
CLI004172;LARGE ENTERPRISE;MANUFACTURING AND NATURAL RESOURCES;PE;62,4;Direto
CLI004173;LARGE ENTERPRISE;COMMUNICATIONS, MEDIA AND SERVICES;PE;65,1;Direto
CLI004176;GLOBAL ACCOUNT;OIL AND GAS;CO;18,9;Direto
CLI004187;LARGE ENTERPRISE;COMMUNICATIONS, MEDIA AND SERVICES;BR;17,6;Direto
CLI004188;MID MARKET;MANUFACTURING AND NATURAL RESOURCES;BR;17,6;Direto
CLI004189;MID MARKET;COMMUNICATIONS, MEDIA AND SERVICES;BR;17,6;Direto
CLI004192;GLOBAL ACCOUNT;RETAIL;CO;61,1;Direto
CLI004193;GLOBAL ACCOUNT;INSURANCE;AR;32,8;Direto
CLI004194;GLOBAL ACCOUNT;TRANSPORTATION;MX;48,9;Direto
CLI004195;LARGE ENTERPRISE;WHOLESALE TRADE;AR;60,6;Direto
CLI004196;MID MARKET;OIL AND GAS;MX;35,8;Direto
CLI004197;LARGE ENTERPRISE;COMMUNICATIONS, MEDIA AND SERVICES;AR;65,0;Direto
CLI004199;GLOBAL ACCOUNT;HEALTHCARE AND LIFE SCIENCES;MX;65,5;Direto
CLI004201;LARGE ENTERPRISE;MANUFACTURING AND NATURAL RESOURCES;PE;65,3;Direto
CLI004202;MID MARKET;BANKING AND INVESTMENT SERVICES;MX;27,2;Direto
CLI004204;GLOBAL ACCOUNT;MANUFACTURING AND NATURAL RESOURCES;MX;63,8;Direto
CLI004222;MID MARKET;COMMUNICATIONS, MEDIA AND SERVICES;BR;17,6;Direto
CLI004224;MID MARKET;COMMUNICATIONS, MEDIA AND SERVICES;BR;41,7;Direto
CLI004225;MID MARKET;COMMUNICATIONS, MEDIA AND SERVICES;BR;60,6;Direto
CLI004226;SMALL MARKET;WHOLESALE TRADE;BR;33,9;Direto
CLI004227;PUBLIC SECTOR;EDUCATION;BR;17,6;Direto
CLI004228;MID MARKET;WHOLESALE TRADE;BR;53,1;Direto
CLI004229;MID MARKET;COMMUNICATIONS, MEDIA AND SERVICES;BR;17,6;Direto
CLI004230;PUBLIC SECTOR;EDUCATION;BR;38,3;Direto
CLI004231;PUBLIC SECTOR;EDUCATION;BR;17,6;Direto
CLI004232;MID MARKET;COMMUNICATIONS, MEDIA AND SERVICES;BR;17,6;Direto
CLI004260;MID MARKET;HEALTHCARE AND LIFE SCIENCES;BR;60,3;Direto
CLI004261;MID MARKET;COMMUNICATIONS, MEDIA AND SERVICES;BR;17,6;Direto
CLI004262;MID MARKET;COMMUNICATIONS, MEDIA AND SERVICES;BR;17,5;Direto
CLI004264;MID MARKET;WHOLESALE TRADE;BR;62,3;Direto
CLI004265;GLOBAL ACCOUNT;WHOLESALE TRADE;MX;65,5;Direto
CLI004266;LARGE ENTERPRISE;MANUFACTURING AND NATURAL RESOURCES;CO;58,3;Direto
CLI004268;LARGE ENTERPRISE;RETAIL;PE;51,5;Direto
CLI004273;LARGE ENTERPRISE;WHOLESALE TRADE;AR;60,6;Direto
CLI004275;GLOBAL ACCOUNT;COMMUNICATIONS, MEDIA AND SERVICES;PE;9,5;Direto
CLI004283;STRATEGIC ACCOUNT;COMMUNICATIONS, MEDIA AND SERVICES;BR;36,1;Direto
CLI004284;MID MARKET;WHOLESALE TRADE;BR;17,5;Direto
CLI004285;MID MARKET;RETAIL;BR;17,5;Direto
CLI004286;MID MARKET;RETAIL;BR;61,7;Direto
CLI004288;MID MARKET;WHOLESALE TRADE;BR;17,5;Direto
CLI004289;MID MARKET;WHOLESALE TRADE;BR;17,5;Direto
CLI004290;MID MARKET;WHOLESALE TRADE;BR;17,5;Direto
CLI004291;MID MARKET;MANUFACTURING AND NATURAL RESOURCES;BR;17,5;Direto
CLI004292;MID MARKET;MANUFACTURING AND NATURAL RESOURCES;BR;17,5;Direto
CLI004293;MID MARKET;COMMUNICATIONS, MEDIA AND SERVICES;BR;17,5;Direto
CLI004294;PUBLIC SECTOR;UNCLASSIFIED;CO;14,6;Direto
CLI004295;GLOBAL ACCOUNT;MANUFACTURING AND NATURAL RESOURCES;MX;64,5;Direto
CLI004296;GLOBAL ACCOUNT;MANUFACTURING AND NATURAL RESOURCES;MX;62,7;Direto
CLI004297;LARGE ENTERPRISE;EDUCATION;CO;61,5;Direto
CLI004298;LARGE ENTERPRISE;TRANSPORTATION;PE;44,5;Direto
CLI004302;GLOBAL ACCOUNT;COMMUNICATIONS, MEDIA AND SERVICES;MX;65,5;Direto
CLI004303;GLOBAL ACCOUNT;COMMUNICATIONS, MEDIA AND SERVICES;PE;61,3;Direto
CLI004307;GLOBAL ACCOUNT;COMMUNICATIONS, MEDIA AND SERVICES;AR;65,4;Direto
CLI004311;GLOBAL ACCOUNT;COMMUNICATIONS, MEDIA AND SERVICES;PE;58,4;Direto
CLI004313;LARGE ENTERPRISE;MANUFACTURING AND NATURAL RESOURCES;AR;64,8;Direto
CLI004315;GLOBAL ACCOUNT;WHOLESALE TRADE;CO;63,7;Direto
CLI004316;GLOBAL ACCOUNT;COMMUNICATIONS, MEDIA AND SERVICES;CO;62,0;Direto
CLI004319;MID MARKET;WHOLESALE TRADE;CO;64,5;Direto
CLI004334;LARGE ENTERPRISE;MANUFACTURING AND NATURAL RESOURCES;BR;12,5;Direto
CLI004335;MID MARKET;COMMUNICATIONS, MEDIA AND SERVICES;BR;59,2;Direto
CLI004336;LARGE ENTERPRISE;MANUFACTURING AND NATURAL RESOURCES;BR;55,2;Direto
CLI004339;GLOBAL ACCOUNT;COMMUNICATIONS, MEDIA AND SERVICES;MX;55,9;Direto
CLI004341;GLOBAL ACCOUNT;COMMUNICATIONS, MEDIA AND SERVICES;CO;65,5;Direto
CLI004343;GLOBAL ACCOUNT;HEALTHCARE AND LIFE SCIENCES;PE;57,0;Direto
CLI004345;GLOBAL ACCOUNT;COMMUNICATIONS, MEDIA AND SERVICES;MX;9,9;Direto
CLI004347;GLOBAL ACCOUNT;WHOLESALE TRADE;PE;65,1;Direto
CLI004348;LARGE ENTERPRISE;COMMUNICATIONS, MEDIA AND SERVICES;PE;65,2;Direto
CLI004349;LARGE ENTERPRISE;COMMUNICATIONS, MEDIA AND SERVICES;PE;55,7;Direto
CLI004365;PUBLIC SECTOR;GOVERNMENT;BR;14,3;Direto
CLI004366;LARGE ENTERPRISE;MANUFACTURING AND NATURAL RESOURCES;BR;17,4;Direto
CLI004367;MID MARKET;COMMUNICATIONS, MEDIA AND SERVICES;BR;54,0;Direto
CLI004368;MID MARKET;HEALTHCARE AND LIFE SCIENCES;BR;17,4;Direto
CLI004370;LARGE ENTERPRISE;COMMUNICATIONS, MEDIA AND SERVICES;BR;47,7;Direto
CLI004371;MID MARKET;COMMUNICATIONS, MEDIA AND SERVICES;BR;17,4;Direto
CLI004372;LARGE ENTERPRISE;COMMUNICATIONS, MEDIA AND SERVICES;BR;17,4;Direto
CLI004373;MID MARKET;TRANSPORTATION;BR;17,4;Direto
CLI004374;MID MARKET;RETAIL;BR;17,4;Direto
CLI004375;LARGE ENTERPRISE;RETAIL;PE;65,3;Direto
CLI004382;GLOBAL ACCOUNT;HEALTHCARE AND LIFE SCIENCES;AR;64,3;Direto
CLI004385;GLOBAL ACCOUNT;COMMUNICATIONS, MEDIA AND SERVICES;PE;64,6;Direto
CLI004386;GLOBAL ACCOUNT;INSURANCE;CO;58,4;Direto
CLI004392;GLOBAL ACCOUNT;MANUFACTURING AND NATURAL RESOURCES;AR;64,3;Direto
CLI004407;LARGE ENTERPRISE;MANUFACTURING AND NATURAL RESOURCES;BR;63,2;Direto
CLI004409;MID MARKET;COMMUNICATIONS, MEDIA AND SERVICES;BR;58,6;Direto
CLI004410;MID MARKET;MANUFACTURING AND NATURAL RESOURCES;BR;17,4;Direto
CLI004411;MID MARKET;COMMUNICATIONS, MEDIA AND SERVICES;BR;15,0;Direto
CLI004412;LARGE ENTERPRISE;MANUFACTURING AND NATURAL RESOURCES;BR;36,7;Direto
CLI004413;MID MARKET;MANUFACTURING AND NATURAL RESOURCES;BR;17,4;Direto
CLI004414;MID MARKET;COMMUNICATIONS, MEDIA AND SERVICES;BR;17,4;Direto
CLI004415;MID MARKET;COMMUNICATIONS, MEDIA AND SERVICES;BR;17,4;Direto
CLI004416;MID MARKET;COMMUNICATIONS, MEDIA AND SERVICES;BR;17,4;Direto
CLI004420;GLOBAL ACCOUNT;MANUFACTURING AND NATURAL RESOURCES;PE;44,7;Direto
CLI004428;LARGE ENTERPRISE;WHOLESALE TRADE;CO;53,4;Direto
CLI004429;LARGE ENTERPRISE;TRANSPORTATION;CO;65,3;Direto
CLI004435;GLOBAL ACCOUNT;COMMUNICATIONS, MEDIA AND SERVICES;PE;65,5;Direto
CLI004451;MID MARKET;COMMUNICATIONS, MEDIA AND SERVICES;BR;58,4;Direto
CLI004452;LARGE ENTERPRISE;RETAIL;BR;17,3;Direto
CLI004453;GLOBAL ACCOUNT;MANUFACTURING AND NATURAL RESOURCES;BR;50,3;Direto
CLI004454;MID MARKET;COMMUNICATIONS, MEDIA AND SERVICES;BR;53,5;Direto
CLI004455;MID MARKET;WHOLESALE TRADE;BR;17,3;Direto
CLI004456;MID MARKET;WHOLESALE TRADE;BR;36,9;Direto
CLI004457;MID MARKET;COMMUNICATIONS, MEDIA AND SERVICES;BR;17,3;Direto
CLI004460;MID MARKET;MANUFACTURING AND NATURAL RESOURCES;BR;17,3;Direto
CLI004461;MID MARKET;WHOLESALE TRADE;BR;48,8;Direto
CLI004465;LARGE ENTERPRISE;EDUCATION;PE;42,8;Direto
CLI004476;GLOBAL ACCOUNT;COMMUNICATIONS, MEDIA AND SERVICES;MX;44,2;Direto
CLI004477;STRATEGIC ACCOUNT;BANKING AND INVESTMENT SERVICES;MX;41,5;Direto
CLI004478;LARGE ENTERPRISE;WHOLESALE TRADE;PE;65,3;Direto
CLI004480;LARGE ENTERPRISE;BANKING AND INVESTMENT SERVICES;CO;65,2;Direto
CLI004491;MID MARKET;COMMUNICATIONS, MEDIA AND SERVICES;BR;17,2;Direto
CLI004504;GLOBAL ACCOUNT;WHOLESALE TRADE;PE;65,3;Direto
CLI004518;PUBLIC SECTOR;BANKING AND INVESTMENT SERVICES;CL;62,7;Direto
CLI004522;LARGE ENTERPRISE;WHOLESALE TRADE;CL;19,9;Direto
CLI004526;MID MARKET;COMMUNICATIONS, MEDIA AND SERVICES;BR;17,2;Direto
CLI004527;MID MARKET;BANKING AND INVESTMENT SERVICES;BR;63,2;Direto
CLI004529;GLOBAL ACCOUNT;COMMUNICATIONS, MEDIA AND SERVICES;CL;64,5;Direto
CLI004530;GLOBAL ACCOUNT;MANUFACTURING AND NATURAL RESOURCES;PE;63,0;Direto
CLI004539;GLOBAL ACCOUNT;WHOLESALE TRADE;MX;65,7;Direto
CLI004540;LARGE ENTERPRISE;COMMUNICATIONS, MEDIA AND SERVICES;PE;65,1;Direto
CLI004545;LARGE ENTERPRISE;COMMUNICATIONS, MEDIA AND SERVICES;CO;54,3;Direto
CLI004551;GLOBAL ACCOUNT;COMMUNICATIONS, MEDIA AND SERVICES;PE;34,5;Direto
CLI004559;MID MARKET;COMMUNICATIONS, MEDIA AND SERVICES;BR;64,6;Direto
CLI004560;MID MARKET;WHOLESALE TRADE;BR;17,2;Direto
CLI004561;MID MARKET;HEALTHCARE AND LIFE SCIENCES;BR;17,2;Direto
CLI004562;MID MARKET;COMMUNICATIONS, MEDIA AND SERVICES;BR;17,2;Direto
CLI004565;GLOBAL ACCOUNT;COMMUNICATIONS, MEDIA AND SERVICES;PE;62,5;Direto
CLI004568;PUBLIC SECTOR;BANKING AND INVESTMENT SERVICES;PE;58,3;Direto
CLI004584;LARGE ENTERPRISE;MANUFACTURING AND NATURAL RESOURCES;MX;64,3;Direto
CLI004586;SMALL MARKET;INSURANCE;PE;53,7;Direto
CLI004588;GLOBAL ACCOUNT;COMMUNICATIONS, MEDIA AND SERVICES;MX;60,9;Direto
CLI004592;GLOBAL ACCOUNT;WHOLESALE TRADE;MX;65,4;Direto
CLI004595;GLOBAL ACCOUNT;TRANSPORTATION;AR;34,7;Direto
CLI004615;LARGE ENTERPRISE;WHOLESALE TRADE;AR;59,4;Direto
CLI004619;LARGE ENTERPRISE;COMMUNICATIONS, MEDIA AND SERVICES;MX;65,0;Direto
CLI004626;GLOBAL ACCOUNT;HEALTHCARE AND LIFE SCIENCES;MX;41,0;Direto
CLI004635;GLOBAL ACCOUNT;WHOLESALE TRADE;PE;65,1;Direto
CLI004641;LARGE ENTERPRISE;WHOLESALE TRADE;PE;65,3;Direto
CLI004642;GLOBAL ACCOUNT;BANKING AND INVESTMENT SERVICES;AR;64,6;Direto
CLI004643;PUBLIC SECTOR;GOVERNMENT;CL;30,0;Direto
CLI004659;LARGE ENTERPRISE;WHOLESALE TRADE;BR;17,1;Direto
CLI004660;LARGE ENTERPRISE;MANUFACTURING AND NATURAL RESOURCES;BR;57,1;Direto
CLI004661;MID MARKET;RETAIL;BR;23,4;Direto
CLI004664;MID MARKET;MANUFACTURING AND NATURAL RESOURCES;BR;17,1;Direto
CLI004665;GLOBAL ACCOUNT;COMMUNICATIONS, MEDIA AND SERVICES;MX;37,4;Direto
CLI004666;GLOBAL ACCOUNT;WHOLESALE TRADE;PE;14,9;Direto
CLI004668;LARGE ENTERPRISE;BANKING AND INVESTMENT SERVICES;AR;49,4;Direto
CLI004671;LARGE ENTERPRISE;BANKING AND INVESTMENT SERVICES;AR;49,1;Direto
CLI004674;MID MARKET;BANKING AND INVESTMENT SERVICES;BR;63,1;Direto
CLI004675;GLOBAL ACCOUNT;COMMUNICATIONS, MEDIA AND SERVICES;BR;63,6;Direto
CLI004676;MID MARKET;WHOLESALE TRADE;BR;64,3;Direto
CLI004677;MID MARKET;BANKING AND INVESTMENT SERVICES;BR;17,0;Direto
CLI004679;MID MARKET;COMMUNICATIONS, MEDIA AND SERVICES;BR;38,7;Direto
CLI004680;MID MARKET;RETAIL;BR;20,1;Direto
CLI004689;GLOBAL ACCOUNT;COMMUNICATIONS, MEDIA AND SERVICES;AR;60,4;Direto
CLI004691;GLOBAL ACCOUNT;WHOLESALE TRADE;MX;65,2;Direto
CLI004692;GLOBAL ACCOUNT;WHOLESALE TRADE;PE;23,6;Direto
CLI004700;MID MARKET;RETAIL;BR;61,8;Direto
CLI004701;MID MARKET;EDUCATION;BR;17,0;Direto
CLI004702;MID MARKET;BANKING AND INVESTMENT SERVICES;BR;50,5;Direto
CLI004703;MID MARKET;COMMUNICATIONS, MEDIA AND SERVICES;BR;17,0;Direto
CLI004704;MID MARKET;WHOLESALE TRADE;BR;33,7;Direto
CLI004705;MID MARKET;TRANSPORTATION;BR;17,0;Direto
CLI004706;MID MARKET;MANUFACTURING AND NATURAL RESOURCES;BR;17,0;Direto
CLI004707;LARGE ENTERPRISE;COMMUNICATIONS, MEDIA AND SERVICES;CL;16,5;Direto
CLI004709;GLOBAL ACCOUNT;WHOLESALE TRADE;PE;64,6;Direto
CLI004710;PUBLIC SECTOR;BANKING AND INVESTMENT SERVICES;AR;15,5;Direto
CLI004713;GLOBAL ACCOUNT;COMMUNICATIONS, MEDIA AND SERVICES;AR;65,2;Direto
CLI004735;LARGE ENTERPRISE;OIL AND GAS;PE;64,1;Direto
CLI004742;LARGE ENTERPRISE;TRANSPORTATION;BR;17,0;Direto
CLI004743;MID MARKET;COMMUNICATIONS, MEDIA AND SERVICES;BR;17,0;Direto
CLI004744;LARGE ENTERPRISE;HEALTHCARE AND LIFE SCIENCES;BR;54,0;Direto
CLI004745;MID MARKET;HEALTHCARE AND LIFE SCIENCES;BR;17,0;Direto
CLI004746;MID MARKET;MANUFACTURING AND NATURAL RESOURCES;BR;46,1;Direto
CLI004747;MID MARKET;COMMUNICATIONS, MEDIA AND SERVICES;BR;17,0;Direto
CLI004748;MID MARKET;COMMUNICATIONS, MEDIA AND SERVICES;BR;55,9;Direto
CLI004749;LARGE ENTERPRISE;RETAIL;BR;51,7;Direto
CLI004750;LARGE ENTERPRISE;WHOLESALE TRADE;BR;17,0;Direto
CLI004752;MID MARKET;RETAIL;BR;17,0;Direto
CLI004753;MID MARKET;COMMUNICATIONS, MEDIA AND SERVICES;BR;17,0;Direto
CLI004756;GLOBAL ACCOUNT;WHOLESALE TRADE;AR;59,7;Direto
CLI004759;GLOBAL ACCOUNT;POWER AND UTILITIES;CL;42,6;Direto
CLI004761;GLOBAL ACCOUNT;MANUFACTURING AND NATURAL RESOURCES;MX;24,3;Direto
CLI004762;LARGE ENTERPRISE;BANKING AND INVESTMENT SERVICES;MX;65,1;Direto
CLI004764;GLOBAL ACCOUNT;COMMUNICATIONS, MEDIA AND SERVICES;MX;65,5;Direto
CLI004766;GLOBAL ACCOUNT;RETAIL;CO;64,6;Direto
CLI004775;GLOBAL ACCOUNT;WHOLESALE TRADE;PE;60,6;Direto
CLI004778;LARGE ENTERPRISE;BANKING AND INVESTMENT SERVICES;AR;62,7;Direto
CLI004783;LARGE ENTERPRISE;TRANSPORTATION;CO;62,3;Direto
CLI004786;MID MARKET;COMMUNICATIONS, MEDIA AND SERVICES;BR;16,9;Direto
CLI004787;MID MARKET;MANUFACTURING AND NATURAL RESOURCES;BR;16,9;Direto
CLI004790;GLOBAL ACCOUNT;WHOLESALE TRADE;CO;15,5;Direto
CLI004793;GLOBAL ACCOUNT;WHOLESALE TRADE;MX;1,8;Direto
CLI004796;GLOBAL ACCOUNT;COMMUNICATIONS, MEDIA AND SERVICES;CO;17,5;Direto
CLI004798;GLOBAL ACCOUNT;TRANSPORTATION;PE;65,2;Direto
CLI004799;GLOBAL ACCOUNT;MANUFACTURING AND NATURAL RESOURCES;MX;46,5;Direto
CLI004800;LARGE ENTERPRISE;COMMUNICATIONS, MEDIA AND SERVICES;AR;65,0;Direto
CLI004802;GLOBAL ACCOUNT;WHOLESALE TRADE;CO;15,5;Direto
CLI004808;LARGE ENTERPRISE;HEALTHCARE AND LIFE SCIENCES;MX;42,4;Direto
CLI004811;GLOBAL ACCOUNT;COMMUNICATIONS, MEDIA AND SERVICES;MX;65,3;Direto
CLI004814;LARGE ENTERPRISE;INSURANCE;CO;61,5;Direto
CLI004819;PUBLIC SECTOR;EDUCATION;BR;16,9;Direto
CLI004820;PUBLIC SECTOR;GOVERNMENT;BR;57,6;Direto
CLI004822;PUBLIC SECTOR;GOVERNMENT;BR;31,6;Direto
CLI004823;MID MARKET;RETAIL;BR;16,9;Direto
CLI004824;MID MARKET;COMMUNICATIONS, MEDIA AND SERVICES;BR;16,9;Direto
CLI004852;LARGE ENTERPRISE;COMMUNICATIONS, MEDIA AND SERVICES;BR;54,8;Direto
CLI004853;LARGE ENTERPRISE;MANUFACTURING AND NATURAL RESOURCES;BR;16,8;Direto
CLI004854;LARGE ENTERPRISE;MANUFACTURING AND NATURAL RESOURCES;BR;37,9;Direto
CLI004857;GLOBAL ACCOUNT;WHOLESALE TRADE;AR;13,2;Direto
CLI004860;GLOBAL ACCOUNT;MANUFACTURING AND NATURAL RESOURCES;AR;65,5;Direto
CLI004861;LARGE ENTERPRISE;BANKING AND INVESTMENT SERVICES;AR;60,3;Direto
CLI004862;LARGE ENTERPRISE;MANUFACTURING AND NATURAL RESOURCES;PE;44,7;Direto
CLI004864;LARGE ENTERPRISE;BANKING AND INVESTMENT SERVICES;CL;54,3;Direto
CLI004873;LARGE ENTERPRISE;COMMUNICATIONS, MEDIA AND SERVICES;AR;46,0;Direto
CLI004879;LARGE ENTERPRISE;MANUFACTURING AND NATURAL RESOURCES;CO;65,4;Direto
CLI004880;LARGE ENTERPRISE;COMMUNICATIONS, MEDIA AND SERVICES;CO;14,7;Direto
CLI004887;MID MARKET;GOVERNMENT;CO;5,7;Direto
CLI004895;LARGE ENTERPRISE;WHOLESALE TRADE;BR;16,8;Direto
CLI004896;MID MARKET;MANUFACTURING AND NATURAL RESOURCES;BR;16,8;Direto
CLI004900;GLOBAL ACCOUNT;RETAIL;PE;65,6;Direto
CLI004902;GLOBAL ACCOUNT;COMMUNICATIONS, MEDIA AND SERVICES;CO;63,4;Direto
CLI004906;LARGE ENTERPRISE;HEALTHCARE AND LIFE SCIENCES;AR;50,3;Direto
CLI004908;GLOBAL ACCOUNT;OIL AND GAS;MX;16,5;Direto
CLI004914;GLOBAL ACCOUNT;COMMUNICATIONS, MEDIA AND SERVICES;MX;38,8;Direto
CLI004917;GLOBAL ACCOUNT;WHOLESALE TRADE;PE;65,3;Direto
CLI004923;LARGE ENTERPRISE;BANKING AND INVESTMENT SERVICES;CL;50,3;Direto
CLI004924;GLOBAL ACCOUNT;HEALTHCARE AND LIFE SCIENCES;AR;65,3;Direto
CLI004926;GLOBAL ACCOUNT;MANUFACTURING AND NATURAL RESOURCES;PE;65,0;Direto
CLI004927;GLOBAL ACCOUNT;COMMUNICATIONS, MEDIA AND SERVICES;MX;65,6;Direto
CLI004929;LARGE ENTERPRISE;MANUFACTURING AND NATURAL RESOURCES;BR;65,3;Direto
CLI004930;MID MARKET;COMMUNICATIONS, MEDIA AND SERVICES;BR;16,7;Direto
CLI004931;LARGE ENTERPRISE;MANUFACTURING AND NATURAL RESOURCES;BR;16,7;Direto
CLI004932;GLOBAL ACCOUNT;MANUFACTURING AND NATURAL RESOURCES;BR;55,2;Direto
CLI004933;SMALL MARKET;RETAIL;BR;16,7;Direto
CLI004936;GLOBAL ACCOUNT;COMMUNICATIONS, MEDIA AND SERVICES;MX;65,5;Direto
CLI004937;GLOBAL ACCOUNT;WHOLESALE TRADE;AR;65,1;Direto
CLI004938;GLOBAL ACCOUNT;MANUFACTURING AND NATURAL RESOURCES;AR;61,7;Direto
CLI004942;GLOBAL ACCOUNT;COMMUNICATIONS, MEDIA AND SERVICES;AR;65,5;Direto
CLI004952;GLOBAL ACCOUNT;MANUFACTURING AND NATURAL RESOURCES;AR;23,7;Direto
CLI004953;GLOBAL ACCOUNT;WHOLESALE TRADE;PE;59,2;Direto
CLI004954;GLOBAL ACCOUNT;COMMUNICATIONS, MEDIA AND SERVICES;CL;58,5;Direto
CLI004956;LARGE ENTERPRISE;MANUFACTURING AND NATURAL RESOURCES;MX;60,5;Direto
CLI004957;GLOBAL ACCOUNT;RETAIL;BR;61,0;Direto
CLI004958;MID MARKET;WHOLESALE TRADE;BR;16,7;Direto
CLI004967;LARGE ENTERPRISE;HEALTHCARE AND LIFE SCIENCES;CL;63,4;Direto
CLI004972;GLOBAL ACCOUNT;WHOLESALE TRADE;AR;20,5;Direto
CLI004975;LARGE ENTERPRISE;MANUFACTURING AND NATURAL RESOURCES;PE;47,8;Direto
CLI004978;PUBLIC SECTOR;BANKING AND INVESTMENT SERVICES;CL;20,1;Direto
CLI004980;MID MARKET;WHOLESALE TRADE;MX;60,2;Direto
CLI004981;LARGE ENTERPRISE;HEALTHCARE AND LIFE SCIENCES;CL;48,9;Direto
CLI004985;MID MARKET;WHOLESALE TRADE;BR;16,7;Direto
CLI004986;MID MARKET;MANUFACTURING AND NATURAL RESOURCES;BR;16,7;Direto
CLI004987;MID MARKET;MANUFACTURING AND NATURAL RESOURCES;BR;16,7;Direto
CLI004988;MID MARKET;MANUFACTURING AND NATURAL RESOURCES;BR;16,7;Direto
CLI004989;MID MARKET;COMMUNICATIONS, MEDIA AND SERVICES;BR;16,7;Direto
CLI004999;LARGE ENTERPRISE;EDUCATION;AR;64,0;Direto
CLI005006;LARGE ENTERPRISE;MANUFACTURING AND NATURAL RESOURCES;PE;64,3;Direto
CLI005011;LARGE ENTERPRISE;HEALTHCARE AND LIFE SCIENCES;CL;37,3;Direto
CLI005012;GLOBAL ACCOUNT;WHOLESALE TRADE;AR;38,6;Direto
CLI005013;GLOBAL ACCOUNT;INSURANCE;AR;30,7;Direto
CLI005014;MID MARKET;COMMUNICATIONS, MEDIA AND SERVICES;BR;42,4;Direto
CLI005015;LARGE ENTERPRISE;COMMUNICATIONS, MEDIA AND SERVICES;AR;51,3;Direto
CLI005019;LARGE ENTERPRISE;WHOLESALE TRADE;BR;65,0;Direto
CLI005020;LARGE ENTERPRISE;COMMUNICATIONS, MEDIA AND SERVICES;BR;16,6;Direto
CLI005021;LARGE ENTERPRISE;OIL AND GAS;BR;37,3;Direto
CLI005022;MID MARKET;BANKING AND INVESTMENT SERVICES;BR;16,8;Direto
CLI005023;MID MARKET;MANUFACTURING AND NATURAL RESOURCES;BR;16,6;Direto
CLI005024;MID MARKET;HEALTHCARE AND LIFE SCIENCES;BR;16,6;Direto
CLI005042;STRATEGIC ACCOUNT;INSURANCE;BR;65,1;Direto
CLI005043;MID MARKET;MANUFACTURING AND NATURAL RESOURCES;BR;16,5;Direto
CLI005045;PUBLIC SECTOR;EDUCATION;BR;16,5;Direto
CLI005046;LARGE ENTERPRISE;MANUFACTURING AND NATURAL RESOURCES;BR;16,5;Direto
CLI005056;GLOBAL ACCOUNT;COMMUNICATIONS, MEDIA AND SERVICES;CO;65,4;Direto
CLI005063;LARGE ENTERPRISE;COMMUNICATIONS, MEDIA AND SERVICES;PE;65,5;Direto
CLI005065;GLOBAL ACCOUNT;COMMUNICATIONS, MEDIA AND SERVICES;MX;31,7;Direto
CLI005069;LARGE ENTERPRISE;WHOLESALE TRADE;MX;48,5;Direto
CLI005074;MID MARKET;COMMUNICATIONS, MEDIA AND SERVICES;BR;16,5;Direto
CLI005075;LARGE ENTERPRISE;COMMUNICATIONS, MEDIA AND SERVICES;BR;16,5;Direto
CLI005076;MID MARKET;MANUFACTURING AND NATURAL RESOURCES;BR;16,5;Direto
CLI005077;MID MARKET;WHOLESALE TRADE;BR;16,5;Direto
CLI005078;MID MARKET;COMMUNICATIONS, MEDIA AND SERVICES;BR;16,5;Direto
CLI005101;MID MARKET;RETAIL;MX;54,7;Direto
CLI005104;LARGE ENTERPRISE;COMMUNICATIONS, MEDIA AND SERVICES;MX;16,2;Direto
CLI005105;MID MARKET;WHOLESALE TRADE;BR;52,1;Direto
CLI005106;MID MARKET;WHOLESALE TRADE;BR;16,5;Direto
CLI005107;MID MARKET;COMMUNICATIONS, MEDIA AND SERVICES;BR;16,5;Direto
CLI005108;MID MARKET;RETAIL;BR;16,5;Direto
CLI005110;GLOBAL ACCOUNT;COMMUNICATIONS, MEDIA AND SERVICES;CL;2,3;Direto
CLI005117;MID MARKET;COMMUNICATIONS, MEDIA AND SERVICES;BR;16,4;Direto
CLI005118;PUBLIC SECTOR;EDUCATION;BR;32,3;Direto
CLI005119;MID MARKET;COMMUNICATIONS, MEDIA AND SERVICES;BR;16,4;Direto
CLI005120;MID MARKET;RETAIL;BR;16,4;Direto
CLI005121;MID MARKET;COMMUNICATIONS, MEDIA AND SERVICES;BR;16,4;Direto
CLI005122;MID MARKET;COMMUNICATIONS, MEDIA AND SERVICES;BR;16,4;Direto
CLI005124;GLOBAL ACCOUNT;COMMUNICATIONS, MEDIA AND SERVICES;CL;63,3;Direto
CLI005126;GLOBAL ACCOUNT;COMMUNICATIONS, MEDIA AND SERVICES;AR;30,7;Direto
CLI005127;MID MARKET;WHOLESALE TRADE;CO;14,4;Direto
CLI005128;GLOBAL ACCOUNT;BANKING AND INVESTMENT SERVICES;CO;47,0;Direto
CLI005133;GLOBAL ACCOUNT;WHOLESALE TRADE;PE;63,2;Direto
CLI005135;MID MARKET;MANUFACTURING AND NATURAL RESOURCES;MX;48,7;Direto
CLI005137;GLOBAL ACCOUNT;MANUFACTURING AND NATURAL RESOURCES;CL;55,3;Direto
CLI005138;LARGE ENTERPRISE;POWER AND UTILITIES;AR;28,6;Direto
CLI005140;GLOBAL ACCOUNT;WHOLESALE TRADE;CO;65,5;Direto
CLI005150;MID MARKET;MANUFACTURING AND NATURAL RESOURCES;BR;16,3;Direto
CLI005152;MID MARKET;RETAIL;BR;16,3;Direto
CLI005160;GLOBAL ACCOUNT;COMMUNICATIONS, MEDIA AND SERVICES;CO;59,4;Direto
CLI005163;LARGE ENTERPRISE;COMMUNICATIONS, MEDIA AND SERVICES;PE;62,6;Direto
CLI005165;GLOBAL ACCOUNT;MANUFACTURING AND NATURAL RESOURCES;PE;36,8;Direto
CLI005170;GLOBAL ACCOUNT;COMMUNICATIONS, MEDIA AND SERVICES;CL;63,3;Direto
CLI005172;MID MARKET;RETAIL;BR;16,3;Direto
CLI005173;MID MARKET;COMMUNICATIONS, MEDIA AND SERVICES;BR;16,3;Direto
CLI005174;LARGE ENTERPRISE;INSURANCE;BR;55,0;Direto
CLI005175;MID MARKET;MANUFACTURING AND NATURAL RESOURCES;BR;16,3;Direto
CLI005176;MID MARKET;POWER AND UTILITIES;BR;16,3;Direto
CLI005177;LARGE ENTERPRISE;BANKING AND INVESTMENT SERVICES;PE;65,3;Direto
CLI005182;GLOBAL ACCOUNT;MANUFACTURING AND NATURAL RESOURCES;AR;62,7;Direto
CLI005184;GLOBAL ACCOUNT;WHOLESALE TRADE;CO;64,1;Direto
CLI005185;LARGE ENTERPRISE;COMMUNICATIONS, MEDIA AND SERVICES;MX;34,5;Direto
CLI005188;LARGE ENTERPRISE;MANUFACTURING AND NATURAL RESOURCES;PE;62,9;Direto
CLI005189;LARGE ENTERPRISE;COMMUNICATIONS, MEDIA AND SERVICES;MX;35,4;Direto
CLI005192;GLOBAL ACCOUNT;WHOLESALE TRADE;MX;65,6;Direto
CLI005195;GLOBAL ACCOUNT;COMMUNICATIONS, MEDIA AND SERVICES;CO;15,1;Direto
CLI005200;GLOBAL ACCOUNT;HEALTHCARE AND LIFE SCIENCES;MX;55,2;Direto
CLI005204;LARGE ENTERPRISE;COMMUNICATIONS, MEDIA AND SERVICES;PE;65,7;Direto
CLI005206;GLOBAL ACCOUNT;RETAIL;CO;48,4;Direto
CLI005209;LARGE ENTERPRISE;MANUFACTURING AND NATURAL RESOURCES;BR;16,2;Direto
CLI005210;MID MARKET;MANUFACTURING AND NATURAL RESOURCES;BR;16,7;Direto
CLI005211;MID MARKET;COMMUNICATIONS, MEDIA AND SERVICES;BR;35,0;Direto
CLI005212;MID MARKET;WHOLESALE TRADE;BR;16,2;Direto
CLI005217;MID MARKET;COMMUNICATIONS, MEDIA AND SERVICES;CO;49,3;Direto
CLI005231;GLOBAL ACCOUNT;COMMUNICATIONS, MEDIA AND SERVICES;MX;63,1;Direto
CLI005232;LARGE ENTERPRISE;RETAIL;PE;64,1;Direto
CLI005233;GLOBAL ACCOUNT;HEALTHCARE AND LIFE SCIENCES;MX;65,5;Direto
CLI005239;GLOBAL ACCOUNT;BANKING AND INVESTMENT SERVICES;MX;54,6;Direto
CLI005245;GLOBAL ACCOUNT;BANKING AND INVESTMENT SERVICES;PE;9,7;Direto
CLI005247;LARGE ENTERPRISE;HEALTHCARE AND LIFE SCIENCES;CL;26,3;Direto
CLI005250;GLOBAL ACCOUNT;HEALTHCARE AND LIFE SCIENCES;BR;63,7;Direto
CLI005251;MID MARKET;WHOLESALE TRADE;BR;16,2;Direto
CLI005252;MID MARKET;RETAIL;BR;16,2;Direto
CLI005253;MID MARKET;MANUFACTURING AND NATURAL RESOURCES;BR;38,5;Direto
CLI005258;LARGE ENTERPRISE;COMMUNICATIONS, MEDIA AND SERVICES;MX;35,4;Direto
CLI005269;MID MARKET;COMMUNICATIONS, MEDIA AND SERVICES;BR;63,9;Direto
CLI005270;MID MARKET;MANUFACTURING AND NATURAL RESOURCES;BR;30,5;Direto
CLI005273;LARGE ENTERPRISE;COMMUNICATIONS, MEDIA AND SERVICES;CO;38,0;Direto
CLI005279;GLOBAL ACCOUNT;OIL AND GAS;CL;57,3;Direto
CLI005280;LARGE ENTERPRISE;WHOLESALE TRADE;CO;65,5;Direto
CLI005294;LARGE ENTERPRISE;COMMUNICATIONS, MEDIA AND SERVICES;CO;62,1;Direto
CLI005299;LARGE ENTERPRISE;COMMUNICATIONS, MEDIA AND SERVICES;MX;19,0;Direto
CLI005300;LARGE ENTERPRISE;HEALTHCARE AND LIFE SCIENCES;MX;43,5;Direto
CLI005308;LARGE ENTERPRISE;COMMUNICATIONS, MEDIA AND SERVICES;AR;12,0;Direto
CLI005309;LARGE ENTERPRISE;COMMUNICATIONS, MEDIA AND SERVICES;CO;57,2;Direto
CLI005310;GLOBAL ACCOUNT;MANUFACTURING AND NATURAL RESOURCES;PE;63,9;Direto
CLI005311;PUBLIC SECTOR;GOVERNMENT;CO;8,1;Direto
CLI005312;GLOBAL ACCOUNT;COMMUNICATIONS, MEDIA AND SERVICES;MX;33,0;Direto
CLI005315;GLOBAL ACCOUNT;MANUFACTURING AND NATURAL RESOURCES;AR;64,3;Direto
CLI005316;LARGE ENTERPRISE;BANKING AND INVESTMENT SERVICES;PE;57,1;Direto
CLI005345;GLOBAL ACCOUNT;MANUFACTURING AND NATURAL RESOURCES;MX;49,1;Direto
CLI005346;LARGE ENTERPRISE;COMMUNICATIONS, MEDIA AND SERVICES;MX;13,2;Direto
CLI005347;GLOBAL ACCOUNT;MANUFACTURING AND NATURAL RESOURCES;MX;57,5;Direto
CLI005349;GLOBAL ACCOUNT;BANKING AND INVESTMENT SERVICES;MX;64,8;Direto
CLI005350;LARGE ENTERPRISE;EDUCATION;CO;64,5;Direto
CLI005351;LARGE ENTERPRISE;MANUFACTURING AND NATURAL RESOURCES;PE;65,3;Direto
CLI005360;LARGE ENTERPRISE;COMMUNICATIONS, MEDIA AND SERVICES;CO;14,5;Direto
CLI005364;LARGE ENTERPRISE;HEALTHCARE AND LIFE SCIENCES;MX;62,9;Direto
CLI005365;LARGE ENTERPRISE;EDUCATION;CO;52,3;Direto
CLI005367;GLOBAL ACCOUNT;COMMUNICATIONS, MEDIA AND SERVICES;AR;65,1;Direto
CLI005374;MID MARKET;MANUFACTURING AND NATURAL RESOURCES;MX;11,4;Direto
CLI005378;GLOBAL ACCOUNT;MANUFACTURING AND NATURAL RESOURCES;CO;53,1;Direto
CLI005379;MID MARKET;WHOLESALE TRADE;CO;14,5;Direto
CLI005386;LARGE ENTERPRISE;MANUFACTURING AND NATURAL RESOURCES;MX;65,3;Direto
CLI005388;GLOBAL ACCOUNT;COMMUNICATIONS, MEDIA AND SERVICES;CL;51,3;Direto
CLI005396;GLOBAL ACCOUNT;WHOLESALE TRADE;CO;64,5;Direto
CLI005398;MID MARKET;COMMUNICATIONS, MEDIA AND SERVICES;BR;15,8;Direto
CLI005399;MID MARKET;COMMUNICATIONS, MEDIA AND SERVICES;BR;15,8;Direto
CLI005400;MID MARKET;MANUFACTURING AND NATURAL RESOURCES;BR;34,4;Direto
CLI005401;MID MARKET;COMMUNICATIONS, MEDIA AND SERVICES;BR;15,8;Direto
CLI005402;MID MARKET;COMMUNICATIONS, MEDIA AND SERVICES;BR;15,8;Direto
CLI005403;LARGE ENTERPRISE;BANKING AND INVESTMENT SERVICES;BR;15,8;Direto
CLI005404;MID MARKET;RETAIL;BR;15,8;Direto
CLI005409;LARGE ENTERPRISE;BANKING AND INVESTMENT SERVICES;PE;30,8;Direto
CLI005411;LARGE ENTERPRISE;RETAIL;AR;62,9;Direto
CLI005417;MID MARKET;MANUFACTURING AND NATURAL RESOURCES;MX;65,5;Direto
CLI005421;GLOBAL ACCOUNT;MANUFACTURING AND NATURAL RESOURCES;VE;64,9;Direto
CLI005423;MID MARKET;WHOLESALE TRADE;PE;53,9;Direto
CLI005431;MID MARKET;COMMUNICATIONS, MEDIA AND SERVICES;BR;15,8;Direto
CLI005433;MID MARKET;COMMUNICATIONS, MEDIA AND SERVICES;BR;15,8;Direto
CLI005434;MID MARKET;TRANSPORTATION;BR;45,2;Direto
CLI005435;MID MARKET;HEALTHCARE AND LIFE SCIENCES;BR;15,8;Direto
CLI005436;MID MARKET;OIL AND GAS;BR;15,8;Direto
CLI005437;MID MARKET;COMMUNICATIONS, MEDIA AND SERVICES;BR;15,8;Direto
CLI005438;LARGE ENTERPRISE;COMMUNICATIONS, MEDIA AND SERVICES;BR;15,8;Direto
CLI005439;MID MARKET;COMMUNICATIONS, MEDIA AND SERVICES;BR;15,8;Direto
CLI005440;MID MARKET;MANUFACTURING AND NATURAL RESOURCES;BR;15,8;Direto
CLI005442;LARGE ENTERPRISE;INSURANCE;PE;38,4;Direto
CLI005444;MID MARKET;WHOLESALE TRADE;CO;14,7;Direto
CLI005449;GLOBAL ACCOUNT;COMMUNICATIONS, MEDIA AND SERVICES;CO;59,6;Direto
CLI005451;GLOBAL ACCOUNT;COMMUNICATIONS, MEDIA AND SERVICES;CO;63,7;Direto
CLI005453;GLOBAL ACCOUNT;COMMUNICATIONS, MEDIA AND SERVICES;VE;58,7;Direto
CLI005456;GLOBAL ACCOUNT;RETAIL;CL;41,5;Direto
CLI005461;LARGE ENTERPRISE;INSURANCE;BR;15,8;Direto
CLI005462;LARGE ENTERPRISE;HEALTHCARE AND LIFE SCIENCES;BR;36,5;Direto
CLI005463;LARGE ENTERPRISE;INSURANCE;BR;35,1;Direto
CLI005464;MID MARKET;COMMUNICATIONS, MEDIA AND SERVICES;BR;15,8;Direto
CLI005465;PUBLIC SECTOR;EDUCATION;BR;23,0;Direto
CLI005466;MID MARKET;BANKING AND INVESTMENT SERVICES;BR;42,4;Direto
CLI005467;MID MARKET;COMMUNICATIONS, MEDIA AND SERVICES;BR;15,8;Direto
CLI005468;MID MARKET;MANUFACTURING AND NATURAL RESOURCES;BR;15,8;Direto
CLI005469;MID MARKET;MANUFACTURING AND NATURAL RESOURCES;BR;15,8;Direto
CLI005470;LARGE ENTERPRISE;COMMUNICATIONS, MEDIA AND SERVICES;BR;15,8;Direto
CLI005471;SMALL MARKET;COMMUNICATIONS, MEDIA AND SERVICES;BR;15,8;Direto
CLI005472;MID MARKET;MANUFACTURING AND NATURAL RESOURCES;BR;15,8;Direto
CLI005475;LARGE ENTERPRISE;GOVERNMENT;MX;55,4;Direto
CLI005482;GLOBAL ACCOUNT;MANUFACTURING AND NATURAL RESOURCES;AR;61,7;Direto
CLI005485;LARGE ENTERPRISE;RETAIL;CO;15,7;Direto
CLI005490;GLOBAL ACCOUNT;WHOLESALE TRADE;AR;64,6;Direto
CLI005491;GLOBAL ACCOUNT;COMMUNICATIONS, MEDIA AND SERVICES;BR;46,6;Direto
CLI005494;GLOBAL ACCOUNT;MANUFACTURING AND NATURAL RESOURCES;MX;65,5;Direto
CLI005496;STRATEGIC ACCOUNT;GOVERNMENT;MX;33,0;Direto
CLI005510;MID MARKET;BANKING AND INVESTMENT SERVICES;BR;15,7;Direto
CLI005512;LARGE ENTERPRISE;EDUCATION;CO;65,5;Direto
CLI005515;GLOBAL ACCOUNT;BANKING AND INVESTMENT SERVICES;BR;58,7;Direto
CLI005516;PUBLIC SECTOR;GOVERNMENT;BR;15,6;Direto
CLI005517;LARGE ENTERPRISE;COMMUNICATIONS, MEDIA AND SERVICES;BR;49,1;Direto
CLI005518;MID MARKET;POWER AND UTILITIES;BR;15,6;Direto
CLI005519;MID MARKET;WHOLESALE TRADE;BR;15,6;Direto
CLI005522;LARGE ENTERPRISE;HEALTHCARE AND LIFE SCIENCES;AR;43,1;Direto
CLI005526;STRATEGIC ACCOUNT;BANKING AND INVESTMENT SERVICES;MX;20,8;Direto
CLI005527;GLOBAL ACCOUNT;MANUFACTURING AND NATURAL RESOURCES;CO;15,4;Direto
CLI005529;LARGE ENTERPRISE;WHOLESALE TRADE;MX;62,4;Direto
CLI005532;LARGE ENTERPRISE;INSURANCE;MX;65,1;Direto
CLI005544;GLOBAL ACCOUNT;COMMUNICATIONS, MEDIA AND SERVICES;PE;64,3;Direto
CLI005546;MID MARKET;COMMUNICATIONS, MEDIA AND SERVICES;BR;15,6;Direto
CLI005548;MID MARKET;RETAIL;BR;15,6;Direto
CLI005570;GLOBAL ACCOUNT;WHOLESALE TRADE;MX;54,8;Direto
CLI005571;GLOBAL ACCOUNT;COMMUNICATIONS, MEDIA AND SERVICES;BR;58,2;Direto
CLI005572;STRATEGIC ACCOUNT;POWER AND UTILITIES;BR;63,5;Direto
CLI005573;LARGE ENTERPRISE;TRANSPORTATION;BR;41,9;Direto
CLI005574;MID MARKET;MANUFACTURING AND NATURAL RESOURCES;BR;64,6;Direto
CLI005575;LARGE ENTERPRISE;MANUFACTURING AND NATURAL RESOURCES;BR;65,6;Direto
CLI005577;MID MARKET;MANUFACTURING AND NATURAL RESOURCES;BR;55,9;Direto
CLI005578;LARGE ENTERPRISE;BANKING AND INVESTMENT SERVICES;BR;51,3;Direto
CLI005579;MID MARKET;COMMUNICATIONS, MEDIA AND SERVICES;BR;15,6;Direto
CLI005580;MID MARKET;WHOLESALE TRADE;BR;38,4;Direto
CLI005581;SMALL MARKET;RETAIL;BR;38,0;Direto
CLI005582;MID MARKET;BANKING AND INVESTMENT SERVICES;BR;15,6;Direto
CLI005583;MID MARKET;RETAIL;BR;15,6;Direto
CLI005591;GLOBAL ACCOUNT;COMMUNICATIONS, MEDIA AND SERVICES;PE;65,1;Direto
CLI005593;PUBLIC SECTOR;BANKING AND INVESTMENT SERVICES;CO;12,8;Direto
CLI005596;MID MARKET;HEALTHCARE AND LIFE SCIENCES;MX;30,2;Direto
CLI005599;LARGE ENTERPRISE;MANUFACTURING AND NATURAL RESOURCES;BR;15,5;Direto
CLI005600;MID MARKET;WHOLESALE TRADE;BR;62,3;Direto
CLI005601;MID MARKET;WHOLESALE TRADE;BR;15,5;Direto
CLI005602;MID MARKET;COMMUNICATIONS, MEDIA AND SERVICES;BR;60,1;Direto
CLI005603;MID MARKET;COMMUNICATIONS, MEDIA AND SERVICES;BR;54,4;Direto
CLI005604;MID MARKET;RETAIL;BR;15,5;Direto
CLI005605;LARGE ENTERPRISE;WHOLESALE TRADE;BR;15,5;Direto
CLI005628;GLOBAL ACCOUNT;BANKING AND INVESTMENT SERVICES;CO;59,4;Direto
CLI005632;GLOBAL ACCOUNT;COMMUNICATIONS, MEDIA AND SERVICES;BR;65,1;Direto
CLI005633;LARGE ENTERPRISE;INSURANCE;BR;65,3;Direto
CLI005634;MID MARKET;MANUFACTURING AND NATURAL RESOURCES;BR;15,5;Direto
CLI005635;MID MARKET;BANKING AND INVESTMENT SERVICES;BR;41,5;Direto
CLI005636;MID MARKET;TRANSPORTATION;BR;15,5;Direto
CLI005637;MID MARKET;COMMUNICATIONS, MEDIA AND SERVICES;BR;33,5;Direto
CLI005638;MID MARKET;COMMUNICATIONS, MEDIA AND SERVICES;BR;30,3;Direto
CLI005639;MID MARKET;TRANSPORTATION;BR;15,5;Direto
CLI005640;MID MARKET;TRANSPORTATION;BR;15,5;Direto
CLI005641;LARGE ENTERPRISE;COMMUNICATIONS, MEDIA AND SERVICES;BR;15,5;Direto
CLI005657;PUBLIC SECTOR;BANKING AND INVESTMENT SERVICES;BR;15,5;Direto
CLI005658;PUBLIC SECTOR;COMMUNICATIONS, MEDIA AND SERVICES;BR;56,4;Direto
CLI005664;LARGE ENTERPRISE;COMMUNICATIONS, MEDIA AND SERVICES;CL;56,2;Direto
CLI005668;PUBLIC SECTOR;EDUCATION;BR;38,9;Direto
CLI005669;MID MARKET;HEALTHCARE AND LIFE SCIENCES;BR;15,4;Direto
CLI005670;MID MARKET;WHOLESALE TRADE;BR;30,6;Direto
CLI005675;LARGE ENTERPRISE;UNCLASSIFIED;CO;14,9;Direto
CLI005676;GLOBAL ACCOUNT;INSURANCE;CO;65,4;Direto
CLI005696;PUBLIC SECTOR;COMMUNICATIONS, MEDIA AND SERVICES;CO;8,8;Direto
CLI005704;LARGE ENTERPRISE;WHOLESALE TRADE;BR;60,8;Direto
CLI005706;MID MARKET;MANUFACTURING AND NATURAL RESOURCES;BR;15,4;Direto
CLI005707;MID MARKET;COMMUNICATIONS, MEDIA AND SERVICES;BR;15,4;Direto
CLI005708;MID MARKET;COMMUNICATIONS, MEDIA AND SERVICES;BR;40,2;Direto
CLI005709;MID MARKET;WHOLESALE TRADE;BR;48,6;Direto
CLI005710;MID MARKET;COMMUNICATIONS, MEDIA AND SERVICES;BR;33,1;Direto
CLI005711;MID MARKET;RETAIL;BR;15,4;Direto
CLI005712;MID MARKET;HEALTHCARE AND LIFE SCIENCES;BR;15,4;Direto
CLI005713;GLOBAL ACCOUNT;OIL AND GAS;MX;37,7;Direto
CLI005720;GLOBAL ACCOUNT;WHOLESALE TRADE;AR;59,4;Direto
CLI005724;GLOBAL ACCOUNT;COMMUNICATIONS, MEDIA AND SERVICES;MX;12,0;Direto
CLI005725;LARGE ENTERPRISE;COMMUNICATIONS, MEDIA AND SERVICES;MX;63,0;Direto
CLI005733;MID MARKET;RETAIL;BR;15,3;Direto
CLI005734;MID MARKET;MANUFACTURING AND NATURAL RESOURCES;BR;15,3;Direto
CLI005735;MID MARKET;COMMUNICATIONS, MEDIA AND SERVICES;BR;15,3;Direto
CLI005736;MID MARKET;WHOLESALE TRADE;BR;15,3;Direto
CLI005737;MID MARKET;MANUFACTURING AND NATURAL RESOURCES;BR;15,3;Direto
CLI005740;GLOBAL ACCOUNT;COMMUNICATIONS, MEDIA AND SERVICES;AR;14,6;Direto
CLI005743;GLOBAL ACCOUNT;COMMUNICATIONS, MEDIA AND SERVICES;AR;53,1;Direto
CLI005745;LARGE ENTERPRISE;WHOLESALE TRADE;MX;63,6;Direto
CLI005754;LARGE ENTERPRISE;HEALTHCARE AND LIFE SCIENCES;CO;64,6;Direto
CLI005755;STRATEGIC ACCOUNT;MANUFACTURING AND NATURAL RESOURCES;BR;47,5;Direto
CLI005756;LARGE ENTERPRISE;WHOLESALE TRADE;BR;62,1;Direto
CLI005757;MID MARKET;MANUFACTURING AND NATURAL RESOURCES;BR;15,3;Direto
CLI005758;LARGE ENTERPRISE;WHOLESALE TRADE;BR;0,9;Direto
CLI005759;MID MARKET;COMMUNICATIONS, MEDIA AND SERVICES;BR;15,3;Direto
CLI005763;GLOBAL ACCOUNT;MANUFACTURING AND NATURAL RESOURCES;MX;9,1;Direto
CLI005764;GLOBAL ACCOUNT;MANUFACTURING AND NATURAL RESOURCES;CO;57,4;Direto
CLI005772;LARGE ENTERPRISE;EDUCATION;CL;59,5;Direto
CLI005777;PUBLIC SECTOR;EDUCATION;BR;15,3;Direto
CLI005779;LARGE ENTERPRISE;COMMUNICATIONS, MEDIA AND SERVICES;BR;15,3;Direto
CLI005780;MID MARKET;MANUFACTURING AND NATURAL RESOURCES;BR;15,3;Direto
CLI005784;MID MARKET;UNCLASSIFIED;CO;14,2;Direto
CLI005787;GLOBAL ACCOUNT;MANUFACTURING AND NATURAL RESOURCES;MX;14,1;Direto
CLI005793;GLOBAL ACCOUNT;RETAIL;CO;63,0;Direto
CLI005794;MID MARKET;COMMUNICATIONS, MEDIA AND SERVICES;BR;53,4;Direto
CLI005795;SMALL MARKET;MANUFACTURING AND NATURAL RESOURCES;BR;15,2;Direto
CLI005796;SMALL MARKET;BANKING AND INVESTMENT SERVICES;BR;15,2;Direto
CLI005797;MID MARKET;WHOLESALE TRADE;BR;15,2;Direto
CLI005798;MID MARKET;RETAIL;BR;15,2;Direto
CLI005802;MID MARKET;COMMUNICATIONS, MEDIA AND SERVICES;BR;15,2;Direto
CLI005803;MID MARKET;COMMUNICATIONS, MEDIA AND SERVICES;BR;15,2;Direto
CLI005804;MID MARKET;HEALTHCARE AND LIFE SCIENCES;BR;15,2;Direto
CLI005805;MID MARKET;MANUFACTURING AND NATURAL RESOURCES;BR;41,5;Direto
CLI005806;MID MARKET;RETAIL;BR;15,2;Direto
CLI005807;MID MARKET;COMMUNICATIONS, MEDIA AND SERVICES;BR;15,2;Direto
CLI005809;GLOBAL ACCOUNT;COMMUNICATIONS, MEDIA AND SERVICES;CO;26,2;Direto
CLI005815;LARGE ENTERPRISE;EDUCATION;CO;14,4;Direto
CLI005817;LARGE ENTERPRISE;HEALTHCARE AND LIFE SCIENCES;MX;65,1;Direto
CLI005832;GLOBAL ACCOUNT;WHOLESALE TRADE;MX;65,5;Direto
CLI005837;GLOBAL ACCOUNT;HEALTHCARE AND LIFE SCIENCES;AR;65,5;Direto
CLI005842;GLOBAL ACCOUNT;WHOLESALE TRADE;CO;65,5;Direto
CLI005851;GLOBAL ACCOUNT;COMMUNICATIONS, MEDIA AND SERVICES;MX;63,4;Direto
CLI005862;GLOBAL ACCOUNT;BANKING AND INVESTMENT SERVICES;AR;48,7;Direto
CLI005864;LARGE ENTERPRISE;COMMUNICATIONS, MEDIA AND SERVICES;BR;15,1;Direto
CLI005865;MID MARKET;BANKING AND INVESTMENT SERVICES;BR;15,1;Direto
CLI005866;MID MARKET;WHOLESALE TRADE;BR;63,0;Direto
CLI005867;MID MARKET;WHOLESALE TRADE;BR;15,1;Direto
CLI005868;MID MARKET;COMMUNICATIONS, MEDIA AND SERVICES;BR;15,1;Direto
CLI005869;LARGE ENTERPRISE;TRANSPORTATION;BR;15,1;Direto
CLI005870;MID MARKET;COMMUNICATIONS, MEDIA AND SERVICES;BR;43,3;Direto
CLI005872;LARGE ENTERPRISE;WHOLESALE TRADE;BR;15,1;Direto
CLI005873;GLOBAL ACCOUNT;COMMUNICATIONS, MEDIA AND SERVICES;BR;15,1;Direto
CLI005874;SMALL MARKET;HEALTHCARE AND LIFE SCIENCES;BR;15,1;Direto
CLI005875;MID MARKET;RETAIL;BR;15,1;Direto
CLI005878;GLOBAL ACCOUNT;RETAIL;AR;65,3;Direto
CLI005899;MID MARKET;MANUFACTURING AND NATURAL RESOURCES;BR;15,1;Direto
CLI005900;MID MARKET;MANUFACTURING AND NATURAL RESOURCES;BR;61,1;Direto
CLI005901;LARGE ENTERPRISE;MANUFACTURING AND NATURAL RESOURCES;BR;55,2;Direto
CLI005902;LARGE ENTERPRISE;WHOLESALE TRADE;BR;15,1;Direto
CLI005903;LARGE ENTERPRISE;WHOLESALE TRADE;BR;15,1;Direto
CLI005904;MID MARKET;COMMUNICATIONS, MEDIA AND SERVICES;BR;15,1;Direto
CLI005905;LARGE ENTERPRISE;MANUFACTURING AND NATURAL RESOURCES;BR;15,1;Direto
CLI005908;GLOBAL ACCOUNT;BANKING AND INVESTMENT SERVICES;CL;59,4;Direto
CLI005915;GLOBAL ACCOUNT;MANUFACTURING AND NATURAL RESOURCES;CO;23,3;Direto
CLI005919;GLOBAL ACCOUNT;COMMUNICATIONS, MEDIA AND SERVICES;CL;11,6;Direto
CLI005921;MID MARKET;COMMUNICATIONS, MEDIA AND SERVICES;PE;64,8;Direto
CLI005935;MID MARKET;MANUFACTURING AND NATURAL RESOURCES;BR;15,0;Direto
CLI005936;MID MARKET;MANUFACTURING AND NATURAL RESOURCES;BR;40,5;Direto
CLI005938;LARGE ENTERPRISE;BANKING AND INVESTMENT SERVICES;BR;65,0;Direto
CLI005939;LARGE ENTERPRISE;MANUFACTURING AND NATURAL RESOURCES;BR;15,0;Direto
CLI005940;MID MARKET;COMMUNICATIONS, MEDIA AND SERVICES;BR;15,0;Direto
CLI005941;LARGE ENTERPRISE;INSURANCE;BR;15,0;Direto
CLI005942;MID MARKET;COMMUNICATIONS, MEDIA AND SERVICES;BR;20,1;Direto
CLI005943;MID MARKET;BANKING AND INVESTMENT SERVICES;BR;15,0;Direto
CLI005944;MID MARKET;HEALTHCARE AND LIFE SCIENCES;BR;15,0;Direto
CLI005945;MID MARKET;BANKING AND INVESTMENT SERVICES;BR;15,0;Direto
CLI005946;MID MARKET;TRANSPORTATION;BR;15,0;Direto
CLI005947;MID MARKET;POWER AND UTILITIES;BR;15,0;Direto
CLI005952;GLOBAL ACCOUNT;BANKING AND INVESTMENT SERVICES;MX;64,9;Direto
CLI005955;LARGE ENTERPRISE;COMMUNICATIONS, MEDIA AND SERVICES;PE;65,2;Direto
CLI005963;GLOBAL ACCOUNT;MANUFACTURING AND NATURAL RESOURCES;AR;60,2;Direto
CLI005966;LARGE ENTERPRISE;COMMUNICATIONS, MEDIA AND SERVICES;MX;3,6;Direto
CLI005967;MID MARKET;COMMUNICATIONS, MEDIA AND SERVICES;BR;30,5;Direto
CLI005968;MID MARKET;COMMUNICATIONS, MEDIA AND SERVICES;BR;15,0;Direto
CLI005969;MID MARKET;RETAIL;BR;15,0;Direto
CLI005985;MID MARKET;COMMUNICATIONS, MEDIA AND SERVICES;BR;14,9;Direto
CLI005987;MID MARKET;MANUFACTURING AND NATURAL RESOURCES;BR;14,9;Direto
CLI005988;MID MARKET;COMMUNICATIONS, MEDIA AND SERVICES;BR;23,9;Direto
CLI005989;MID MARKET;COMMUNICATIONS, MEDIA AND SERVICES;BR;14,9;Direto
CLI005990;MID MARKET;OIL AND GAS;BR;14,9;Direto
CLI005991;MID MARKET;COMMUNICATIONS, MEDIA AND SERVICES;BR;14,9;Direto
CLI005992;LARGE ENTERPRISE;COMMUNICATIONS, MEDIA AND SERVICES;CO;49,2;Direto
CLI006000;GLOBAL ACCOUNT;COMMUNICATIONS, MEDIA AND SERVICES;AR;28,7;Direto
CLI006004;GLOBAL ACCOUNT;WHOLESALE TRADE;AR;62,2;Direto
CLI006007;SMALL MARKET;MANUFACTURING AND NATURAL RESOURCES;PE;59,7;Direto
CLI006009;LARGE ENTERPRISE;COMMUNICATIONS, MEDIA AND SERVICES;AR;65,5;Direto
CLI006011;GLOBAL ACCOUNT;MANUFACTURING AND NATURAL RESOURCES;AR;64,4;Direto
CLI006012;GLOBAL ACCOUNT;COMMUNICATIONS, MEDIA AND SERVICES;CO;10,0;Direto
CLI006014;LARGE ENTERPRISE;BANKING AND INVESTMENT SERVICES;AR;27,9;Direto
CLI006016;LARGE ENTERPRISE;COMMUNICATIONS, MEDIA AND SERVICES;BR;14,9;Direto
CLI006017;MID MARKET;INSURANCE;BR;37,1;Direto
CLI006018;MID MARKET;COMMUNICATIONS, MEDIA AND SERVICES;BR;14,9;Direto
CLI006019;LARGE ENTERPRISE;RETAIL;PE;63,2;Direto
CLI006024;GLOBAL ACCOUNT;COMMUNICATIONS, MEDIA AND SERVICES;CO;64,5;Direto
CLI006026;LARGE ENTERPRISE;MANUFACTURING AND NATURAL RESOURCES;BR;14,8;Direto
CLI006027;PUBLIC SECTOR;COMMUNICATIONS, MEDIA AND SERVICES;BR;49,2;Direto
CLI006028;MID MARKET;COMMUNICATIONS, MEDIA AND SERVICES;BR;14,8;Direto
CLI006029;MID MARKET;COMMUNICATIONS, MEDIA AND SERVICES;BR;42,9;Direto
CLI006030;MID MARKET;COMMUNICATIONS, MEDIA AND SERVICES;BR;14,8;Direto
CLI006031;MID MARKET;MANUFACTURING AND NATURAL RESOURCES;BR;14,8;Direto
CLI006032;MID MARKET;COMMUNICATIONS, MEDIA AND SERVICES;BR;14,8;Direto
CLI006033;LARGE ENTERPRISE;RETAIL;PE;47,8;Direto
CLI006036;GLOBAL ACCOUNT;TRANSPORTATION;AR;30,5;Direto
CLI006056;GLOBAL ACCOUNT;BANKING AND INVESTMENT SERVICES;BR;57,8;Direto
CLI006057;LARGE ENTERPRISE;MANUFACTURING AND NATURAL RESOURCES;BR;62,1;Direto
CLI006059;LARGE ENTERPRISE;MANUFACTURING AND NATURAL RESOURCES;BR;62,5;Direto
CLI006060;MID MARKET;COMMUNICATIONS, MEDIA AND SERVICES;BR;14,8;Direto
CLI006061;MID MARKET;BANKING AND INVESTMENT SERVICES;BR;14,8;Direto
CLI006062;MID MARKET;COMMUNICATIONS, MEDIA AND SERVICES;BR;27,0;Direto
CLI006063;MID MARKET;RETAIL;BR;14,8;Direto
CLI006064;MID MARKET;INSURANCE;BR;14,8;Direto
CLI006065;PUBLIC SECTOR;EDUCATION;CO;14,2;Direto
CLI006072;MID MARKET;COMMUNICATIONS, MEDIA AND SERVICES;MX;13,8;Direto
CLI006075;PUBLIC SECTOR;GOVERNMENT;CL;57,5;Direto
CLI006082;GLOBAL ACCOUNT;COMMUNICATIONS, MEDIA AND SERVICES;MX;43,0;Direto
CLI006084;MID MARKET;RETAIL;BR;14,8;Direto
CLI006086;SMALL MARKET;COMMUNICATIONS, MEDIA AND SERVICES;BR;32,5;Direto
CLI006087;MID MARKET;MANUFACTURING AND NATURAL RESOURCES;BR;14,8;Direto
CLI006088;MID MARKET;COMMUNICATIONS, MEDIA AND SERVICES;BR;14,8;Direto
CLI006089;MID MARKET;MANUFACTURING AND NATURAL RESOURCES;BR;14,8;Direto
CLI006090;MID MARKET;WHOLESALE TRADE;BR;14,8;Direto
CLI006091;MID MARKET;MANUFACTURING AND NATURAL RESOURCES;BR;14,8;Direto
CLI006092;MID MARKET;RETAIL;BR;14,8;Direto
CLI006093;MID MARKET;MANUFACTURING AND NATURAL RESOURCES;BR;14,7;Direto
CLI006097;LARGE ENTERPRISE;HEALTHCARE AND LIFE SCIENCES;CL;42,9;Direto
CLI006101;GLOBAL ACCOUNT;MANUFACTURING AND NATURAL RESOURCES;MX;57,5;Direto
CLI006107;LARGE ENTERPRISE;POWER AND UTILITIES;PE;32,6;Direto
CLI006108;LARGE ENTERPRISE;COMMUNICATIONS, MEDIA AND SERVICES;BR;14,7;Direto
CLI006109;MID MARKET;WHOLESALE TRADE;BR;14,7;Direto
CLI006111;MID MARKET;RETAIL;BR;14,7;Direto
CLI006112;MID MARKET;COMMUNICATIONS, MEDIA AND SERVICES;BR;14,7;Direto
CLI006113;MID MARKET;MANUFACTURING AND NATURAL RESOURCES;BR;14,7;Direto
CLI006123;MID MARKET;COMMUNICATIONS, MEDIA AND SERVICES;BR;46,3;Direto
CLI006124;STRATEGIC ACCOUNT;COMMUNICATIONS, MEDIA AND SERVICES;BR;14,6;Direto
CLI006125;MID MARKET;WHOLESALE TRADE;BR;41,3;Direto
CLI006126;MID MARKET;COMMUNICATIONS, MEDIA AND SERVICES;BR;14,6;Direto
CLI006139;LARGE ENTERPRISE;EDUCATION;AR;12,1;Direto
CLI006142;MID MARKET;COMMUNICATIONS, MEDIA AND SERVICES;BR;14,6;Direto
CLI006143;MID MARKET;EDUCATION;BR;57,0;Direto
CLI006146;GLOBAL ACCOUNT;BANKING AND INVESTMENT SERVICES;MX;29,3;Direto
CLI006150;GLOBAL ACCOUNT;COMMUNICATIONS, MEDIA AND SERVICES;PE;64,3;Direto
CLI006151;GLOBAL ACCOUNT;WHOLESALE TRADE;PE;44,7;Direto
CLI006155;GLOBAL ACCOUNT;POWER AND UTILITIES;MX;60,6;Direto
CLI006164;LARGE ENTERPRISE;BANKING AND INVESTMENT SERVICES;BR;49,6;Direto
CLI006165;MID MARKET;WHOLESALE TRADE;BR;14,6;Direto
CLI006166;LARGE ENTERPRISE;MANUFACTURING AND NATURAL RESOURCES;BR;48,4;Direto
CLI006167;MID MARKET;COMMUNICATIONS, MEDIA AND SERVICES;BR;14,6;Direto
CLI006168;MID MARKET;MANUFACTURING AND NATURAL RESOURCES;BR;14,6;Direto
CLI006169;MID MARKET;COMMUNICATIONS, MEDIA AND SERVICES;BR;14,6;Direto
CLI006170;MID MARKET;COMMUNICATIONS, MEDIA AND SERVICES;BR;14,6;Direto
CLI006178;GLOBAL ACCOUNT;MANUFACTURING AND NATURAL RESOURCES;PE;65,2;Direto
CLI006179;GLOBAL ACCOUNT;BANKING AND INVESTMENT SERVICES;PE;33,3;Direto
CLI006180;LARGE ENTERPRISE;COMMUNICATIONS, MEDIA AND SERVICES;CO;59,8;Direto
CLI006184;GLOBAL ACCOUNT;POWER AND UTILITIES;AR;65,2;Direto
CLI006188;GLOBAL ACCOUNT;COMMUNICATIONS, MEDIA AND SERVICES;MX;65,0;Direto
CLI006193;MID MARKET;MANUFACTURING AND NATURAL RESOURCES;BR;63,2;Direto
CLI006196;LARGE ENTERPRISE;COMMUNICATIONS, MEDIA AND SERVICES;CO;12,4;Direto
CLI006197;GLOBAL ACCOUNT;COMMUNICATIONS, MEDIA AND SERVICES;CO;64,3;Direto
CLI006199;MID MARKET;MANUFACTURING AND NATURAL RESOURCES;PE;31,2;Direto
CLI006202;LARGE ENTERPRISE;EDUCATION;CO;54,0;Direto
CLI006205;PUBLIC SECTOR;GOVERNMENT;BR;14,4;Direto
CLI006208;LARGE ENTERPRISE;COMMUNICATIONS, MEDIA AND SERVICES;MX;14,2;Direto
CLI006219;GLOBAL ACCOUNT;WHOLESALE TRADE;BR;61,1;Direto
CLI006220;LARGE ENTERPRISE;COMMUNICATIONS, MEDIA AND SERVICES;BR;47,3;Direto
CLI006222;MID MARKET;RETAIL;BR;14,4;Direto
CLI006223;MID MARKET;COMMUNICATIONS, MEDIA AND SERVICES;BR;14,4;Direto
CLI006224;LARGE ENTERPRISE;RETAIL;BR;50,1;Direto
CLI006225;LARGE ENTERPRISE;COMMUNICATIONS, MEDIA AND SERVICES;BR;14,4;Direto
CLI006226;MID MARKET;BANKING AND INVESTMENT SERVICES;BR;23,2;Direto
CLI006227;PUBLIC SECTOR;GOVERNMENT;BR;14,4;Direto
CLI006234;GLOBAL ACCOUNT;BANKING AND INVESTMENT SERVICES;CO;20,9;Direto
CLI006237;LARGE ENTERPRISE;WHOLESALE TRADE;MX;63,6;Direto
CLI006238;SMALL MARKET;COMMUNICATIONS, MEDIA AND SERVICES;CO;14,1;Direto
CLI006243;LARGE ENTERPRISE;COMMUNICATIONS, MEDIA AND SERVICES;AR;63,4;Direto
CLI006253;LARGE ENTERPRISE;HEALTHCARE AND LIFE SCIENCES;MX;64,8;Direto
CLI006256;GLOBAL ACCOUNT;INSURANCE;PE;64,4;Direto
CLI006257;GLOBAL ACCOUNT;COMMUNICATIONS, MEDIA AND SERVICES;PE;13,5;Direto
CLI006261;MID MARKET;MANUFACTURING AND NATURAL RESOURCES;AR;62,0;Direto
CLI006264;MID MARKET;COMMUNICATIONS, MEDIA AND SERVICES;BR;52,1;Direto
CLI006265;PUBLIC SECTOR;GOVERNMENT;BR;16,8;Direto
CLI006266;LARGE ENTERPRISE;BANKING AND INVESTMENT SERVICES;BR;14,3;Direto
CLI006267;MID MARKET;MANUFACTURING AND NATURAL RESOURCES;BR;14,3;Direto
CLI006283;GLOBAL ACCOUNT;WHOLESALE TRADE;PE;3,1;Direto
CLI006289;MID MARKET;COMMUNICATIONS, MEDIA AND SERVICES;BR;64,6;Direto
CLI006290;LARGE ENTERPRISE;BANKING AND INVESTMENT SERVICES;BR;14,3;Direto
CLI006291;LARGE ENTERPRISE;WHOLESALE TRADE;BR;49,6;Direto
CLI006292;MID MARKET;TRANSPORTATION;BR;14,3;Direto
CLI006293;MID MARKET;MANUFACTURING AND NATURAL RESOURCES;BR;14,3;Direto
CLI006294;MID MARKET;COMMUNICATIONS, MEDIA AND SERVICES;BR;14,3;Direto
CLI006295;MID MARKET;COMMUNICATIONS, MEDIA AND SERVICES;BR;14,3;Direto
CLI006296;MID MARKET;BANKING AND INVESTMENT SERVICES;BR;14,3;Direto
CLI006297;MID MARKET;MANUFACTURING AND NATURAL RESOURCES;BR;14,3;Direto
CLI006298;LARGE ENTERPRISE;MANUFACTURING AND NATURAL RESOURCES;BR;14,2;Direto
CLI006300;SMALL MARKET;BANKING AND INVESTMENT SERVICES;BR;14,2;Direto
CLI006301;MID MARKET;WHOLESALE TRADE;BR;14,9;Direto
CLI006302;MID MARKET;COMMUNICATIONS, MEDIA AND SERVICES;BR;29,8;Direto
CLI006303;MID MARKET;MANUFACTURING AND NATURAL RESOURCES;BR;14,2;Direto
CLI006304;MID MARKET;COMMUNICATIONS, MEDIA AND SERVICES;BR;14,2;Direto
CLI006305;MID MARKET;COMMUNICATIONS, MEDIA AND SERVICES;BR;14,2;Direto
CLI006307;GLOBAL ACCOUNT;MANUFACTURING AND NATURAL RESOURCES;PE;20,2;Direto
CLI006308;PUBLIC SECTOR;OIL AND GAS;CO;44,4;Direto
CLI006310;LARGE ENTERPRISE;MANUFACTURING AND NATURAL RESOURCES;PE;56,8;Direto
CLI006314;GLOBAL ACCOUNT;WHOLESALE TRADE;PE;62,4;Direto
CLI006318;LARGE ENTERPRISE;COMMUNICATIONS, MEDIA AND SERVICES;CO;13,7;Direto
CLI006320;LARGE ENTERPRISE;BANKING AND INVESTMENT SERVICES;CO;51,9;Direto
CLI006321;PUBLIC SECTOR;EDUCATION;BR;61,0;Direto
CLI006322;MID MARKET;COMMUNICATIONS, MEDIA AND SERVICES;BR;35,2;Direto
CLI006323;LARGE ENTERPRISE;WHOLESALE TRADE;BR;14,2;Direto
CLI006324;LARGE ENTERPRISE;COMMUNICATIONS, MEDIA AND SERVICES;BR;14,2;Direto
CLI006325;MID MARKET;HEALTHCARE AND LIFE SCIENCES;BR;14,2;Direto
CLI006326;MID MARKET;MANUFACTURING AND NATURAL RESOURCES;BR;53,6;Direto
CLI006327;MID MARKET;RETAIL;BR;14,2;Direto
CLI006328;MID MARKET;COMMUNICATIONS, MEDIA AND SERVICES;BR;14,2;Direto
CLI006344;GLOBAL ACCOUNT;BANKING AND INVESTMENT SERVICES;PE;63,9;Direto
CLI006348;LARGE ENTERPRISE;WHOLESALE TRADE;MX;61,4;Direto
CLI006352;MID MARKET;COMMUNICATIONS, MEDIA AND SERVICES;BR;14,2;Direto
CLI006353;GLOBAL ACCOUNT;HEALTHCARE AND LIFE SCIENCES;BR;57,3;Direto
CLI006355;MID MARKET;MANUFACTURING AND NATURAL RESOURCES;BR;54,0;Direto
CLI006356;LARGE ENTERPRISE;TRANSPORTATION;BR;50,7;Direto
CLI006357;MID MARKET;MANUFACTURING AND NATURAL RESOURCES;BR;14,2;Direto
CLI006358;MID MARKET;COMMUNICATIONS, MEDIA AND SERVICES;BR;14,2;Direto
CLI006359;MID MARKET;BANKING AND INVESTMENT SERVICES;BR;14,2;Direto
CLI006360;PUBLIC SECTOR;EDUCATION;BR;14,2;Direto
CLI006361;MID MARKET;MANUFACTURING AND NATURAL RESOURCES;BR;14,2;Direto
CLI006362;MID MARKET;COMMUNICATIONS, MEDIA AND SERVICES;BR;14,2;Direto
CLI006363;GLOBAL ACCOUNT;WHOLESALE TRADE;PE;57,4;Direto
CLI006369;GLOBAL ACCOUNT;WHOLESALE TRADE;PE;8,5;Direto
CLI006376;MID MARKET;WHOLESALE TRADE;BR;14,1;Direto
CLI006377;PUBLIC SECTOR;COMMUNICATIONS, MEDIA AND SERVICES;BR;50,1;Direto
CLI006379;MID MARKET;COMMUNICATIONS, MEDIA AND SERVICES;BR;61,3;Direto
CLI006380;GLOBAL ACCOUNT;BANKING AND INVESTMENT SERVICES;BR;63,0;Direto
CLI006381;MID MARKET;MANUFACTURING AND NATURAL RESOURCES;BR;14,1;Direto
CLI006382;MID MARKET;COMMUNICATIONS, MEDIA AND SERVICES;BR;14,1;Direto
CLI006383;LARGE ENTERPRISE;MANUFACTURING AND NATURAL RESOURCES;MX;61,7;Direto
CLI006389;GLOBAL ACCOUNT;POWER AND UTILITIES;MX;11,8;Direto
CLI006395;GLOBAL ACCOUNT;WHOLESALE TRADE;MX;65,0;Direto
CLI006396;MID MARKET;COMMUNICATIONS, MEDIA AND SERVICES;BR;53,6;Direto
CLI006397;MID MARKET;MANUFACTURING AND NATURAL RESOURCES;BR;14,1;Direto
CLI006398;MID MARKET;RETAIL;BR;14,1;Direto
CLI006399;GLOBAL ACCOUNT;COMMUNICATIONS, MEDIA AND SERVICES;CL;12,5;Direto
CLI006400;GLOBAL ACCOUNT;COMMUNICATIONS, MEDIA AND SERVICES;PE;64,8;Direto
CLI006403;SMALL MARKET;MANUFACTURING AND NATURAL RESOURCES;PE;61,0;Direto
CLI006407;LARGE ENTERPRISE;RETAIL;CO;26,8;Direto
CLI006415;GLOBAL ACCOUNT;COMMUNICATIONS, MEDIA AND SERVICES;BR;35,2;Direto
CLI006416;PUBLIC SECTOR;BANKING AND INVESTMENT SERVICES;BR;14,1;Direto
CLI006417;MID MARKET;WHOLESALE TRADE;BR;46,4;Direto
CLI006418;MID MARKET;COMMUNICATIONS, MEDIA AND SERVICES;BR;62,0;Direto
CLI006419;LARGE ENTERPRISE;MANUFACTURING AND NATURAL RESOURCES;BR;58,5;Direto
CLI006420;LARGE ENTERPRISE;MANUFACTURING AND NATURAL RESOURCES;BR;14,0;Direto
CLI006421;PUBLIC SECTOR;GOVERNMENT;BR;14,0;Direto
CLI006422;MID MARKET;COMMUNICATIONS, MEDIA AND SERVICES;BR;14,0;Direto
CLI006423;MID MARKET;WHOLESALE TRADE;BR;14,0;Direto
CLI006424;MID MARKET;BANKING AND INVESTMENT SERVICES;BR;14,0;Direto
CLI006425;MID MARKET;RETAIL;BR;12,3;Direto
CLI006426;MID MARKET;COMMUNICATIONS, MEDIA AND SERVICES;BR;14,0;Direto
CLI006427;MID MARKET;RETAIL;BR;14,0;Direto
CLI006428;SMALL MARKET;MANUFACTURING AND NATURAL RESOURCES;BR;13,9;Direto
CLI006431;MID MARKET;WHOLESALE TRADE;BR;13,9;Direto
CLI006432;MID MARKET;MANUFACTURING AND NATURAL RESOURCES;BR;13,9;Direto
CLI006433;MID MARKET;COMMUNICATIONS, MEDIA AND SERVICES;BR;13,9;Direto
CLI006434;MID MARKET;COMMUNICATIONS, MEDIA AND SERVICES;BR;13,9;Direto
CLI006435;SMALL MARKET;POWER AND UTILITIES;BR;13,9;Direto
CLI006478;LARGE ENTERPRISE;MANUFACTURING AND NATURAL RESOURCES;MX;5,5;Direto
CLI006480;LARGE ENTERPRISE;MANUFACTURING AND NATURAL RESOURCES;CL;63,9;Direto
CLI006484;LARGE ENTERPRISE;MANUFACTURING AND NATURAL RESOURCES;AR;32,3;Direto
CLI006487;LARGE ENTERPRISE;INSURANCE;AR;28,8;Direto
CLI006490;LARGE ENTERPRISE;INSURANCE;MX;63,2;Direto
CLI006495;SMALL MARKET;WHOLESALE TRADE;CO;13,2;Direto
CLI006498;LARGE ENTERPRISE;HEALTHCARE AND LIFE SCIENCES;BR;13,7;Direto
CLI006500;MID MARKET;WHOLESALE TRADE;BR;37,6;Direto
CLI006501;MID MARKET;RETAIL;BR;13,7;Direto
CLI006503;GLOBAL ACCOUNT;TRANSPORTATION;CO;32,6;Direto
CLI006533;MID MARKET;MANUFACTURING AND NATURAL RESOURCES;BR;13,7;Direto
CLI006534;MID MARKET;COMMUNICATIONS, MEDIA AND SERVICES;BR;13,7;Direto
CLI006539;LARGE ENTERPRISE;HEALTHCARE AND LIFE SCIENCES;MX;54,4;Direto
CLI006545;GLOBAL ACCOUNT;MANUFACTURING AND NATURAL RESOURCES;AR;26,3;Direto
CLI006546;GLOBAL ACCOUNT;MANUFACTURING AND NATURAL RESOURCES;AR;63,2;Direto
CLI006547;LARGE ENTERPRISE;MANUFACTURING AND NATURAL RESOURCES;MX;63,8;Direto
CLI006549;GLOBAL ACCOUNT;MANUFACTURING AND NATURAL RESOURCES;AR;53,1;Direto
CLI006551;SMALL MARKET;POWER AND UTILITIES;PE;6,5;Direto
CLI006552;GLOBAL ACCOUNT;COMMUNICATIONS, MEDIA AND SERVICES;AR;48,1;Direto
CLI006553;LARGE ENTERPRISE;INSURANCE;AR;65,5;Direto
CLI006554;LARGE ENTERPRISE;WHOLESALE TRADE;MX;17,6;Direto
CLI006559;LARGE ENTERPRISE;MANUFACTURING AND NATURAL RESOURCES;BR;13,6;Direto
CLI006560;MID MARKET;EDUCATION;BR;13,6;Direto
CLI006562;MID MARKET;WHOLESALE TRADE;BR;13,6;Direto
CLI006563;MID MARKET;WHOLESALE TRADE;BR;13,6;Direto
CLI006564;MID MARKET;MANUFACTURING AND NATURAL RESOURCES;BR;13,6;Direto
CLI006565;MID MARKET;EDUCATION;BR;44,7;Direto
CLI006581;GLOBAL ACCOUNT;RETAIL;CO;64,6;Direto
CLI006582;MID MARKET;COMMUNICATIONS, MEDIA AND SERVICES;BR;13,6;Direto
CLI006583;LARGE ENTERPRISE;COMMUNICATIONS, MEDIA AND SERVICES;PE;3,9;Direto
CLI006585;MID MARKET;MANUFACTURING AND NATURAL RESOURCES;BR;52,5;Direto
CLI006586;LARGE ENTERPRISE;COMMUNICATIONS, MEDIA AND SERVICES;BR;13,5;Direto
CLI006587;MID MARKET;BANKING AND INVESTMENT SERVICES;BR;13,5;Direto
CLI006589;SMALL MARKET;COMMUNICATIONS, MEDIA AND SERVICES;BR;13,5;Direto
CLI006593;GLOBAL ACCOUNT;MANUFACTURING AND NATURAL RESOURCES;MX;65,0;Direto
CLI006600;LARGE ENTERPRISE;COMMUNICATIONS, MEDIA AND SERVICES;MX;13,2;Direto
CLI006605;MID MARKET;MANUFACTURING AND NATURAL RESOURCES;BR;13,5;Direto
CLI006606;MID MARKET;RETAIL;BR;13,5;Direto
CLI006607;MID MARKET;RETAIL;BR;13,5;Direto
CLI006615;GLOBAL ACCOUNT;WHOLESALE TRADE;PE;62,9;Direto
CLI006616;PUBLIC SECTOR;COMMUNICATIONS, MEDIA AND SERVICES;CO;12,5;Direto
CLI006621;LARGE ENTERPRISE;INSURANCE;BR;65,1;Direto
CLI006622;MID MARKET;RETAIL;BR;13,5;Direto
CLI006623;LARGE ENTERPRISE;MANUFACTURING AND NATURAL RESOURCES;BR;13,5;Direto
CLI006624;MID MARKET;TRANSPORTATION;BR;13,5;Direto
CLI006625;GLOBAL ACCOUNT;COMMUNICATIONS, MEDIA AND SERVICES;MX;64,6;Direto
CLI006626;GLOBAL ACCOUNT;TRANSPORTATION;MX;65,3;Direto
CLI006632;PUBLIC SECTOR;BANKING AND INVESTMENT SERVICES;AR;29,3;Direto
CLI006645;GLOBAL ACCOUNT;MANUFACTURING AND NATURAL RESOURCES;AR;51,1;Direto
CLI006648;GLOBAL ACCOUNT;COMMUNICATIONS, MEDIA AND SERVICES;BR;40,6;Direto
CLI006649;PUBLIC SECTOR;EDUCATION;BR;13,4;Direto
CLI006650;MID MARKET;COMMUNICATIONS, MEDIA AND SERVICES;BR;13,4;Direto
CLI006661;GLOBAL ACCOUNT;BANKING AND INVESTMENT SERVICES;CL;17,2;Direto
CLI006664;GLOBAL ACCOUNT;RETAIL;AR;65,5;Direto
CLI006665;SMALL MARKET;WHOLESALE TRADE;CL;65,5;Direto
CLI006669;GLOBAL ACCOUNT;COMMUNICATIONS, MEDIA AND SERVICES;CL;22,9;Direto
CLI006677;LARGE ENTERPRISE;EDUCATION;PE;60,4;Direto
CLI006678;MID MARKET;COMMUNICATIONS, MEDIA AND SERVICES;BR;13,4;Direto
CLI006680;PUBLIC SECTOR;HEALTHCARE AND LIFE SCIENCES;BR;1,4;Direto
CLI006681;MID MARKET;COMMUNICATIONS, MEDIA AND SERVICES;BR;55,4;Direto
CLI006682;MID MARKET;MANUFACTURING AND NATURAL RESOURCES;BR;13,3;Direto
CLI006683;MID MARKET;COMMUNICATIONS, MEDIA AND SERVICES;BR;13,3;Direto
CLI006684;LARGE ENTERPRISE;WHOLESALE TRADE;BR;13,3;Direto
CLI006697;LARGE ENTERPRISE;BANKING AND INVESTMENT SERVICES;AR;64,0;Direto
CLI006700;PUBLIC SECTOR;COMMUNICATIONS, MEDIA AND SERVICES;BR;63,4;Direto
CLI006701;MID MARKET;MANUFACTURING AND NATURAL RESOURCES;BR;13,3;Direto
CLI006702;LARGE ENTERPRISE;POWER AND UTILITIES;BR;13,3;Direto
CLI006703;STRATEGIC ACCOUNT;BANKING AND INVESTMENT SERVICES;BR;62,7;Direto
CLI006705;PUBLIC SECTOR;POWER AND UTILITIES;BR;13,3;Direto
CLI006706;SMALL MARKET;RETAIL;BR;13,3;Direto
CLI006707;MID MARKET;RETAIL;BR;50,1;Direto
CLI006708;MID MARKET;COMMUNICATIONS, MEDIA AND SERVICES;BR;13,3;Direto
CLI006710;MID MARKET;WHOLESALE TRADE;BR;13,3;Direto
CLI006711;GLOBAL ACCOUNT;WHOLESALE TRADE;AR;62,2;Direto
CLI006725;GLOBAL ACCOUNT;HEALTHCARE AND LIFE SCIENCES;BR;53,6;Direto
CLI006726;MID MARKET;RETAIL;BR;13,2;Direto
CLI006727;MID MARKET;COMMUNICATIONS, MEDIA AND SERVICES;BR;13,2;Direto
CLI006729;MID MARKET;COMMUNICATIONS, MEDIA AND SERVICES;BR;65,6;Direto
CLI006730;MID MARKET;RETAIL;BR;13,2;Direto
CLI006732;MID MARKET;COMMUNICATIONS, MEDIA AND SERVICES;BR;34,4;Direto
CLI006734;MID MARKET;COMMUNICATIONS, MEDIA AND SERVICES;BR;13,2;Direto
CLI006735;MID MARKET;MANUFACTURING AND NATURAL RESOURCES;BR;13,2;Direto
CLI006736;MID MARKET;COMMUNICATIONS, MEDIA AND SERVICES;BR;13,2;Direto
CLI006737;MID MARKET;MANUFACTURING AND NATURAL RESOURCES;BR;13,2;Direto
CLI006739;MID MARKET;WHOLESALE TRADE;BR;13,2;Direto
CLI006740;GLOBAL ACCOUNT;WHOLESALE TRADE;CO;59,0;Direto
CLI006744;GLOBAL ACCOUNT;WHOLESALE TRADE;AR;60,9;Direto
CLI006748;LARGE ENTERPRISE;EDUCATION;CO;54,3;Direto
CLI006749;GLOBAL ACCOUNT;COMMUNICATIONS, MEDIA AND SERVICES;MX;27,9;Direto
CLI006751;GLOBAL ACCOUNT;COMMUNICATIONS, MEDIA AND SERVICES;BR;48,9;Direto
CLI006753;MID MARKET;COMMUNICATIONS, MEDIA AND SERVICES;BR;49,7;Direto
CLI006754;MID MARKET;MANUFACTURING AND NATURAL RESOURCES;BR;13,2;Direto
CLI006764;LARGE ENTERPRISE;MANUFACTURING AND NATURAL RESOURCES;BR;13,2;Direto
CLI006765;MID MARKET;INSURANCE;BR;13,2;Direto
CLI006766;MID MARKET;COMMUNICATIONS, MEDIA AND SERVICES;BR;13,2;Direto
CLI006767;LARGE ENTERPRISE;RETAIL;BR;13,2;Direto
CLI006772;LARGE ENTERPRISE;COMMUNICATIONS, MEDIA AND SERVICES;MX;26,3;Direto
CLI006775;GLOBAL ACCOUNT;COMMUNICATIONS, MEDIA AND SERVICES;CO;10,4;Direto
CLI006782;LARGE ENTERPRISE;INSURANCE;PE;18,3;Direto
CLI006783;MID MARKET;INSURANCE;BR;13,1;Direto
CLI006784;STRATEGIC ACCOUNT;MANUFACTURING AND NATURAL RESOURCES;BR;13,1;Direto
CLI006788;MID MARKET;MANUFACTURING AND NATURAL RESOURCES;BR;57,4;Direto
CLI006789;PUBLIC SECTOR;EDUCATION;BR;13,1;Direto
CLI006790;GLOBAL ACCOUNT;MANUFACTURING AND NATURAL RESOURCES;BR;13,1;Direto
CLI006791;LARGE ENTERPRISE;RETAIL;BR;13,1;Direto
CLI006792;LARGE ENTERPRISE;WHOLESALE TRADE;BR;13,1;Direto
CLI006794;MID MARKET;HEALTHCARE AND LIFE SCIENCES;BR;13,1;Direto
CLI006795;MID MARKET;RETAIL;BR;37,4;Direto
CLI006796;MID MARKET;RETAIL;BR;48,9;Direto
CLI006797;MID MARKET;COMMUNICATIONS, MEDIA AND SERVICES;BR;24,7;Direto
CLI006798;MID MARKET;HEALTHCARE AND LIFE SCIENCES;BR;13,1;Direto
CLI006799;MID MARKET;RETAIL;BR;13,1;Direto
CLI006801;LARGE ENTERPRISE;COMMUNICATIONS, MEDIA AND SERVICES;CO;42,2;Direto
CLI006807;GLOBAL ACCOUNT;BANKING AND INVESTMENT SERVICES;MX;65,6;Direto
CLI006808;LARGE ENTERPRISE;INSURANCE;CO;64,6;Direto
CLI006811;GLOBAL ACCOUNT;WHOLESALE TRADE;CO;6,0;Direto
CLI006819;MID MARKET;MANUFACTURING AND NATURAL RESOURCES;BR;13,0;Direto
CLI006820;GLOBAL ACCOUNT;COMMUNICATIONS, MEDIA AND SERVICES;AR;59,9;Direto
CLI006827;MID MARKET;TRANSPORTATION;CO;12,0;Direto
CLI006830;MID MARKET;COMMUNICATIONS, MEDIA AND SERVICES;BR;13,0;Direto
CLI006832;MID MARKET;MANUFACTURING AND NATURAL RESOURCES;BR;13,0;Direto
CLI006833;LARGE ENTERPRISE;POWER AND UTILITIES;BR;13,0;Direto
CLI006834;GLOBAL ACCOUNT;WHOLESALE TRADE;CO;65,1;Direto
CLI006835;LARGE ENTERPRISE;POWER AND UTILITIES;CO;6,7;Direto
CLI006846;MID MARKET;COMMUNICATIONS, MEDIA AND SERVICES;BR;12,8;Direto
CLI006848;MID MARKET;POWER AND UTILITIES;BR;12,0;Direto
CLI006852;MID MARKET;EDUCATION;CO;29,8;Direto
CLI006861;LARGE ENTERPRISE;MANUFACTURING AND NATURAL RESOURCES;BR;12,9;Direto
CLI006862;MID MARKET;RETAIL;BR;62,9;Direto
CLI006863;MID MARKET;BANKING AND INVESTMENT SERVICES;BR;12,9;Direto
CLI006865;MID MARKET;COMMUNICATIONS, MEDIA AND SERVICES;BR;12,9;Direto
CLI006866;MID MARKET;COMMUNICATIONS, MEDIA AND SERVICES;BR;12,9;Direto
CLI006867;MID MARKET;HEALTHCARE AND LIFE SCIENCES;BR;12,9;Direto
CLI006878;GLOBAL ACCOUNT;COMMUNICATIONS, MEDIA AND SERVICES;AR;11,1;Direto
CLI006880;LARGE ENTERPRISE;MANUFACTURING AND NATURAL RESOURCES;PE;42,0;Direto
CLI006886;LARGE ENTERPRISE;RETAIL;BR;12,9;Direto
CLI006887;MID MARKET;COMMUNICATIONS, MEDIA AND SERVICES;BR;12,9;Direto
CLI006888;MID MARKET;BANKING AND INVESTMENT SERVICES;BR;12,9;Direto
CLI006890;GLOBAL ACCOUNT;HEALTHCARE AND LIFE SCIENCES;BR;60,2;Direto
CLI006891;MID MARKET;RETAIL;BR;12,8;Direto
CLI006892;MID MARKET;COMMUNICATIONS, MEDIA AND SERVICES;BR;51,8;Direto
CLI006893;MID MARKET;RETAIL;BR;12,8;Direto
CLI006895;GLOBAL ACCOUNT;BANKING AND INVESTMENT SERVICES;MX;54,3;Direto
CLI006901;GLOBAL ACCOUNT;MANUFACTURING AND NATURAL RESOURCES;AR;12,7;Direto
CLI006905;GLOBAL ACCOUNT;HEALTHCARE AND LIFE SCIENCES;AR;59,7;Direto
CLI006908;MID MARKET;TRANSPORTATION;BR;32,8;Direto
CLI006909;MID MARKET;COMMUNICATIONS, MEDIA AND SERVICES;BR;12,8;Direto
CLI006910;MID MARKET;MANUFACTURING AND NATURAL RESOURCES;BR;12,8;Direto
CLI006912;LARGE ENTERPRISE;COMMUNICATIONS, MEDIA AND SERVICES;CO;8,3;Direto
CLI006918;LARGE ENTERPRISE;HEALTHCARE AND LIFE SCIENCES;CO;11,1;Direto
CLI006920;GLOBAL ACCOUNT;INSURANCE;CL;12,8;Direto
CLI006923;MID MARKET;WHOLESALE TRADE;BR;20,4;Direto
CLI006925;MID MARKET;EDUCATION;BR;12,8;Direto
CLI006926;MID MARKET;BANKING AND INVESTMENT SERVICES;BR;12,8;Direto
CLI006927;MID MARKET;COMMUNICATIONS, MEDIA AND SERVICES;BR;12,8;Direto
CLI006929;GLOBAL ACCOUNT;UNCLASSIFIED;PE;20,7;Direto
CLI006938;MID MARKET;MANUFACTURING AND NATURAL RESOURCES;BR;12,7;Direto
CLI006939;MID MARKET;COMMUNICATIONS, MEDIA AND SERVICES;BR;12,7;Direto
CLI006940;LARGE ENTERPRISE;MANUFACTURING AND NATURAL RESOURCES;BR;12,7;Direto
CLI006941;MID MARKET;RETAIL;BR;12,8;Direto
CLI006942;MID MARKET;COMMUNICATIONS, MEDIA AND SERVICES;BR;12,7;Direto
CLI006948;LARGE ENTERPRISE;BANKING AND INVESTMENT SERVICES;PE;63,9;Direto
CLI006954;LARGE ENTERPRISE;WHOLESALE TRADE;BR;12,7;Direto
CLI006955;MID MARKET;MANUFACTURING AND NATURAL RESOURCES;BR;12,7;Direto
CLI006956;MID MARKET;BANKING AND INVESTMENT SERVICES;BR;60,6;Direto
CLI006958;MID MARKET;COMMUNICATIONS, MEDIA AND SERVICES;BR;12,7;Direto
CLI006960;LARGE ENTERPRISE;RETAIL;CO;65,5;Direto
CLI006963;GLOBAL ACCOUNT;WHOLESALE TRADE;CO;9,4;Direto
CLI006968;GLOBAL ACCOUNT;INSURANCE;CO;35,6;Direto
CLI006974;MID MARKET;RETAIL;BR;12,7;Direto
CLI006976;MID MARKET;COMMUNICATIONS, MEDIA AND SERVICES;BR;52,6;Direto
CLI006977;MID MARKET;MANUFACTURING AND NATURAL RESOURCES;BR;12,6;Direto
CLI006978;MID MARKET;COMMUNICATIONS, MEDIA AND SERVICES;BR;12,6;Direto
CLI006979;MID MARKET;INSURANCE;BR;12,6;Direto
CLI006980;LARGE ENTERPRISE;COMMUNICATIONS, MEDIA AND SERVICES;PE;7,2;Direto
CLI006997;MID MARKET;COMMUNICATIONS, MEDIA AND SERVICES;BR;58,7;Direto
CLI007004;LARGE ENTERPRISE;COMMUNICATIONS, MEDIA AND SERVICES;MX;12,2;Direto
CLI007008;MID MARKET;MANUFACTURING AND NATURAL RESOURCES;BR;12,5;Direto
CLI007009;GLOBAL ACCOUNT;COMMUNICATIONS, MEDIA AND SERVICES;BR;55,6;Direto
CLI007010;MID MARKET;COMMUNICATIONS, MEDIA AND SERVICES;BR;54,0;Direto
CLI007011;MID MARKET;MANUFACTURING AND NATURAL RESOURCES;BR;52,0;Direto
CLI007012;MID MARKET;COMMUNICATIONS, MEDIA AND SERVICES;BR;12,5;Direto
CLI007013;MID MARKET;MANUFACTURING AND NATURAL RESOURCES;BR;12,5;Direto
CLI007014;MID MARKET;COMMUNICATIONS, MEDIA AND SERVICES;BR;12,5;Direto
CLI007015;LARGE ENTERPRISE;HEALTHCARE AND LIFE SCIENCES;BR;12,5;Direto
CLI007016;MID MARKET;COMMUNICATIONS, MEDIA AND SERVICES;BR;12,5;Direto
CLI007017;GLOBAL ACCOUNT;COMMUNICATIONS, MEDIA AND SERVICES;AR;62,0;Direto
CLI007018;GLOBAL ACCOUNT;COMMUNICATIONS, MEDIA AND SERVICES;PE;64,3;Direto
CLI007025;MID MARKET;WHOLESALE TRADE;MX;62,9;Direto
CLI007027;LARGE ENTERPRISE;COMMUNICATIONS, MEDIA AND SERVICES;CO;49,2;Direto
CLI007028;MID MARKET;COMMUNICATIONS, MEDIA AND SERVICES;PE;63,1;Direto
CLI007035;GLOBAL ACCOUNT;MANUFACTURING AND NATURAL RESOURCES;AR;64,1;Direto
CLI007039;LARGE ENTERPRISE;MANUFACTURING AND NATURAL RESOURCES;PE;44,9;Direto
CLI007049;LARGE ENTERPRISE;TRANSPORTATION;BR;12,5;Direto
CLI007051;MID MARKET;COMMUNICATIONS, MEDIA AND SERVICES;BR;47,1;Direto
CLI007052;LARGE ENTERPRISE;INSURANCE;BR;38,5;Direto
CLI007053;MID MARKET;MANUFACTURING AND NATURAL RESOURCES;BR;12,5;Direto
CLI007054;MID MARKET;COMMUNICATIONS, MEDIA AND SERVICES;BR;12,5;Direto
CLI007055;MID MARKET;COMMUNICATIONS, MEDIA AND SERVICES;BR;12,5;Direto
CLI007065;GLOBAL ACCOUNT;TRANSPORTATION;CO;65,5;Direto
CLI007068;GLOBAL ACCOUNT;MANUFACTURING AND NATURAL RESOURCES;BR;12,4;Direto
CLI007070;GLOBAL ACCOUNT;BANKING AND INVESTMENT SERVICES;BR;61,2;Direto
CLI007089;MID MARKET;EDUCATION;BR;57,1;Direto
CLI007090;PUBLIC SECTOR;EDUCATION;BR;15,4;Direto
CLI007091;LARGE ENTERPRISE;MANUFACTURING AND NATURAL RESOURCES;BR;12,3;Direto
CLI007092;MID MARKET;WHOLESALE TRADE;BR;12,3;Direto
CLI007100;LARGE ENTERPRISE;COMMUNICATIONS, MEDIA AND SERVICES;MX;12,3;Direto
CLI007104;GLOBAL ACCOUNT;WHOLESALE TRADE;AR;27,9;Direto
CLI007108;LARGE ENTERPRISE;COMMUNICATIONS, MEDIA AND SERVICES;BR;12,3;Direto
CLI007111;GLOBAL ACCOUNT;COMMUNICATIONS, MEDIA AND SERVICES;PE;29,6;Direto
CLI007124;LARGE ENTERPRISE;COMMUNICATIONS, MEDIA AND SERVICES;MX;55,9;Direto
CLI007127;LARGE ENTERPRISE;MANUFACTURING AND NATURAL RESOURCES;CO;11,5;Direto
CLI007134;GLOBAL ACCOUNT;COMMUNICATIONS, MEDIA AND SERVICES;PE;65,3;Direto
CLI007135;LARGE ENTERPRISE;RETAIL;BR;12,2;Direto
CLI007136;GLOBAL ACCOUNT;WHOLESALE TRADE;BR;12,2;Direto
CLI007137;LARGE ENTERPRISE;MANUFACTURING AND NATURAL RESOURCES;BR;15,1;Direto
CLI007138;MID MARKET;COMMUNICATIONS, MEDIA AND SERVICES;BR;12,2;Direto
CLI007139;SMALL MARKET;COMMUNICATIONS, MEDIA AND SERVICES;BR;12,2;Direto
CLI007140;MID MARKET;WHOLESALE TRADE;BR;12,2;Direto
CLI007141;MID MARKET;WHOLESALE TRADE;BR;42,9;Direto
CLI007156;SMALL MARKET;BANKING AND INVESTMENT SERVICES;MX;62,9;Direto
CLI007158;GLOBAL ACCOUNT;WHOLESALE TRADE;AR;64,9;Direto
CLI007159;MID MARKET;COMMUNICATIONS, MEDIA AND SERVICES;BR;12,2;Direto
CLI007160;MID MARKET;COMMUNICATIONS, MEDIA AND SERVICES;BR;12,2;Direto
CLI007161;LARGE ENTERPRISE;HEALTHCARE AND LIFE SCIENCES;CO;10,7;Direto
CLI007163;LARGE ENTERPRISE;OIL AND GAS;AR;20,1;Direto
CLI007165;MID MARKET;COMMUNICATIONS, MEDIA AND SERVICES;BR;12,1;Direto
CLI007166;MID MARKET;WHOLESALE TRADE;BR;12,1;Direto
CLI007167;MID MARKET;COMMUNICATIONS, MEDIA AND SERVICES;BR;12,1;Direto
CLI007168;MID MARKET;COMMUNICATIONS, MEDIA AND SERVICES;BR;12,1;Direto
CLI007169;MID MARKET;COMMUNICATIONS, MEDIA AND SERVICES;BR;12,1;Direto
CLI007171;GLOBAL ACCOUNT;POWER AND UTILITIES;CO;65,3;Direto
CLI007172;GLOBAL ACCOUNT;INSURANCE;PE;22,4;Direto
CLI007185;LARGE ENTERPRISE;COMMUNICATIONS, MEDIA AND SERVICES;MX;40,2;Direto
CLI007186;LARGE ENTERPRISE;COMMUNICATIONS, MEDIA AND SERVICES;BR;12,1;Direto
CLI007187;MID MARKET;COMMUNICATIONS, MEDIA AND SERVICES;BR;12,1;Direto
CLI007188;MID MARKET;COMMUNICATIONS, MEDIA AND SERVICES;BR;63,6;Direto
CLI007189;MID MARKET;COMMUNICATIONS, MEDIA AND SERVICES;BR;12,1;Direto
CLI007190;MID MARKET;RETAIL;BR;12,1;Direto
CLI007205;LARGE ENTERPRISE;COMMUNICATIONS, MEDIA AND SERVICES;BR;62,3;Direto
CLI007206;MID MARKET;RETAIL;BR;12,1;Direto
CLI007208;MID MARKET;MANUFACTURING AND NATURAL RESOURCES;BR;12,1;Direto
CLI007209;MID MARKET;COMMUNICATIONS, MEDIA AND SERVICES;BR;12,1;Direto
CLI007210;MID MARKET;BANKING AND INVESTMENT SERVICES;BR;13,7;Direto
CLI007211;MID MARKET;MANUFACTURING AND NATURAL RESOURCES;BR;12,1;Direto
CLI007224;LARGE ENTERPRISE;MANUFACTURING AND NATURAL RESOURCES;AR;47,5;Direto
CLI007231;SMALL MARKET;BANKING AND INVESTMENT SERVICES;CL;11,8;Direto
CLI007235;LARGE ENTERPRISE;COMMUNICATIONS, MEDIA AND SERVICES;BR;62,7;Direto
CLI007236;MID MARKET;EDUCATION;BR;12,0;Direto
CLI007237;MID MARKET;RETAIL;CO;10,4;Direto
CLI007238;LARGE ENTERPRISE;BANKING AND INVESTMENT SERVICES;AR;26,8;Direto
CLI007239;LARGE ENTERPRISE;MANUFACTURING AND NATURAL RESOURCES;MX;36,8;Direto
CLI007240;GLOBAL ACCOUNT;UNCLASSIFIED;PE;11,1;Direto
CLI007247;GLOBAL ACCOUNT;COMMUNICATIONS, MEDIA AND SERVICES;AR;29,5;Direto
CLI007250;PUBLIC SECTOR;EDUCATION;BR;12,0;Direto
CLI007251;LARGE ENTERPRISE;COMMUNICATIONS, MEDIA AND SERVICES;BR;12,0;Direto
CLI007252;MID MARKET;COMMUNICATIONS, MEDIA AND SERVICES;BR;12,0;Direto
CLI007253;MID MARKET;RETAIL;BR;33,7;Direto
CLI007265;MID MARKET;COMMUNICATIONS, MEDIA AND SERVICES;BR;11,9;Direto
CLI007267;MID MARKET;WHOLESALE TRADE;BR;44,6;Direto
CLI007268;MID MARKET;COMMUNICATIONS, MEDIA AND SERVICES;BR;54,7;Direto
CLI007269;MID MARKET;MANUFACTURING AND NATURAL RESOURCES;BR;11,9;Direto
CLI007270;SMALL MARKET;COMMUNICATIONS, MEDIA AND SERVICES;BR;11,9;Direto
CLI007271;MID MARKET;MANUFACTURING AND NATURAL RESOURCES;BR;11,9;Direto
CLI007272;MID MARKET;RETAIL;BR;11,9;Direto
CLI007273;MID MARKET;INSURANCE;BR;11,9;Direto
CLI007274;MID MARKET;COMMUNICATIONS, MEDIA AND SERVICES;BR;11,9;Direto
CLI007275;MID MARKET;TRANSPORTATION;BR;11,9;Direto
CLI007276;LARGE ENTERPRISE;EDUCATION;CO;37,8;Direto
CLI007283;GLOBAL ACCOUNT;MANUFACTURING AND NATURAL RESOURCES;MX;64,6;Direto
CLI007286;MID MARKET;MANUFACTURING AND NATURAL RESOURCES;BR;11,8;Direto
CLI007287;MID MARKET;TRANSPORTATION;BR;11,8;Direto
CLI007302;STRATEGIC ACCOUNT;BANKING AND INVESTMENT SERVICES;BR;55,4;Direto
CLI007303;GLOBAL ACCOUNT;COMMUNICATIONS, MEDIA AND SERVICES;BR;11,8;Direto
CLI007317;LARGE ENTERPRISE;COMMUNICATIONS, MEDIA AND SERVICES;CL;10,7;Direto
CLI007323;GLOBAL ACCOUNT;COMMUNICATIONS, MEDIA AND SERVICES;BR;11,8;Direto
CLI007324;LARGE ENTERPRISE;COMMUNICATIONS, MEDIA AND SERVICES;BR;11,8;Direto
CLI007325;PUBLIC SECTOR;EDUCATION;BR;11,8;Direto
CLI007326;LARGE ENTERPRISE;HEALTHCARE AND LIFE SCIENCES;BR;53,1;Direto
CLI007327;MID MARKET;HEALTHCARE AND LIFE SCIENCES;BR;11,8;Direto
CLI007328;MID MARKET;TRANSPORTATION;BR;11,8;Direto
CLI007329;MID MARKET;COMMUNICATIONS, MEDIA AND SERVICES;BR;11,8;Direto
CLI007330;MID MARKET;COMMUNICATIONS, MEDIA AND SERVICES;BR;11,8;Direto
CLI007331;GLOBAL ACCOUNT;MANUFACTURING AND NATURAL RESOURCES;PE;33,9;Direto
CLI007340;GLOBAL ACCOUNT;RETAIL;CO;28,9;Direto
CLI007343;LARGE ENTERPRISE;BANKING AND INVESTMENT SERVICES;CO;9,1;Direto
CLI007345;LARGE ENTERPRISE;MANUFACTURING AND NATURAL RESOURCES;BR;56,4;Direto
CLI007346;MID MARKET;MANUFACTURING AND NATURAL RESOURCES;BR;11,7;Direto
CLI007349;LARGE ENTERPRISE;RETAIL;BR;11,7;Direto
CLI007359;GLOBAL ACCOUNT;COMMUNICATIONS, MEDIA AND SERVICES;CO;48,3;Direto
CLI007377;PUBLIC SECTOR;EDUCATION;BR;49,0;Direto
CLI007378;STRATEGIC ACCOUNT;COMMUNICATIONS, MEDIA AND SERVICES;BR;11,6;Direto
CLI007379;MID MARKET;COMMUNICATIONS, MEDIA AND SERVICES;BR;47,4;Direto
CLI007380;MID MARKET;WHOLESALE TRADE;BR;11,6;Direto
CLI007381;MID MARKET;COMMUNICATIONS, MEDIA AND SERVICES;BR;11,6;Direto
CLI007382;MID MARKET;COMMUNICATIONS, MEDIA AND SERVICES;BR;11,6;Direto
CLI007383;MID MARKET;COMMUNICATIONS, MEDIA AND SERVICES;BR;11,6;Direto
CLI007384;MID MARKET;WHOLESALE TRADE;BR;11,6;Direto
CLI007395;GLOBAL ACCOUNT;COMMUNICATIONS, MEDIA AND SERVICES;BR;11,6;Direto
CLI007399;LARGE ENTERPRISE;INSURANCE;AR;59,7;Direto
CLI007402;GLOBAL ACCOUNT;COMMUNICATIONS, MEDIA AND SERVICES;MX;60,4;Direto
CLI007405;LARGE ENTERPRISE;COMMUNICATIONS, MEDIA AND SERVICES;CO;10,5;Direto
CLI007410;MID MARKET;MANUFACTURING AND NATURAL RESOURCES;BR;51,7;Direto
CLI007412;MID MARKET;COMMUNICATIONS, MEDIA AND SERVICES;BR;11,5;Direto
CLI007413;MID MARKET;HEALTHCARE AND LIFE SCIENCES;BR;11,5;Direto
CLI007414;LARGE ENTERPRISE;COMMUNICATIONS, MEDIA AND SERVICES;BR;11,5;Direto
CLI007420;MID MARKET;POWER AND UTILITIES;BR;11,5;Direto
CLI007421;MID MARKET;MANUFACTURING AND NATURAL RESOURCES;BR;11,5;Direto
CLI007422;LARGE ENTERPRISE;INSURANCE;BR;11,5;Direto
CLI007423;LARGE ENTERPRISE;MANUFACTURING AND NATURAL RESOURCES;BR;11,5;Direto
CLI007424;MID MARKET;HEALTHCARE AND LIFE SCIENCES;BR;11,5;Direto
CLI007426;LARGE ENTERPRISE;RETAIL;MX;22,1;Direto
CLI007428;MID MARKET;MANUFACTURING AND NATURAL RESOURCES;BR;61,0;Direto
CLI007429;MID MARKET;MANUFACTURING AND NATURAL RESOURCES;BR;11,4;Direto
CLI007437;GLOBAL ACCOUNT;BANKING AND INVESTMENT SERVICES;CO;0,2;Direto
CLI007447;LARGE ENTERPRISE;MANUFACTURING AND NATURAL RESOURCES;BR;11,4;Direto
CLI007448;LARGE ENTERPRISE;COMMUNICATIONS, MEDIA AND SERVICES;BR;40,3;Direto
CLI007450;MID MARKET;MANUFACTURING AND NATURAL RESOURCES;BR;11,4;Direto
CLI007451;MID MARKET;MANUFACTURING AND NATURAL RESOURCES;BR;11,4;Direto
CLI007458;PUBLIC SECTOR;GOVERNMENT;BR;11,4;Direto
CLI007469;MID MARKET;COMMUNICATIONS, MEDIA AND SERVICES;BR;11,3;Direto
CLI007471;LARGE ENTERPRISE;COMMUNICATIONS, MEDIA AND SERVICES;CO;54,5;Direto
CLI007475;GLOBAL ACCOUNT;HEALTHCARE AND LIFE SCIENCES;CL;59,9;Direto
CLI007482;MID MARKET;COMMUNICATIONS, MEDIA AND SERVICES;BR;11,3;Direto
CLI007483;MID MARKET;WHOLESALE TRADE;BR;11,3;Direto
CLI007484;MID MARKET;COMMUNICATIONS, MEDIA AND SERVICES;BR;11,3;Direto
CLI007485;MID MARKET;COMMUNICATIONS, MEDIA AND SERVICES;BR;11,3;Direto
CLI007496;MID MARKET;MANUFACTURING AND NATURAL RESOURCES;BR;11,3;Direto
CLI007497;MID MARKET;COMMUNICATIONS, MEDIA AND SERVICES;BR;11,3;Direto
CLI007498;MID MARKET;BANKING AND INVESTMENT SERVICES;BR;11,3;Direto
CLI007499;MID MARKET;POWER AND UTILITIES;BR;11,3;Direto
CLI007500;MID MARKET;BANKING AND INVESTMENT SERVICES;BR;11,3;Direto
CLI007503;GLOBAL ACCOUNT;BANKING AND INVESTMENT SERVICES;AR;51,3;Direto
CLI007508;SMALL MARKET;RETAIL;AR;41,4;Direto
CLI007509;LARGE ENTERPRISE;BANKING AND INVESTMENT SERVICES;CL;34,0;Direto
CLI007510;LARGE ENTERPRISE;MANUFACTURING AND NATURAL RESOURCES;MX;64,3;Direto
CLI007512;GLOBAL ACCOUNT;COMMUNICATIONS, MEDIA AND SERVICES;MX;64,8;Direto
CLI007517;LARGE ENTERPRISE;MANUFACTURING AND NATURAL RESOURCES;BR;11,2;Direto
CLI007518;MID MARKET;COMMUNICATIONS, MEDIA AND SERVICES;BR;32,8;Direto
CLI007519;MID MARKET;WHOLESALE TRADE;BR;11,2;Direto
CLI007520;MID MARKET;COMMUNICATIONS, MEDIA AND SERVICES;BR;58,3;Direto
CLI007521;MID MARKET;WHOLESALE TRADE;BR;11,2;Direto
CLI007525;LARGE ENTERPRISE;BANKING AND INVESTMENT SERVICES;PE;55,3;Direto
CLI007529;STRATEGIC ACCOUNT;HEALTHCARE AND LIFE SCIENCES;BR;64,3;Direto
CLI007530;MID MARKET;COMMUNICATIONS, MEDIA AND SERVICES;BR;11,1;Direto
CLI007531;MID MARKET;BANKING AND INVESTMENT SERVICES;BR;54,1;Direto
CLI007532;MID MARKET;BANKING AND INVESTMENT SERVICES;BR;52,4;Direto
CLI007533;MID MARKET;COMMUNICATIONS, MEDIA AND SERVICES;BR;11,1;Direto
CLI007534;MID MARKET;MANUFACTURING AND NATURAL RESOURCES;BR;11,2;Direto
CLI007535;LARGE ENTERPRISE;BANKING AND INVESTMENT SERVICES;BR;11,1;Direto
CLI007536;MID MARKET;COMMUNICATIONS, MEDIA AND SERVICES;BR;11,1;Direto
CLI007537;GLOBAL ACCOUNT;MANUFACTURING AND NATURAL RESOURCES;AR;21,6;Direto
CLI007538;LARGE ENTERPRISE;BANKING AND INVESTMENT SERVICES;MX;65,5;Direto
CLI007551;SMALL MARKET;WHOLESALE TRADE;CO;52,4;Direto
CLI007555;MID MARKET;COMMUNICATIONS, MEDIA AND SERVICES;BR;20,5;Direto
CLI007556;MID MARKET;HEALTHCARE AND LIFE SCIENCES;BR;11,1;Direto
CLI007557;GLOBAL ACCOUNT;POWER AND UTILITIES;BR;11,1;Direto
CLI007558;MID MARKET;HEALTHCARE AND LIFE SCIENCES;BR;11,1;Direto
CLI007559;LARGE ENTERPRISE;MANUFACTURING AND NATURAL RESOURCES;BR;11,1;Direto
CLI007560;MID MARKET;BANKING AND INVESTMENT SERVICES;BR;11,1;Direto
CLI007570;GLOBAL ACCOUNT;WHOLESALE TRADE;PE;65,3;Direto
CLI007572;GLOBAL ACCOUNT;BANKING AND INVESTMENT SERVICES;MX;64,0;Direto
CLI007575;LARGE ENTERPRISE;COMMUNICATIONS, MEDIA AND SERVICES;MX;1,1;Direto
CLI007581;MID MARKET;HEALTHCARE AND LIFE SCIENCES;BR;11,1;Direto
CLI007582;MID MARKET;COMMUNICATIONS, MEDIA AND SERVICES;BR;11,1;Direto
CLI007583;STRATEGIC ACCOUNT;HEALTHCARE AND LIFE SCIENCES;BR;11,1;Direto
CLI007584;MID MARKET;COMMUNICATIONS, MEDIA AND SERVICES;BR;11,1;Direto
CLI007585;LARGE ENTERPRISE;COMMUNICATIONS, MEDIA AND SERVICES;BR;11,1;Direto
CLI007594;GLOBAL ACCOUNT;HEALTHCARE AND LIFE SCIENCES;BR;34,9;Direto
CLI007595;LARGE ENTERPRISE;COMMUNICATIONS, MEDIA AND SERVICES;BR;11,0;Direto
CLI007596;MID MARKET;COMMUNICATIONS, MEDIA AND SERVICES;BR;11,0;Direto
CLI007599;MID MARKET;RETAIL;BR;11,0;Direto
CLI007600;MID MARKET;GOVERNMENT;BR;11,0;Direto
CLI007601;MID MARKET;MANUFACTURING AND NATURAL RESOURCES;BR;11,0;Direto
CLI007612;MID MARKET;RETAIL;BR;51,7;Direto
CLI007613;MID MARKET;WHOLESALE TRADE;BR;10,9;Direto
CLI007614;PUBLIC SECTOR;GOVERNMENT;BR;10,9;Direto
CLI007615;MID MARKET;COMMUNICATIONS, MEDIA AND SERVICES;BR;10,9;Direto
CLI007616;SMALL MARKET;RETAIL;BR;10,9;Direto
CLI007617;MID MARKET;COMMUNICATIONS, MEDIA AND SERVICES;BR;10,9;Direto
CLI007623;PUBLIC SECTOR;EDUCATION;BR;52,6;Direto
CLI007624;GLOBAL ACCOUNT;MANUFACTURING AND NATURAL RESOURCES;BR;5,4;Direto
CLI007643;GLOBAL ACCOUNT;BANKING AND INVESTMENT SERVICES;BR;33,1;Direto
CLI007644;MID MARKET;WHOLESALE TRADE;BR;10,9;Direto
CLI007659;LARGE ENTERPRISE;MANUFACTURING AND NATURAL RESOURCES;BR;10,8;Direto
CLI007660;MID MARKET;WHOLESALE TRADE;BR;10,8;Direto
CLI007661;MID MARKET;WHOLESALE TRADE;BR;10,8;Direto
CLI007662;MID MARKET;COMMUNICATIONS, MEDIA AND SERVICES;BR;10,8;Direto
CLI007663;MID MARKET;RETAIL;BR;10,8;Direto
CLI007675;MID MARKET;COMMUNICATIONS, MEDIA AND SERVICES;BR;10,7;Direto
CLI007676;MID MARKET;RETAIL;BR;10,7;Direto
CLI007677;MID MARKET;POWER AND UTILITIES;BR;49,0;Direto
CLI007679;MID MARKET;WHOLESALE TRADE;BR;10,7;Direto
CLI007680;MID MARKET;WHOLESALE TRADE;BR;10,7;Direto
CLI007681;MID MARKET;MANUFACTURING AND NATURAL RESOURCES;BR;10,7;Direto
CLI007685;GLOBAL ACCOUNT;HEALTHCARE AND LIFE SCIENCES;AR;59,9;Direto
CLI007693;LARGE ENTERPRISE;COMMUNICATIONS, MEDIA AND SERVICES;BR;10,7;Direto
CLI007694;LARGE ENTERPRISE;MANUFACTURING AND NATURAL RESOURCES;BR;41,7;Direto
CLI007695;MID MARKET;MANUFACTURING AND NATURAL RESOURCES;BR;10,7;Direto
CLI007696;MID MARKET;MANUFACTURING AND NATURAL RESOURCES;BR;10,7;Direto
CLI007697;MID MARKET;MANUFACTURING AND NATURAL RESOURCES;BR;10,7;Direto
CLI007698;PUBLIC SECTOR;EDUCATION;BR;10,7;Direto
CLI007699;SMALL MARKET;GOVERNMENT;BR;10,7;Direto
CLI007708;GLOBAL ACCOUNT;HEALTHCARE AND LIFE SCIENCES;BR;10,7;Direto
CLI007710;MID MARKET;COMMUNICATIONS, MEDIA AND SERVICES;BR;10,7;Direto
CLI007711;LARGE ENTERPRISE;MANUFACTURING AND NATURAL RESOURCES;MX;9,6;Direto
CLI007716;SMALL MARKET;WHOLESALE TRADE;CL;9,3;Direto
CLI007722;PUBLIC SECTOR;EDUCATION;BR;10,6;Direto
CLI007723;MID MARKET;TRANSPORTATION;BR;10,6;Direto
CLI007724;MID MARKET;RETAIL;BR;10,6;Direto
CLI007733;MID MARKET;MANUFACTURING AND NATURAL RESOURCES;BR;10,6;Direto
CLI007734;LARGE ENTERPRISE;WHOLESALE TRADE;BR;10,6;Direto
CLI007735;MID MARKET;TRANSPORTATION;BR;54,8;Direto
CLI007736;MID MARKET;COMMUNICATIONS, MEDIA AND SERVICES;BR;10,6;Direto
CLI007737;MID MARKET;WHOLESALE TRADE;BR;10,6;Direto
CLI007738;MID MARKET;COMMUNICATIONS, MEDIA AND SERVICES;BR;30,2;Direto
CLI007742;MID MARKET;COMMUNICATIONS, MEDIA AND SERVICES;CO;10,2;Direto
CLI007750;MID MARKET;RETAIL;BR;10,5;Direto
CLI007751;MID MARKET;INSURANCE;BR;10,5;Direto
CLI007752;MID MARKET;COMMUNICATIONS, MEDIA AND SERVICES;BR;10,5;Direto
CLI007753;MID MARKET;COMMUNICATIONS, MEDIA AND SERVICES;BR;10,5;Direto
CLI007758;GLOBAL ACCOUNT;COMMUNICATIONS, MEDIA AND SERVICES;PE;50,4;Direto
CLI007759;MID MARKET;MANUFACTURING AND NATURAL RESOURCES;BR;51,7;Direto
CLI007760;MID MARKET;BANKING AND INVESTMENT SERVICES;BR;11,9;Direto
CLI007761;MID MARKET;MANUFACTURING AND NATURAL RESOURCES;BR;10,5;Direto
CLI007762;MID MARKET;RETAIL;BR;10,5;Direto
CLI007779;PUBLIC SECTOR;BANKING AND INVESTMENT SERVICES;PE;8,4;Direto
CLI007786;LARGE ENTERPRISE;TRANSPORTATION;AR;63,8;Direto
CLI007791;MID MARKET;WHOLESALE TRADE;BR;48,9;Direto
CLI007792;MID MARKET;WHOLESALE TRADE;BR;49,8;Direto
CLI007793;MID MARKET;TRANSPORTATION;BR;10,4;Direto
CLI007794;MID MARKET;MANUFACTURING AND NATURAL RESOURCES;BR;10,4;Direto
CLI007795;MID MARKET;COMMUNICATIONS, MEDIA AND SERVICES;BR;10,4;Direto
CLI007796;MID MARKET;COMMUNICATIONS, MEDIA AND SERVICES;BR;10,4;Direto
CLI007802;MID MARKET;RETAIL;BR;10,4;Direto
CLI007803;MID MARKET;MANUFACTURING AND NATURAL RESOURCES;BR;10,4;Direto
CLI007804;GLOBAL ACCOUNT;TRANSPORTATION;BR;41,4;Direto
CLI007811;LARGE ENTERPRISE;MANUFACTURING AND NATURAL RESOURCES;AR;65,1;Direto
CLI007812;MID MARKET;MANUFACTURING AND NATURAL RESOURCES;BR;10,3;Direto
CLI007813;MID MARKET;COMMUNICATIONS, MEDIA AND SERVICES;BR;10,3;Direto
CLI007814;MID MARKET;BANKING AND INVESTMENT SERVICES;BR;10,3;Direto
CLI007822;MID MARKET;HEALTHCARE AND LIFE SCIENCES;BR;10,2;Direto
CLI007823;MID MARKET;COMMUNICATIONS, MEDIA AND SERVICES;BR;46,8;Direto
CLI007824;MID MARKET;RETAIL;BR;10,2;Direto
CLI007825;MID MARKET;COMMUNICATIONS, MEDIA AND SERVICES;BR;10,2;Direto
CLI007826;LARGE ENTERPRISE;BANKING AND INVESTMENT SERVICES;BR;10,2;Direto
CLI007828;LARGE ENTERPRISE;EDUCATION;CO;9,1;Direto
CLI007840;MID MARKET;COMMUNICATIONS, MEDIA AND SERVICES;BR;10,2;Direto
CLI007851;LARGE ENTERPRISE;BANKING AND INVESTMENT SERVICES;PE;52,2;Direto
CLI007856;LARGE ENTERPRISE;MANUFACTURING AND NATURAL RESOURCES;BR;63,0;Direto
CLI007857;PUBLIC SECTOR;GOVERNMENT;BR;65,6;Direto
CLI007858;GLOBAL ACCOUNT;MANUFACTURING AND NATURAL RESOURCES;BR;59,9;Direto
CLI007859;MID MARKET;MANUFACTURING AND NATURAL RESOURCES;BR;10,2;Direto
CLI007860;MID MARKET;TRANSPORTATION;BR;10,2;Direto
CLI007865;GLOBAL ACCOUNT;COMMUNICATIONS, MEDIA AND SERVICES;MX;49,8;Direto
CLI007872;GLOBAL ACCOUNT;WHOLESALE TRADE;CO;63,7;Direto
CLI007886;PUBLIC SECTOR;GOVERNMENT;BR;34,0;Direto
CLI007887;MID MARKET;COMMUNICATIONS, MEDIA AND SERVICES;BR;10,1;Direto
CLI007889;MID MARKET;BANKING AND INVESTMENT SERVICES;BR;10,0;Direto
CLI007894;GLOBAL ACCOUNT;COMMUNICATIONS, MEDIA AND SERVICES;MX;9,2;Direto
CLI007900;MID MARKET;WHOLESALE TRADE;BR;11,1;Direto
CLI007901;MID MARKET;WHOLESALE TRADE;BR;10,0;Direto
CLI007902;MID MARKET;COMMUNICATIONS, MEDIA AND SERVICES;BR;11,4;Direto
CLI007909;MID MARKET;MANUFACTURING AND NATURAL RESOURCES;BR;10,0;Direto
CLI007910;MID MARKET;BANKING AND INVESTMENT SERVICES;BR;62,7;Direto
CLI007911;MID MARKET;COMMUNICATIONS, MEDIA AND SERVICES;BR;41,9;Direto
CLI007912;MID MARKET;COMMUNICATIONS, MEDIA AND SERVICES;BR;10,0;Direto
CLI007924;MID MARKET;MANUFACTURING AND NATURAL RESOURCES;BR;59,5;Direto
CLI007926;PUBLIC SECTOR;COMMUNICATIONS, MEDIA AND SERVICES;BR;45,5;Direto
CLI007927;LARGE ENTERPRISE;MANUFACTURING AND NATURAL RESOURCES;BR;9,9;Direto
CLI007928;MID MARKET;COMMUNICATIONS, MEDIA AND SERVICES;BR;9,9;Direto
CLI007936;STRATEGIC ACCOUNT;INSURANCE;MX;9,2;Direto
CLI007947;MID MARKET;MANUFACTURING AND NATURAL RESOURCES;BR;61,7;Direto
CLI007948;MID MARKET;COMMUNICATIONS, MEDIA AND SERVICES;BR;9,9;Direto
CLI007949;MID MARKET;COMMUNICATIONS, MEDIA AND SERVICES;BR;9,9;Direto
CLI007950;MID MARKET;RETAIL;BR;9,9;Direto
CLI007951;MID MARKET;RETAIL;BR;9,9;Direto
CLI007952;MID MARKET;COMMUNICATIONS, MEDIA AND SERVICES;BR;9,9;Direto
CLI007961;MID MARKET;RETAIL;BR;9,8;Direto
CLI007962;LARGE ENTERPRISE;COMMUNICATIONS, MEDIA AND SERVICES;BR;49,8;Direto
CLI007964;MID MARKET;MANUFACTURING AND NATURAL RESOURCES;BR;9,8;Direto
CLI007965;MID MARKET;MANUFACTURING AND NATURAL RESOURCES;BR;9,8;Direto
CLI007966;PUBLIC SECTOR;GOVERNMENT;BR;8,6;Direto
CLI007973;MID MARKET;HEALTHCARE AND LIFE SCIENCES;BR;9,8;Direto
CLI007974;MID MARKET;MANUFACTURING AND NATURAL RESOURCES;BR;9,8;Direto
CLI007975;GLOBAL ACCOUNT;COMMUNICATIONS, MEDIA AND SERVICES;BR;7,1;Direto
CLI007976;MID MARKET;RETAIL;BR;9,8;Direto
CLI007984;LARGE ENTERPRISE;BANKING AND INVESTMENT SERVICES;CO;57,2;Direto
CLI007992;PUBLIC SECTOR;BANKING AND INVESTMENT SERVICES;BR;53,2;Direto
CLI007993;MID MARKET;RETAIL;BR;33,7;Direto
CLI007995;MID MARKET;MANUFACTURING AND NATURAL RESOURCES;BR;9,7;Direto
CLI007996;MID MARKET;MANUFACTURING AND NATURAL RESOURCES;BR;9,7;Direto
CLI007997;MID MARKET;RETAIL;BR;9,7;Direto
CLI007999;SMALL MARKET;COMMUNICATIONS, MEDIA AND SERVICES;PE;8,8;Direto
CLI008005;GLOBAL ACCOUNT;COMMUNICATIONS, MEDIA AND SERVICES;BR;9,7;Direto
CLI008006;MID MARKET;COMMUNICATIONS, MEDIA AND SERVICES;BR;46,4;Direto
CLI008007;MID MARKET;EDUCATION;BR;9,7;Direto
CLI008008;MID MARKET;COMMUNICATIONS, MEDIA AND SERVICES;BR;9,7;Direto
CLI008009;MID MARKET;MANUFACTURING AND NATURAL RESOURCES;BR;9,7;Direto
CLI008012;LARGE ENTERPRISE;COMMUNICATIONS, MEDIA AND SERVICES;AR;2,2;Direto
CLI008018;MID MARKET;COMMUNICATIONS, MEDIA AND SERVICES;BR;54,9;Direto
CLI008019;LARGE ENTERPRISE;COMMUNICATIONS, MEDIA AND SERVICES;BR;9,7;Direto
CLI008020;MID MARKET;HEALTHCARE AND LIFE SCIENCES;BR;9,7;Direto
CLI008021;MID MARKET;BANKING AND INVESTMENT SERVICES;BR;9,7;Direto
CLI008022;MID MARKET;COMMUNICATIONS, MEDIA AND SERVICES;BR;9,7;Direto
CLI008023;MID MARKET;MANUFACTURING AND NATURAL RESOURCES;BR;9,7;Direto
CLI008039;MID MARKET;RETAIL;BR;9,6;Direto
CLI008042;MID MARKET;COMMUNICATIONS, MEDIA AND SERVICES;BR;9,6;Direto
CLI008044;MID MARKET;MANUFACTURING AND NATURAL RESOURCES;BR;42,0;Direto
CLI008045;MID MARKET;COMMUNICATIONS, MEDIA AND SERVICES;BR;9,6;Direto
CLI008046;MID MARKET;TRANSPORTATION;BR;9,6;Direto
CLI008047;MID MARKET;MANUFACTURING AND NATURAL RESOURCES;BR;9,6;Direto
CLI008060;MID MARKET;COMMUNICATIONS, MEDIA AND SERVICES;BR;59,0;Direto
CLI008061;MID MARKET;MANUFACTURING AND NATURAL RESOURCES;BR;53,7;Direto
CLI008062;LARGE ENTERPRISE;COMMUNICATIONS, MEDIA AND SERVICES;BR;39,6;Direto
CLI008063;MID MARKET;RETAIL;BR;26,8;Direto
CLI008064;MID MARKET;WHOLESALE TRADE;BR;9,5;Direto
CLI008065;MID MARKET;COMMUNICATIONS, MEDIA AND SERVICES;BR;9,5;Direto
CLI008068;LARGE ENTERPRISE;WHOLESALE TRADE;CO;8,4;Direto
CLI008081;LARGE ENTERPRISE;MANUFACTURING AND NATURAL RESOURCES;BR;40,0;Direto
CLI008089;MID MARKET;WHOLESALE TRADE;BR;9,5;Direto
CLI008090;LARGE ENTERPRISE;TRANSPORTATION;BR;9,5;Direto
CLI008091;GLOBAL ACCOUNT;COMMUNICATIONS, MEDIA AND SERVICES;BR;38,8;Direto
CLI008092;MID MARKET;MANUFACTURING AND NATURAL RESOURCES;BR;9,5;Direto
CLI008093;MID MARKET;COMMUNICATIONS, MEDIA AND SERVICES;BR;52,0;Direto
CLI008094;MID MARKET;MANUFACTURING AND NATURAL RESOURCES;BR;35,0;Direto
CLI008095;MID MARKET;COMMUNICATIONS, MEDIA AND SERVICES;BR;9,5;Direto
CLI008096;MID MARKET;COMMUNICATIONS, MEDIA AND SERVICES;BR;9,5;Direto
CLI008097;MID MARKET;RETAIL;BR;9,5;Direto
CLI008098;MID MARKET;POWER AND UTILITIES;BR;9,5;Direto
CLI008106;GLOBAL ACCOUNT;WHOLESALE TRADE;AR;7,9;Direto
CLI008110;LARGE ENTERPRISE;MANUFACTURING AND NATURAL RESOURCES;BR;9,4;Direto
CLI008111;STRATEGIC ACCOUNT;OIL AND GAS;BR;9,4;Direto
CLI008112;MID MARKET;TRANSPORTATION;BR;9,4;Direto
CLI008113;MID MARKET;MANUFACTURING AND NATURAL RESOURCES;BR;48,2;Direto
CLI008114;MID MARKET;MANUFACTURING AND NATURAL RESOURCES;BR;51,0;Direto
CLI008115;LARGE ENTERPRISE;COMMUNICATIONS, MEDIA AND SERVICES;BR;9,7;Direto
CLI008118;LARGE ENTERPRISE;UNCLASSIFIED;MX;22,1;Direto
CLI008124;STRATEGIC ACCOUNT;BANKING AND INVESTMENT SERVICES;MX;64,6;Direto
CLI008136;LARGE ENTERPRISE;COMMUNICATIONS, MEDIA AND SERVICES;BR;58,9;Direto
CLI008138;PUBLIC SECTOR;EDUCATION;BR;48,4;Direto
CLI008140;LARGE ENTERPRISE;TRANSPORTATION;BR;9,3;Direto
CLI008143;MID MARKET;COMMUNICATIONS, MEDIA AND SERVICES;BR;9,3;Direto
CLI008144;PUBLIC SECTOR;EDUCATION;BR;9,3;Direto
CLI008146;MID MARKET;INSURANCE;BR;49,8;Direto
CLI008147;GLOBAL ACCOUNT;WHOLESALE TRADE;BR;9,3;Direto
CLI008148;MID MARKET;COMMUNICATIONS, MEDIA AND SERVICES;BR;9,3;Direto
CLI008149;MID MARKET;INSURANCE;BR;9,3;Direto
CLI008150;MID MARKET;COMMUNICATIONS, MEDIA AND SERVICES;BR;9,3;Direto
CLI008162;GLOBAL ACCOUNT;MANUFACTURING AND NATURAL RESOURCES;BR;64,8;Direto
CLI008163;LARGE ENTERPRISE;COMMUNICATIONS, MEDIA AND SERVICES;BR;55,4;Direto
CLI008165;LARGE ENTERPRISE;INSURANCE;BR;9,3;Direto
CLI008167;MID MARKET;RETAIL;BR;9,3;Direto
CLI008177;GLOBAL ACCOUNT;COMMUNICATIONS, MEDIA AND SERVICES;CO;61,1;Direto
CLI008181;MID MARKET;HEALTHCARE AND LIFE SCIENCES;BR;9,2;Direto
CLI008182;LARGE ENTERPRISE;MANUFACTURING AND NATURAL RESOURCES;BR;9,2;Direto
CLI008191;LARGE ENTERPRISE;MANUFACTURING AND NATURAL RESOURCES;BR;9,2;Direto
CLI008193;LARGE ENTERPRISE;INSURANCE;BR;9,2;Direto
CLI008194;MID MARKET;MANUFACTURING AND NATURAL RESOURCES;BR;15,3;Direto
CLI008195;MID MARKET;TRANSPORTATION;BR;9,2;Direto
CLI008204;MID MARKET;COMMUNICATIONS, MEDIA AND SERVICES;BR;35,3;Direto
CLI008205;MID MARKET;COMMUNICATIONS, MEDIA AND SERVICES;BR;64,6;Direto
CLI008206;MID MARKET;MANUFACTURING AND NATURAL RESOURCES;BR;9,1;Direto
CLI008207;MID MARKET;MANUFACTURING AND NATURAL RESOURCES;BR;9,1;Direto
CLI008218;PUBLIC SECTOR;EDUCATION;BR;9,1;Direto
CLI008219;MID MARKET;WHOLESALE TRADE;BR;30,6;Direto
CLI008221;MID MARKET;COMMUNICATIONS, MEDIA AND SERVICES;BR;64,3;Direto
CLI008222;GLOBAL ACCOUNT;MANUFACTURING AND NATURAL RESOURCES;BR;23,7;Direto
CLI008223;MID MARKET;INSURANCE;BR;9,1;Direto
CLI008224;MID MARKET;WHOLESALE TRADE;BR;10,7;Direto
CLI008225;SMALL MARKET;RETAIL;BR;9,1;Direto
CLI008226;MID MARKET;COMMUNICATIONS, MEDIA AND SERVICES;BR;9,1;Direto
CLI008234;MID MARKET;MANUFACTURING AND NATURAL RESOURCES;BR;9,0;Direto
CLI008235;MID MARKET;TRANSPORTATION;BR;9,0;Direto
CLI008251;GLOBAL ACCOUNT;COMMUNICATIONS, MEDIA AND SERVICES;PE;8,0;Direto
CLI008253;LARGE ENTERPRISE;COMMUNICATIONS, MEDIA AND SERVICES;CO;26,4;Direto
CLI008257;MID MARKET;COMMUNICATIONS, MEDIA AND SERVICES;BR;65,3;Direto
CLI008258;MID MARKET;WHOLESALE TRADE;BR;9,0;Direto
CLI008259;MID MARKET;MANUFACTURING AND NATURAL RESOURCES;BR;9,0;Direto
CLI008260;MID MARKET;COMMUNICATIONS, MEDIA AND SERVICES;BR;9,0;Direto
CLI008270;LARGE ENTERPRISE;WHOLESALE TRADE;BR;8,9;Direto
CLI008271;MID MARKET;COMMUNICATIONS, MEDIA AND SERVICES;BR;63,5;Direto
CLI008272;MID MARKET;COMMUNICATIONS, MEDIA AND SERVICES;BR;8,9;Direto
CLI008273;MID MARKET;RETAIL;BR;8,9;Direto
CLI008277;PUBLIC SECTOR;COMMUNICATIONS, MEDIA AND SERVICES;CO;8,3;Direto
CLI008279;MID MARKET;RETAIL;BR;59,4;Direto
CLI008280;MID MARKET;TRANSPORTATION;BR;8,9;Direto
CLI008285;LARGE ENTERPRISE;INSURANCE;MX;57,8;Direto
CLI008293;LARGE ENTERPRISE;HEALTHCARE AND LIFE SCIENCES;CO;7,2;Direto
CLI008299;MID MARKET;COMMUNICATIONS, MEDIA AND SERVICES;BR;8,8;Direto
CLI008300;MID MARKET;COMMUNICATIONS, MEDIA AND SERVICES;BR;8,8;Direto
CLI008306;LARGE ENTERPRISE;MANUFACTURING AND NATURAL RESOURCES;AR;65,3;Direto
CLI008307;MID MARKET;MANUFACTURING AND NATURAL RESOURCES;BR;8,8;Direto
CLI008308;LARGE ENTERPRISE;MANUFACTURING AND NATURAL RESOURCES;BR;8,8;Direto
CLI008315;MID MARKET;MANUFACTURING AND NATURAL RESOURCES;BR;8,7;Direto
CLI008318;MID MARKET;COMMUNICATIONS, MEDIA AND SERVICES;BR;8,7;Direto
CLI008320;PUBLIC SECTOR;HEALTHCARE AND LIFE SCIENCES;BR;27,6;Direto
CLI008321;MID MARKET;WHOLESALE TRADE;BR;8,7;Direto
CLI008323;LARGE ENTERPRISE;WHOLESALE TRADE;BR;8,6;Direto
CLI008324;MID MARKET;COMMUNICATIONS, MEDIA AND SERVICES;BR;36,6;Direto
CLI008326;LARGE ENTERPRISE;MANUFACTURING AND NATURAL RESOURCES;MX;63,9;Direto
CLI008329;STRATEGIC ACCOUNT;BANKING AND INVESTMENT SERVICES;BR;51,5;Direto
CLI008330;MID MARKET;COMMUNICATIONS, MEDIA AND SERVICES;BR;42,2;Direto
CLI008331;MID MARKET;COMMUNICATIONS, MEDIA AND SERVICES;BR;8,6;Direto
CLI008333;MID MARKET;COMMUNICATIONS, MEDIA AND SERVICES;BR;8,6;Direto
CLI008335;MID MARKET;COMMUNICATIONS, MEDIA AND SERVICES;BR;43,3;Direto
CLI008342;LARGE ENTERPRISE;COMMUNICATIONS, MEDIA AND SERVICES;BR;55,4;Direto
CLI008343;GLOBAL ACCOUNT;COMMUNICATIONS, MEDIA AND SERVICES;CL;43,3;Direto
CLI008348;GLOBAL ACCOUNT;RETAIL;CO;44,5;Direto
CLI008351;MID MARKET;BANKING AND INVESTMENT SERVICES;BR;8,5;Direto
CLI008352;MID MARKET;TRANSPORTATION;BR;8,5;Direto
CLI008354;MID MARKET;COMMUNICATIONS, MEDIA AND SERVICES;BR;8,5;Direto
CLI008357;MID MARKET;WHOLESALE TRADE;BR;8,5;Direto
CLI008358;MID MARKET;COMMUNICATIONS, MEDIA AND SERVICES;BR;8,5;Direto
CLI008359;MID MARKET;COMMUNICATIONS, MEDIA AND SERVICES;BR;8,5;Direto
CLI008360;MID MARKET;COMMUNICATIONS, MEDIA AND SERVICES;BR;8,5;Direto
CLI008367;LARGE ENTERPRISE;WHOLESALE TRADE;BR;8,4;Direto
CLI008368;MID MARKET;COMMUNICATIONS, MEDIA AND SERVICES;BR;34,0;Direto
CLI008369;MID MARKET;WHOLESALE TRADE;BR;8,4;Direto
CLI008375;MID MARKET;MANUFACTURING AND NATURAL RESOURCES;BR;8,3;Direto
CLI008376;MID MARKET;MANUFACTURING AND NATURAL RESOURCES;BR;52,1;Direto
CLI008377;MID MARKET;HEALTHCARE AND LIFE SCIENCES;BR;40,3;Direto
CLI008378;MID MARKET;MANUFACTURING AND NATURAL RESOURCES;BR;8,3;Direto
CLI008379;MID MARKET;MANUFACTURING AND NATURAL RESOURCES;BR;8,3;Direto
CLI008384;MID MARKET;COMMUNICATIONS, MEDIA AND SERVICES;BR;64,6;Direto
CLI008385;LARGE ENTERPRISE;INSURANCE;BR;47,7;Direto
CLI008386;MID MARKET;HEALTHCARE AND LIFE SCIENCES;BR;8,3;Direto
CLI008387;MID MARKET;RETAIL;BR;37,5;Direto
CLI008388;MID MARKET;MANUFACTURING AND NATURAL RESOURCES;BR;8,3;Direto
CLI008389;MID MARKET;RETAIL;BR;8,3;Direto
CLI008390;GLOBAL ACCOUNT;BANKING AND INVESTMENT SERVICES;AR;25,3;Direto
CLI008396;SMALL MARKET;RETAIL;BR;53,7;Direto
CLI008397;MID MARKET;HEALTHCARE AND LIFE SCIENCES;BR;7,4;Direto
CLI008398;SMALL MARKET;COMMUNICATIONS, MEDIA AND SERVICES;BR;8,3;Direto
CLI008402;LARGE ENTERPRISE;RETAIL;BR;8,3;Direto
CLI008403;MID MARKET;COMMUNICATIONS, MEDIA AND SERVICES;BR;8,3;Direto
CLI008407;PUBLIC SECTOR;GOVERNMENT;BR;0,6;Direto
CLI008408;PUBLIC SECTOR;HEALTHCARE AND LIFE SCIENCES;BR;58,9;Direto
CLI008411;LARGE ENTERPRISE;BANKING AND INVESTMENT SERVICES;PE;59,0;Direto
CLI008412;PUBLIC SECTOR;EDUCATION;BR;65,2;Direto
CLI008413;LARGE ENTERPRISE;HEALTHCARE AND LIFE SCIENCES;BR;64,9;Direto
CLI008414;MID MARKET;BANKING AND INVESTMENT SERVICES;BR;8,1;Direto
CLI008416;LARGE ENTERPRISE;COMMUNICATIONS, MEDIA AND SERVICES;BR;15,8;Direto
CLI008417;LARGE ENTERPRISE;COMMUNICATIONS, MEDIA AND SERVICES;BR;58,3;Direto
CLI008418;MID MARKET;COMMUNICATIONS, MEDIA AND SERVICES;BR;8,1;Direto
CLI008419;MID MARKET;INSURANCE;BR;8,1;Direto
CLI008425;LARGE ENTERPRISE;UNCLASSIFIED;CO;20,3;Direto
CLI008426;MID MARKET;WHOLESALE TRADE;BR;8,1;Direto
CLI008427;MID MARKET;RETAIL;BR;8,1;Direto
CLI008429;LARGE ENTERPRISE;MANUFACTURING AND NATURAL RESOURCES;BR;8,0;Direto
CLI008430;MID MARKET;COMMUNICATIONS, MEDIA AND SERVICES;BR;8,0;Direto
CLI008431;LARGE ENTERPRISE;MANUFACTURING AND NATURAL RESOURCES;PE;55,3;Direto
CLI008433;GLOBAL ACCOUNT;COMMUNICATIONS, MEDIA AND SERVICES;BR;53,8;Direto
CLI008434;GLOBAL ACCOUNT;COMMUNICATIONS, MEDIA AND SERVICES;BR;8,0;Direto
CLI008437;MID MARKET;MANUFACTURING AND NATURAL RESOURCES;BR;64,3;Direto
CLI008439;MID MARKET;INSURANCE;BR;35,5;Direto
CLI008440;MID MARKET;MANUFACTURING AND NATURAL RESOURCES;BR;7,9;Direto
CLI008441;MID MARKET;COMMUNICATIONS, MEDIA AND SERVICES;BR;7,9;Direto
CLI008445;SMALL MARKET;MANUFACTURING AND NATURAL RESOURCES;PE;7,9;Direto
CLI008446;MID MARKET;HEALTHCARE AND LIFE SCIENCES;PE;7,3;Direto
CLI008449;MID MARKET;BANKING AND INVESTMENT SERVICES;BR;7,9;Direto
CLI008450;MID MARKET;RETAIL;BR;7,9;Direto
CLI008451;LARGE ENTERPRISE;EDUCATION;CL;65,1;Direto
CLI008452;GLOBAL ACCOUNT;WHOLESALE TRADE;CL;7,2;Direto
CLI008453;MID MARKET;HEALTHCARE AND LIFE SCIENCES;BR;62,5;Direto
CLI008454;MID MARKET;MANUFACTURING AND NATURAL RESOURCES;BR;7,9;Direto
CLI008455;MID MARKET;MANUFACTURING AND NATURAL RESOURCES;BR;37,7;Direto
CLI008456;LARGE ENTERPRISE;MANUFACTURING AND NATURAL RESOURCES;BR;7,9;Direto
CLI008457;MID MARKET;MANUFACTURING AND NATURAL RESOURCES;BR;7,9;Direto
CLI008458;MID MARKET;COMMUNICATIONS, MEDIA AND SERVICES;BR;7,9;Direto
CLI008459;MID MARKET;COMMUNICATIONS, MEDIA AND SERVICES;BR;7,9;Direto
CLI008460;MID MARKET;TRANSPORTATION;BR;7,9;Direto
CLI008461;MID MARKET;COMMUNICATIONS, MEDIA AND SERVICES;BR;7,9;Direto
CLI008462;MID MARKET;EDUCATION;BR;7,7;Direto
CLI008463;GLOBAL ACCOUNT;COMMUNICATIONS, MEDIA AND SERVICES;BR;8,8;Direto
CLI008464;MID MARKET;MANUFACTURING AND NATURAL RESOURCES;BR;7,6;Direto
CLI008465;MID MARKET;HEALTHCARE AND LIFE SCIENCES;BR;7,6;Direto
CLI008466;MID MARKET;RETAIL;BR;7,6;Direto
CLI008467;MID MARKET;MANUFACTURING AND NATURAL RESOURCES;BR;7,5;Direto
CLI008468;PUBLIC SECTOR;COMMUNICATIONS, MEDIA AND SERVICES;BR;7,5;Direto
CLI008469;MID MARKET;COMMUNICATIONS, MEDIA AND SERVICES;BR;7,5;Direto
CLI008470;LARGE ENTERPRISE;TRANSPORTATION;BR;7,4;Direto
CLI008472;PUBLIC SECTOR;EDUCATION;BR;7,4;Direto
CLI008473;GLOBAL ACCOUNT;WHOLESALE TRADE;BR;2,5;Direto
CLI008475;MID MARKET;TRANSPORTATION;BR;7,3;Direto
CLI008476;GLOBAL ACCOUNT;OIL AND GAS;BR;7,3;Direto
CLI008478;MID MARKET;OIL AND GAS;BR;7,2;Direto
CLI008479;SMALL MARKET;WHOLESALE TRADE;BR;7,2;Direto
CLI008481;MID MARKET;WHOLESALE TRADE;BR;7,1;Direto
CLI008482;MID MARKET;WHOLESALE TRADE;BR;7,1;Direto
CLI008483;MID MARKET;MANUFACTURING AND NATURAL RESOURCES;BR;35,5;Direto
CLI008484;STRATEGIC ACCOUNT;COMMUNICATIONS, MEDIA AND SERVICES;BR;49,1;Direto
CLI008485;MID MARKET;MANUFACTURING AND NATURAL RESOURCES;BR;7,0;Direto
CLI008486;LARGE ENTERPRISE;MANUFACTURING AND NATURAL RESOURCES;BR;7,0;Direto
CLI008488;LARGE ENTERPRISE;MANUFACTURING AND NATURAL RESOURCES;BR;7,0;Direto
CLI008489;LARGE ENTERPRISE;RETAIL;BR;7,0;Direto
CLI008490;MID MARKET;RETAIL;BR;7,0;Direto
CLI008491;MID MARKET;RETAIL;BR;7,0;Direto
CLI008493;MID MARKET;RETAIL;BR;6,9;Direto
CLI008494;LARGE ENTERPRISE;COMMUNICATIONS, MEDIA AND SERVICES;BR;6,9;Direto
CLI008495;PUBLIC SECTOR;BANKING AND INVESTMENT SERVICES;BR;6,9;Direto
CLI008498;STRATEGIC ACCOUNT;COMMUNICATIONS, MEDIA AND SERVICES;BR;6,9;Direto
CLI008499;STRATEGIC ACCOUNT;HEALTHCARE AND LIFE SCIENCES;BR;6,9;Direto
CLI008500;MID MARKET;COMMUNICATIONS, MEDIA AND SERVICES;BR;6,9;Direto
CLI008501;MID MARKET;BANKING AND INVESTMENT SERVICES;BR;48,0;Direto
CLI008502;MID MARKET;COMMUNICATIONS, MEDIA AND SERVICES;BR;6,9;Direto
CLI008503;MID MARKET;TRANSPORTATION;BR;6,8;Direto
CLI008504;MID MARKET;WHOLESALE TRADE;BR;62,5;Direto
CLI008505;PUBLIC SECTOR;HEALTHCARE AND LIFE SCIENCES;BR;6,7;Direto
CLI008506;MID MARKET;BANKING AND INVESTMENT SERVICES;BR;6,7;Direto
CLI008507;MID MARKET;RETAIL;BR;6,7;Direto
CLI008511;MID MARKET;COMMUNICATIONS, MEDIA AND SERVICES;BR;6,7;Direto
CLI008512;MID MARKET;COMMUNICATIONS, MEDIA AND SERVICES;BR;46,6;Direto
CLI008513;MID MARKET;MANUFACTURING AND NATURAL RESOURCES;BR;6,7;Direto
CLI008514;PUBLIC SECTOR;GOVERNMENT;BR;30,7;Direto
CLI008515;MID MARKET;COMMUNICATIONS, MEDIA AND SERVICES;BR;6,7;Direto
CLI008518;MID MARKET;WHOLESALE TRADE;BR;59,9;Direto
CLI008519;MID MARKET;POWER AND UTILITIES;BR;6,6;Direto
CLI008520;MID MARKET;MANUFACTURING AND NATURAL RESOURCES;BR;6,6;Direto
CLI008521;MID MARKET;MANUFACTURING AND NATURAL RESOURCES;BR;6,6;Direto
CLI008522;PUBLIC SECTOR;COMMUNICATIONS, MEDIA AND SERVICES;BR;6,6;Direto
CLI008523;PUBLIC SECTOR;EDUCATION;BR;6,6;Direto
CLI008524;MID MARKET;COMMUNICATIONS, MEDIA AND SERVICES;BR;45,2;Direto
CLI008525;MID MARKET;BANKING AND INVESTMENT SERVICES;BR;6,5;Direto
CLI008527;MID MARKET;WHOLESALE TRADE;BR;53,3;Direto
CLI008528;MID MARKET;COMMUNICATIONS, MEDIA AND SERVICES;BR;6,5;Direto
CLI008529;MID MARKET;RETAIL;BR;6,5;Direto
CLI008534;MID MARKET;COMMUNICATIONS, MEDIA AND SERVICES;BR;6,5;Direto
CLI008538;MID MARKET;MANUFACTURING AND NATURAL RESOURCES;BR;6,4;Direto
CLI008539;MID MARKET;MANUFACTURING AND NATURAL RESOURCES;BR;6,4;Direto
CLI008540;PUBLIC SECTOR;RETAIL;BR;64,3;Direto
CLI008541;MID MARKET;RETAIL;BR;6,4;Direto
CLI008542;MID MARKET;OIL AND GAS;BR;6,3;Direto
CLI008543;STRATEGIC ACCOUNT;WHOLESALE TRADE;BR;65,6;Direto
CLI008544;LARGE ENTERPRISE;MANUFACTURING AND NATURAL RESOURCES;BR;6,4;Direto
CLI008545;MID MARKET;POWER AND UTILITIES;BR;6,4;Direto
CLI008546;LARGE ENTERPRISE;WHOLESALE TRADE;BR;6,2;Direto
CLI008547;LARGE ENTERPRISE;COMMUNICATIONS, MEDIA AND SERVICES;BR;65,5;Direto
CLI008549;PUBLIC SECTOR;GOVERNMENT;BR;6,2;Direto
CLI008550;PUBLIC SECTOR;GOVERNMENT;BR;32,8;Direto
CLI008551;MID MARKET;COMMUNICATIONS, MEDIA AND SERVICES;BR;6,2;Direto
CLI008552;LARGE ENTERPRISE;COMMUNICATIONS, MEDIA AND SERVICES;BR;6,2;Direto
CLI008553;STRATEGIC ACCOUNT;MANUFACTURING AND NATURAL RESOURCES;BR;6,2;Direto
CLI008554;GLOBAL ACCOUNT;COMMUNICATIONS, MEDIA AND SERVICES;BR;65,2;Direto
CLI008556;MID MARKET;MANUFACTURING AND NATURAL RESOURCES;BR;6,1;Direto
CLI008557;MID MARKET;MANUFACTURING AND NATURAL RESOURCES;BR;6,1;Direto
CLI008558;PUBLIC SECTOR;GOVERNMENT;BR;63,6;Direto
CLI008559;MID MARKET;RETAIL;BR;6,0;Direto
CLI008561;MID MARKET;POWER AND UTILITIES;BR;6,0;Direto
CLI008562;MID MARKET;COMMUNICATIONS, MEDIA AND SERVICES;BR;63,8;Direto
CLI008563;MID MARKET;COMMUNICATIONS, MEDIA AND SERVICES;BR;6,0;Direto
CLI008564;MID MARKET;COMMUNICATIONS, MEDIA AND SERVICES;BR;6,0;Direto
CLI008566;MID MARKET;MANUFACTURING AND NATURAL RESOURCES;BR;6,0;Direto
CLI008567;PUBLIC SECTOR;COMMUNICATIONS, MEDIA AND SERVICES;BR;5,4;Direto
CLI008569;LARGE ENTERPRISE;COMMUNICATIONS, MEDIA AND SERVICES;BR;6,0;Direto
CLI008570;PUBLIC SECTOR;TRANSPORTATION;BR;6,0;Direto
CLI008571;MID MARKET;COMMUNICATIONS, MEDIA AND SERVICES;BR;6,0;Direto
CLI008572;MID MARKET;BANKING AND INVESTMENT SERVICES;BR;6,0;Direto
CLI008573;MID MARKET;EDUCATION;BR;62,7;Direto
CLI008574;MID MARKET;WHOLESALE TRADE;BR;5,9;Direto
CLI008575;LARGE ENTERPRISE;MANUFACTURING AND NATURAL RESOURCES;BR;5,9;Direto
CLI008576;MID MARKET;INSURANCE;BR;5,9;Direto
CLI008577;LARGE ENTERPRISE;MANUFACTURING AND NATURAL RESOURCES;BR;5,9;Direto
CLI008578;MID MARKET;COMMUNICATIONS, MEDIA AND SERVICES;BR;5,9;Direto
CLI008580;MID MARKET;COMMUNICATIONS, MEDIA AND SERVICES;BR;37,5;Direto
CLI008582;LARGE ENTERPRISE;INSURANCE;BR;5,8;Direto
CLI008583;MID MARKET;WHOLESALE TRADE;BR;35,4;Direto
CLI008584;LARGE ENTERPRISE;COMMUNICATIONS, MEDIA AND SERVICES;BR;5,8;Direto
CLI008585;MID MARKET;COMMUNICATIONS, MEDIA AND SERVICES;BR;5,8;Direto
CLI008586;MID MARKET;RETAIL;BR;5,8;Direto
CLI008587;LARGE ENTERPRISE;HEALTHCARE AND LIFE SCIENCES;BR;5,7;Direto
CLI008588;MID MARKET;COMMUNICATIONS, MEDIA AND SERVICES;BR;5,7;Direto
CLI008590;MID MARKET;COMMUNICATIONS, MEDIA AND SERVICES;BR;5,7;Direto
CLI008591;MID MARKET;WHOLESALE TRADE;BR;5,7;Direto
CLI008592;MID MARKET;MANUFACTURING AND NATURAL RESOURCES;BR;5,7;Direto
CLI008593;MID MARKET;COMMUNICATIONS, MEDIA AND SERVICES;BR;5,7;Direto
CLI008594;MID MARKET;COMMUNICATIONS, MEDIA AND SERVICES;BR;5,7;Direto
CLI008595;MID MARKET;COMMUNICATIONS, MEDIA AND SERVICES;BR;5,7;Direto
CLI008596;MID MARKET;TRANSPORTATION;BR;5,7;Direto
CLI008597;MID MARKET;TRANSPORTATION;BR;5,7;Direto
CLI008598;MID MARKET;WHOLESALE TRADE;BR;5,7;Direto
CLI008599;MID MARKET;COMMUNICATIONS, MEDIA AND SERVICES;BR;5,6;Direto
CLI008600;MID MARKET;MANUFACTURING AND NATURAL RESOURCES;BR;31,2;Direto
CLI008601;MID MARKET;COMMUNICATIONS, MEDIA AND SERVICES;BR;5,6;Direto
CLI008602;MID MARKET;COMMUNICATIONS, MEDIA AND SERVICES;BR;5,6;Direto
CLI008603;GLOBAL ACCOUNT;COMMUNICATIONS, MEDIA AND SERVICES;BR;65,1;Direto
CLI008604;MID MARKET;COMMUNICATIONS, MEDIA AND SERVICES;BR;5,5;Direto
CLI008605;MID MARKET;TRANSPORTATION;BR;5,5;Direto
CLI008606;MID MARKET;WHOLESALE TRADE;BR;5,5;Direto
CLI008607;MID MARKET;INSURANCE;BR;5,5;Direto
CLI008608;LARGE ENTERPRISE;MANUFACTURING AND NATURAL RESOURCES;BR;5,5;Direto
CLI008609;MID MARKET;MANUFACTURING AND NATURAL RESOURCES;BR;49,4;Direto
CLI008610;MID MARKET;COMMUNICATIONS, MEDIA AND SERVICES;BR;5,5;Direto
CLI008611;MID MARKET;COMMUNICATIONS, MEDIA AND SERVICES;BR;5,5;Direto
CLI008612;MID MARKET;COMMUNICATIONS, MEDIA AND SERVICES;BR;5,4;Direto
CLI008613;MID MARKET;RETAIL;BR;5,4;Direto
CLI008614;MID MARKET;EDUCATION;BR;5,3;Direto
CLI008615;LARGE ENTERPRISE;COMMUNICATIONS, MEDIA AND SERVICES;BR;5,8;Direto
CLI008616;MID MARKET;WHOLESALE TRADE;BR;39,3;Direto
CLI008618;MID MARKET;BANKING AND INVESTMENT SERVICES;BR;5,3;Direto
CLI008619;MID MARKET;COMMUNICATIONS, MEDIA AND SERVICES;BR;5,3;Direto
CLI008620;MID MARKET;INSURANCE;BR;5,3;Direto
CLI008623;MID MARKET;HEALTHCARE AND LIFE SCIENCES;BR;5,3;Direto
CLI008624;LARGE ENTERPRISE;MANUFACTURING AND NATURAL RESOURCES;BR;9,0;Direto
CLI008625;MID MARKET;WHOLESALE TRADE;BR;5,3;Direto
CLI008626;MID MARKET;COMMUNICATIONS, MEDIA AND SERVICES;BR;5,2;Direto
CLI008627;LARGE ENTERPRISE;HEALTHCARE AND LIFE SCIENCES;BR;5,2;Direto
CLI008629;LARGE ENTERPRISE;POWER AND UTILITIES;BR;5,1;Direto
CLI008630;MID MARKET;INSURANCE;BR;5,1;Direto
CLI008631;MID MARKET;INSURANCE;BR;5,1;Direto
CLI008632;MID MARKET;RETAIL;BR;5,1;Direto
CLI008633;MID MARKET;COMMUNICATIONS, MEDIA AND SERVICES;BR;5,1;Direto
CLI008634;LARGE ENTERPRISE;MANUFACTURING AND NATURAL RESOURCES;BR;5,1;Direto
CLI008635;MID MARKET;COMMUNICATIONS, MEDIA AND SERVICES;BR;5,1;Direto
CLI008636;MID MARKET;COMMUNICATIONS, MEDIA AND SERVICES;BR;5,1;Direto
CLI008637;MID MARKET;COMMUNICATIONS, MEDIA AND SERVICES;BR;5,1;Direto
CLI008639;LARGE ENTERPRISE;TRANSPORTATION;BR;5,1;Direto
CLI008641;MID MARKET;INSURANCE;BR;5,1;Direto
CLI008647;MID MARKET;COMMUNICATIONS, MEDIA AND SERVICES;BR;5,0;Direto
CLI008648;MID MARKET;HEALTHCARE AND LIFE SCIENCES;BR;5,0;Direto
CLI008649;MID MARKET;COMMUNICATIONS, MEDIA AND SERVICES;BR;5,0;Direto
CLI008650;MID MARKET;RETAIL;BR;5,0;Direto
CLI008651;LARGE ENTERPRISE;RETAIL;BR;5,0;Direto
CLI008652;STRATEGIC ACCOUNT;BANKING AND INVESTMENT SERVICES;BR;63,1;Direto
CLI008653;MID MARKET;MANUFACTURING AND NATURAL RESOURCES;BR;5,0;Direto
CLI008654;MID MARKET;MANUFACTURING AND NATURAL RESOURCES;BR;5,0;Direto
CLI008656;PUBLIC SECTOR;GOVERNMENT;BR;21,6;Direto
CLI008659;LARGE ENTERPRISE;MANUFACTURING AND NATURAL RESOURCES;BR;38,4;Direto
CLI008660;LARGE ENTERPRISE;MANUFACTURING AND NATURAL RESOURCES;BR;42,3;Direto
CLI008661;MID MARKET;MANUFACTURING AND NATURAL RESOURCES;BR;4,9;Direto
CLI008662;MID MARKET;INSURANCE;BR;4,9;Direto
CLI008663;MID MARKET;MANUFACTURING AND NATURAL RESOURCES;BR;4,9;Direto
CLI008664;MID MARKET;COMMUNICATIONS, MEDIA AND SERVICES;BR;4,9;Direto
CLI008665;MID MARKET;MANUFACTURING AND NATURAL RESOURCES;BR;4,9;Direto
CLI008666;MID MARKET;TRANSPORTATION;BR;4,9;Direto
CLI008667;MID MARKET;BANKING AND INVESTMENT SERVICES;BR;4,9;Direto
CLI008668;MID MARKET;COMMUNICATIONS, MEDIA AND SERVICES;BR;4,9;Direto
CLI008669;MID MARKET;HEALTHCARE AND LIFE SCIENCES;BR;4,9;Direto
CLI008670;MID MARKET;TRANSPORTATION;BR;4,9;Direto
CLI008671;LARGE ENTERPRISE;MANUFACTURING AND NATURAL RESOURCES;BR;4,9;Direto
CLI008672;LARGE ENTERPRISE;MANUFACTURING AND NATURAL RESOURCES;BR;64,0;Direto
CLI008673;MID MARKET;COMMUNICATIONS, MEDIA AND SERVICES;BR;4,9;Direto
CLI008674;MID MARKET;COMMUNICATIONS, MEDIA AND SERVICES;BR;4,9;Direto
CLI008675;MID MARKET;COMMUNICATIONS, MEDIA AND SERVICES;BR;4,9;Direto
CLI008728;MID MARKET;COMMUNICATIONS, MEDIA AND SERVICES;BR;38,4;Direto
CLI008738;MID MARKET;INSURANCE;BR;65,5;Direto
CLI008755;MID MARKET;TRANSPORTATION;BR;38,9;Direto
CLI008758;GLOBAL ACCOUNT;COMMUNICATIONS, MEDIA AND SERVICES;BR;16,2;Direto
CLI008773;GLOBAL ACCOUNT;COMMUNICATIONS, MEDIA AND SERVICES;AR;64,1;Direto
CLI008774;STRATEGIC ACCOUNT;MANUFACTURING AND NATURAL RESOURCES;BR;65,5;Direto
CLI008787;LARGE ENTERPRISE;MANUFACTURING AND NATURAL RESOURCES;BR;58,3;Direto
CLI008791;MID MARKET;COMMUNICATIONS, MEDIA AND SERVICES;BR;38,0;Direto
CLI008805;MID MARKET;WHOLESALE TRADE;BR;48,0;Direto
CLI008806;MID MARKET;TRANSPORTATION;BR;57,8;Direto
CLI008808;PUBLIC SECTOR;COMMUNICATIONS, MEDIA AND SERVICES;BR;12,6;Direto
CLI008817;LARGE ENTERPRISE;MANUFACTURING AND NATURAL RESOURCES;BR;53,5;Direto
CLI008823;LARGE ENTERPRISE;WHOLESALE TRADE;BR;0,6;Direto
CLI008832;MID MARKET;COMMUNICATIONS, MEDIA AND SERVICES;BR;29,6;Direto
CLI008838;GLOBAL ACCOUNT;MANUFACTURING AND NATURAL RESOURCES;MX;65,0;Direto
CLI008846;MID MARKET;COMMUNICATIONS, MEDIA AND SERVICES;BR;48,9;Direto
CLI008851;MID MARKET;TRANSPORTATION;BR;33,5;Direto
CLI008872;MID MARKET;MANUFACTURING AND NATURAL RESOURCES;BR;2,5;Direto
CLI008873;MID MARKET;MANUFACTURING AND NATURAL RESOURCES;BR;57,3;Direto
CLI008877;MID MARKET;HEALTHCARE AND LIFE SCIENCES;BR;35,3;Direto
CLI008884;LARGE ENTERPRISE;COMMUNICATIONS, MEDIA AND SERVICES;BR;62,7;Direto
CLI008932;MID MARKET;MANUFACTURING AND NATURAL RESOURCES;BR;26,4;Direto
CLI008941;MID MARKET;MANUFACTURING AND NATURAL RESOURCES;BR;59,8;Direto
CLI008945;LARGE ENTERPRISE;COMMUNICATIONS, MEDIA AND SERVICES;BR;53,1;Direto
CLI008956;LARGE ENTERPRISE;EDUCATION;CO;21,6;Direto
CLI008957;LARGE ENTERPRISE;COMMUNICATIONS, MEDIA AND SERVICES;BR;55,9;Direto
CLI008966;MID MARKET;EDUCATION;BR;33,1;Direto
CLI008968;LARGE ENTERPRISE;MANUFACTURING AND NATURAL RESOURCES;BR;60,6;Direto
CLI008981;MID MARKET;COMMUNICATIONS, MEDIA AND SERVICES;BR;32,1;Direto
CLI008989;LARGE ENTERPRISE;COMMUNICATIONS, MEDIA AND SERVICES;PE;58,7;Direto
CLI009011;MID MARKET;COMMUNICATIONS, MEDIA AND SERVICES;BR;47,8;Direto
CLI009027;MID MARKET;RETAIL;BR;26,4;Direto
CLI009031;MID MARKET;COMMUNICATIONS, MEDIA AND SERVICES;BR;8,8;Direto
CLI009053;MID MARKET;MANUFACTURING AND NATURAL RESOURCES;BR;47,7;Direto
CLI009056;SMALL MARKET;WHOLESALE TRADE;BR;63,6;Direto
CLI009060;MID MARKET;COMMUNICATIONS, MEDIA AND SERVICES;BR;63,1;Direto
CLI009063;MID MARKET;COMMUNICATIONS, MEDIA AND SERVICES;BR;61,1;Direto
CLI009074;MID MARKET;COMMUNICATIONS, MEDIA AND SERVICES;BR;45,9;Direto
CLI009085;MID MARKET;COMMUNICATIONS, MEDIA AND SERVICES;BR;38,2;Direto
CLI009142;MID MARKET;WHOLESALE TRADE;BR;62,9;Direto
CLI009170;MID MARKET;WHOLESALE TRADE;BR;34,4;Direto
CLI009183;LARGE ENTERPRISE;MANUFACTURING AND NATURAL RESOURCES;BR;62,8;Direto
CLI009216;MID MARKET;COMMUNICATIONS, MEDIA AND SERVICES;BR;34,0;Direto
CLI009248;MID MARKET;BANKING AND INVESTMENT SERVICES;BR;53,2;Direto
CLI009277;LARGE ENTERPRISE;WHOLESALE TRADE;BR;42,9;Direto
CLI009287;MID MARKET;BANKING AND INVESTMENT SERVICES;BR;64,3;Direto
CLI009292;GLOBAL ACCOUNT;INSURANCE;BR;33,2;Direto
CLI009298;LARGE ENTERPRISE;MANUFACTURING AND NATURAL RESOURCES;BR;63,7;Direto
CLI009320;MID MARKET;WHOLESALE TRADE;BR;60,6;Direto
CLI009339;MID MARKET;COMMUNICATIONS, MEDIA AND SERVICES;BR;65,5;Direto
CLI009355;LARGE ENTERPRISE;COMMUNICATIONS, MEDIA AND SERVICES;BR;34,0;Direto
CLI009373;MID MARKET;RETAIL;BR;47,9;Direto
CLI009374;GLOBAL ACCOUNT;WHOLESALE TRADE;BR;64,6;Direto
CLI009381;LARGE ENTERPRISE;MANUFACTURING AND NATURAL RESOURCES;CL;48,5;Direto
CLI009386;LARGE ENTERPRISE;COMMUNICATIONS, MEDIA AND SERVICES;BR;62,7;Direto
CLI009401;LARGE ENTERPRISE;COMMUNICATIONS, MEDIA AND SERVICES;BR;21,4;Direto
CLI009418;MID MARKET;COMMUNICATIONS, MEDIA AND SERVICES;BR;62,7;Direto
CLI009437;MID MARKET;COMMUNICATIONS, MEDIA AND SERVICES;BR;56,0;Direto
CLI009452;MID MARKET;TRANSPORTATION;BR;42,4;Direto
CLI009470;MID MARKET;BANKING AND INVESTMENT SERVICES;BR;56,6;Direto
CLI009480;MID MARKET;COMMUNICATIONS, MEDIA AND SERVICES;BR;52,1;Direto
CLI009497;MID MARKET;HEALTHCARE AND LIFE SCIENCES;BR;53,6;Direto
CLI009519;MID MARKET;COMMUNICATIONS, MEDIA AND SERVICES;BR;1,1;Direto
CLI009522;MID MARKET;MANUFACTURING AND NATURAL RESOURCES;BR;47,8;Direto
CLI009533;MID MARKET;TRANSPORTATION;BR;46,8;Direto
CLI009549;LARGE ENTERPRISE;COMMUNICATIONS, MEDIA AND SERVICES;BR;52,0;Direto
CLI009573;MID MARKET;BANKING AND INVESTMENT SERVICES;BR;64,6;Direto
CLI009592;MID MARKET;COMMUNICATIONS, MEDIA AND SERVICES;BR;49,2;Direto
CLI009602;MID MARKET;INSURANCE;BR;54,2;Direto
CLI009627;LARGE ENTERPRISE;MANUFACTURING AND NATURAL RESOURCES;BR;65,5;Direto
CLI009667;MID MARKET;MANUFACTURING AND NATURAL RESOURCES;BR;37,7;Direto
CLI009672;MID MARKET;COMMUNICATIONS, MEDIA AND SERVICES;BR;50,4;Direto
CLI009675;SMALL MARKET;COMMUNICATIONS, MEDIA AND SERVICES;BR;52,7;Direto
CLI009694;MID MARKET;COMMUNICATIONS, MEDIA AND SERVICES;BR;65,7;Direto
CLI009732;MID MARKET;WHOLESALE TRADE;BR;59,7;Direto
CLI009748;MID MARKET;COMMUNICATIONS, MEDIA AND SERVICES;BR;47,9;Direto
CLI009789;MID MARKET;MANUFACTURING AND NATURAL RESOURCES;BR;44,9;Direto
CLI009801;LARGE ENTERPRISE;INSURANCE;BR;54,5;Direto
CLI009805;MID MARKET;COMMUNICATIONS, MEDIA AND SERVICES;BR;38,4;Direto
CLI009814;MID MARKET;WHOLESALE TRADE;BR;48,1;Direto
CLI009815;MID MARKET;COMMUNICATIONS, MEDIA AND SERVICES;BR;23,9;Direto
CLI009817;LARGE ENTERPRISE;MANUFACTURING AND NATURAL RESOURCES;BR;40,7;Direto
CLI009824;LARGE ENTERPRISE;MANUFACTURING AND NATURAL RESOURCES;BR;64,2;Direto
CLI009828;GLOBAL ACCOUNT;TRANSPORTATION;CO;62,5;Direto
CLI009832;MID MARKET;WHOLESALE TRADE;BR;55,2;Direto
CLI009837;MID MARKET;COMMUNICATIONS, MEDIA AND SERVICES;BR;4,8;Direto
CLI009843;MID MARKET;INSURANCE;BR;55,1;Direto
CLI009863;MID MARKET;COMMUNICATIONS, MEDIA AND SERVICES;BR;60,8;Direto
CLI009865;MID MARKET;COMMUNICATIONS, MEDIA AND SERVICES;BR;46,4;Direto
CLI009879;MID MARKET;WHOLESALE TRADE;PE;63,0;Direto
CLI009897;MID MARKET;COMMUNICATIONS, MEDIA AND SERVICES;BR;36,3;Direto
CLI009905;LARGE ENTERPRISE;RETAIL;BR;46,9;Direto
CLI009911;MID MARKET;COMMUNICATIONS, MEDIA AND SERVICES;BR;49,6;Direto
CLI009916;MID MARKET;COMMUNICATIONS, MEDIA AND SERVICES;BR;26,6;Direto
CLI009919;MID MARKET;WHOLESALE TRADE;BR;59,5;Direto
CLI009926;LARGE ENTERPRISE;MANUFACTURING AND NATURAL RESOURCES;BR;59,9;Direto
CLI009930;MID MARKET;COMMUNICATIONS, MEDIA AND SERVICES;BR;30,9;Direto
CLI009967;MID MARKET;COMMUNICATIONS, MEDIA AND SERVICES;BR;54,0;Direto
CLI009969;SMALL MARKET;WHOLESALE TRADE;AR;29,5;Direto
CLI009979;LARGE ENTERPRISE;HEALTHCARE AND LIFE SCIENCES;BR;53,2;Direto
CLI009985;MID MARKET;WHOLESALE TRADE;BR;48,1;Direto
CLI009998;MID MARKET;BANKING AND INVESTMENT SERVICES;BR;26,3;Direto
CLI010001;MID MARKET;WHOLESALE TRADE;BR;53,2;Direto
CLI010060;GLOBAL ACCOUNT;BANKING AND INVESTMENT SERVICES;BR;39,6;Direto
CLI010068;MID MARKET;TRANSPORTATION;BR;34,9;Direto
CLI010075;LARGE ENTERPRISE;MANUFACTURING AND NATURAL RESOURCES;BR;13,7;Direto
CLI010092;GLOBAL ACCOUNT;WHOLESALE TRADE;BR;38,5;Direto
CLI010103;MID MARKET;MANUFACTURING AND NATURAL RESOURCES;BR;46,2;Direto
CLI010112;MID MARKET;TRANSPORTATION;BR;60,1;Direto
CLI010118;LARGE ENTERPRISE;COMMUNICATIONS, MEDIA AND SERVICES;BR;65,6;Direto
CLI010125;MID MARKET;COMMUNICATIONS, MEDIA AND SERVICES;BR;49,6;Direto
CLI010137;MID MARKET;WHOLESALE TRADE;BR;42,6;Direto
CLI010176;MID MARKET;COMMUNICATIONS, MEDIA AND SERVICES;BR;34,5;Direto
CLI010178;MID MARKET;WHOLESALE TRADE;BR;63,8;Direto
CLI010200;MID MARKET;COMMUNICATIONS, MEDIA AND SERVICES;BR;47,6;Direto
CLI010230;MID MARKET;COMMUNICATIONS, MEDIA AND SERVICES;BR;52,5;Direto
CLI010255;MID MARKET;MANUFACTURING AND NATURAL RESOURCES;BR;45,6;Direto
CLI010270;MID MARKET;COMMUNICATIONS, MEDIA AND SERVICES;BR;63,4;Direto
CLI010273;STRATEGIC ACCOUNT;COMMUNICATIONS, MEDIA AND SERVICES;BR;61,3;Direto
CLI010322;MID MARKET;EDUCATION;BR;50,4;Direto
CLI010332;LARGE ENTERPRISE;COMMUNICATIONS, MEDIA AND SERVICES;BR;37,9;Direto
CLI010333;MID MARKET;HEALTHCARE AND LIFE SCIENCES;BR;49,1;Direto
CLI010335;MID MARKET;MANUFACTURING AND NATURAL RESOURCES;BR;51,2;Direto
CLI010345;MID MARKET;COMMUNICATIONS, MEDIA AND SERVICES;BR;31,4;Direto
CLI010346;MID MARKET;INSURANCE;BR;45,9;Direto
CLI010372;MID MARKET;MANUFACTURING AND NATURAL RESOURCES;BR;37,7;Direto
CLI010374;PUBLIC SECTOR;BANKING AND INVESTMENT SERVICES;AR;39,3;Direto
CLI010407;MID MARKET;MANUFACTURING AND NATURAL RESOURCES;BR;57,5;Direto
CLI010452;SMALL MARKET;RETAIL;BR;29,9;Direto
CLI010472;MID MARKET;COMMUNICATIONS, MEDIA AND SERVICES;BR;65,1;Direto
CLI010475;MID MARKET;TRANSPORTATION;BR;31,5;Direto
CLI010499;MID MARKET;MANUFACTURING AND NATURAL RESOURCES;BR;56,9;Direto
CLI010502;GLOBAL ACCOUNT;COMMUNICATIONS, MEDIA AND SERVICES;BR;53,5;Direto
CLI010506;MID MARKET;COMMUNICATIONS, MEDIA AND SERVICES;BR;59,4;Direto
CLI010533;MID MARKET;COMMUNICATIONS, MEDIA AND SERVICES;BR;32,4;Direto
CLI010541;LARGE ENTERPRISE;MANUFACTURING AND NATURAL RESOURCES;BR;28,9;Direto
CLI010554;LARGE ENTERPRISE;HEALTHCARE AND LIFE SCIENCES;BR;50,8;Direto
CLI010565;MID MARKET;COMMUNICATIONS, MEDIA AND SERVICES;BR;30,7;Direto
CLI010640;MID MARKET;TRANSPORTATION;BR;50,4;Direto
CLI010641;MID MARKET;COMMUNICATIONS, MEDIA AND SERVICES;BR;45,2;Direto
CLI010642;MID MARKET;COMMUNICATIONS, MEDIA AND SERVICES;BR;61,1;Direto
CLI010674;LARGE ENTERPRISE;RETAIL;BR;51,9;Direto
CLI010675;MID MARKET;MANUFACTURING AND NATURAL RESOURCES;BR;39,6;Direto
CLI010676;MID MARKET;TRANSPORTATION;BR;50,5;Direto
CLI010713;MID MARKET;COMMUNICATIONS, MEDIA AND SERVICES;BR;19,1;Direto
CLI010723;MID MARKET;COMMUNICATIONS, MEDIA AND SERVICES;BR;51,5;Direto
CLI010732;LARGE ENTERPRISE;COMMUNICATIONS, MEDIA AND SERVICES;CL;64,1;Direto
CLI010752;MID MARKET;COMMUNICATIONS, MEDIA AND SERVICES;BR;62,3;Direto
CLI010756;MID MARKET;COMMUNICATIONS, MEDIA AND SERVICES;BR;62,5;Direto
CLI010775;MID MARKET;COMMUNICATIONS, MEDIA AND SERVICES;BR;28,9;Direto
CLI010795;MID MARKET;RETAIL;PE;61,6;Direto
CLI010799;MID MARKET;COMMUNICATIONS, MEDIA AND SERVICES;BR;65,6;Direto
CLI010823;LARGE ENTERPRISE;MANUFACTURING AND NATURAL RESOURCES;BR;65,0;Direto
CLI010834;MID MARKET;COMMUNICATIONS, MEDIA AND SERVICES;BR;42,9;Direto
CLI010878;MID MARKET;MANUFACTURING AND NATURAL RESOURCES;BR;8,7;Direto
CLI010896;MID MARKET;TRANSPORTATION;BR;53,1;Direto
CLI010898;MID MARKET;COMMUNICATIONS, MEDIA AND SERVICES;BR;1,9;Direto
CLI010905;MID MARKET;COMMUNICATIONS, MEDIA AND SERVICES;BR;36,5;Direto
CLI010913;MID MARKET;RETAIL;BR;30,0;Direto
CLI010937;MID MARKET;COMMUNICATIONS, MEDIA AND SERVICES;BR;47,5;Direto
CLI010941;LARGE ENTERPRISE;COMMUNICATIONS, MEDIA AND SERVICES;AR;24,8;Direto
CLI010957;PUBLIC SECTOR;EDUCATION;BR;50,3;Direto
CLI010962;LARGE ENTERPRISE;MANUFACTURING AND NATURAL RESOURCES;BR;38,7;Direto
CLI011024;SMALL MARKET;COMMUNICATIONS, MEDIA AND SERVICES;BR;65,6;Direto
CLI011030;LARGE ENTERPRISE;COMMUNICATIONS, MEDIA AND SERVICES;BR;51,5;Direto
CLI011048;MID MARKET;MANUFACTURING AND NATURAL RESOURCES;BR;38,5;Direto
CLI011056;LARGE ENTERPRISE;WHOLESALE TRADE;BR;50,8;Direto
CLI011070;MID MARKET;BANKING AND INVESTMENT SERVICES;BR;35,4;Direto
CLI011102;LARGE ENTERPRISE;WHOLESALE TRADE;BR;36,8;Direto
CLI011132;MID MARKET;MANUFACTURING AND NATURAL RESOURCES;BR;47,9;Direto
CLI011152;MID MARKET;RETAIL;BR;3,5;Direto
CLI011198;LARGE ENTERPRISE;TRANSPORTATION;BR;31,0;Direto
CLI011202;MID MARKET;RETAIL;BR;41,0;Direto
CLI011260;MID MARKET;WHOLESALE TRADE;BR;46,4;Direto
CLI011278;LARGE ENTERPRISE;INSURANCE;BR;49,7;Direto
CLI011280;MID MARKET;COMMUNICATIONS, MEDIA AND SERVICES;BR;60,2;Direto
CLI011291;PUBLIC SECTOR;COMMUNICATIONS, MEDIA AND SERVICES;BR;35,5;Direto
CLI011323;MID MARKET;RETAIL;BR;33,3;Direto
CLI011327;MID MARKET;TRANSPORTATION;BR;48,7;Direto
CLI011346;MID MARKET;RETAIL;BR;61,6;Direto
CLI011361;MID MARKET;WHOLESALE TRADE;BR;58,0;Direto
CLI011364;MID MARKET;COMMUNICATIONS, MEDIA AND SERVICES;BR;61,1;Direto
CLI011385;MID MARKET;COMMUNICATIONS, MEDIA AND SERVICES;BR;53,3;Direto
CLI011398;MID MARKET;WHOLESALE TRADE;BR;33,9;Direto
CLI011434;MID MARKET;COMMUNICATIONS, MEDIA AND SERVICES;BR;38,0;Direto
CLI011441;MID MARKET;COMMUNICATIONS, MEDIA AND SERVICES;BR;26,9;Direto
CLI011462;MID MARKET;MANUFACTURING AND NATURAL RESOURCES;BR;47,3;Direto
CLI011464;MID MARKET;COMMUNICATIONS, MEDIA AND SERVICES;BR;65,1;Direto
CLI011468;LARGE ENTERPRISE;MANUFACTURING AND NATURAL RESOURCES;BR;38,0;Direto
CLI011478;MID MARKET;WHOLESALE TRADE;BR;45,5;Direto
CLI011480;MID MARKET;HEALTHCARE AND LIFE SCIENCES;BR;49,1;Direto
CLI011481;MID MARKET;HEALTHCARE AND LIFE SCIENCES;BR;49,1;Direto
CLI011501;MID MARKET;MANUFACTURING AND NATURAL RESOURCES;BR;1,3;Direto
CLI011508;MID MARKET;COMMUNICATIONS, MEDIA AND SERVICES;BR;38,4;Direto
CLI011524;LARGE ENTERPRISE;RETAIL;BR;48,4;Direto
CLI011536;MID MARKET;TRANSPORTATION;BR;58,7;Direto
CLI011558;GLOBAL ACCOUNT;WHOLESALE TRADE;BR;65,6;Direto
CLI011577;MID MARKET;COMMUNICATIONS, MEDIA AND SERVICES;BR;1,1;Direto
CLI011591;MID MARKET;BANKING AND INVESTMENT SERVICES;BR;40,1;Direto
CLI011605;MID MARKET;COMMUNICATIONS, MEDIA AND SERVICES;BR;51,7;Direto
CLI011607;MID MARKET;EDUCATION;BR;29,5;Direto
CLI011608;MID MARKET;WHOLESALE TRADE;BR;50,7;Direto
CLI011656;MID MARKET;MANUFACTURING AND NATURAL RESOURCES;BR;49,7;Direto
CLI011664;MID MARKET;COMMUNICATIONS, MEDIA AND SERVICES;BR;3,6;Direto
CLI011677;LARGE ENTERPRISE;BANKING AND INVESTMENT SERVICES;BR;62,5;Direto
CLI011699;MID MARKET;EDUCATION;BR;30,2;Direto
CLI011711;MID MARKET;COMMUNICATIONS, MEDIA AND SERVICES;BR;52,4;Direto
CLI011716;MID MARKET;TRANSPORTATION;BR;62,9;Direto
CLI011724;GLOBAL ACCOUNT;TRANSPORTATION;CO;64,1;Direto
CLI011774;MID MARKET;TRANSPORTATION;BR;33,8;Direto
CLI011802;LARGE ENTERPRISE;COMMUNICATIONS, MEDIA AND SERVICES;BR;52,9;Direto
CLI011808;MID MARKET;COMMUNICATIONS, MEDIA AND SERVICES;BR;61,2;Direto
CLI011816;MID MARKET;RETAIL;BR;38,7;Direto
CLI011869;LARGE ENTERPRISE;COMMUNICATIONS, MEDIA AND SERVICES;BR;27,9;Direto
CLI011891;MID MARKET;COMMUNICATIONS, MEDIA AND SERVICES;BR;41,5;Direto
CLI011892;MID MARKET;HEALTHCARE AND LIFE SCIENCES;BR;49,1;Direto
CLI011896;MID MARKET;EDUCATION;BR;14,6;Direto
CLI011906;MID MARKET;WHOLESALE TRADE;BR;62,2;Direto
CLI011948;MID MARKET;MANUFACTURING AND NATURAL RESOURCES;BR;38,8;Direto
CLI012020;MID MARKET;BANKING AND INVESTMENT SERVICES;BR;36,4;Direto
CLI012100;MID MARKET;MANUFACTURING AND NATURAL RESOURCES;BR;50,0;Direto
CLI012112;MID MARKET;COMMUNICATIONS, MEDIA AND SERVICES;BR;38,5;Direto
CLI012142;MID MARKET;COMMUNICATIONS, MEDIA AND SERVICES;BR;48,9;Direto
CLI012148;MID MARKET;EDUCATION;BR;59,1;Direto
CLI012173;MID MARKET;BANKING AND INVESTMENT SERVICES;BR;24,9;Direto
CLI012182;MID MARKET;COMMUNICATIONS, MEDIA AND SERVICES;BR;54,0;Direto
CLI012183;LARGE ENTERPRISE;COMMUNICATIONS, MEDIA AND SERVICES;BR;61,8;Direto
CLI012186;MID MARKET;MANUFACTURING AND NATURAL RESOURCES;BR;39,4;Direto
CLI012190;MID MARKET;OIL AND GAS;BR;48,9;Direto
CLI012221;MID MARKET;COMMUNICATIONS, MEDIA AND SERVICES;BR;63,2;Direto
CLI012252;MID MARKET;BANKING AND INVESTMENT SERVICES;BR;64,9;Direto
CLI012255;MID MARKET;WHOLESALE TRADE;BR;33,9;Direto
CLI012283;MID MARKET;WHOLESALE TRADE;BR;52,9;Direto
CLI012296;LARGE ENTERPRISE;MANUFACTURING AND NATURAL RESOURCES;BR;54,0;Direto
CLI012312;GLOBAL ACCOUNT;COMMUNICATIONS, MEDIA AND SERVICES;CO;65,6;Direto
CLI012317;MID MARKET;COMMUNICATIONS, MEDIA AND SERVICES;BR;17,7;Direto
CLI012327;MID MARKET;COMMUNICATIONS, MEDIA AND SERVICES;BR;60,6;Direto
CLI012332;LARGE ENTERPRISE;MANUFACTURING AND NATURAL RESOURCES;BR;62,1;Direto
CLI012343;MID MARKET;HEALTHCARE AND LIFE SCIENCES;BR;53,9;Direto
CLI012352;SMALL MARKET;COMMUNICATIONS, MEDIA AND SERVICES;BR;37,2;Direto
CLI012360;MID MARKET;COMMUNICATIONS, MEDIA AND SERVICES;BR;61,7;Direto
CLI012368;LARGE ENTERPRISE;RETAIL;BR;54,7;Direto
CLI012376;MID MARKET;COMMUNICATIONS, MEDIA AND SERVICES;MX;7,6;Direto
CLI012394;MID MARKET;RETAIL;BR;35,8;Direto
CLI012422;STRATEGIC ACCOUNT;COMMUNICATIONS, MEDIA AND SERVICES;BR;64,2;Direto
CLI012436;MID MARKET;COMMUNICATIONS, MEDIA AND SERVICES;BR;57,0;Direto
CLI012446;LARGE ENTERPRISE;OIL AND GAS;BR;42,3;Direto
CLI012461;LARGE ENTERPRISE;RETAIL;BR;61,5;Direto
CLI012474;MID MARKET;MANUFACTURING AND NATURAL RESOURCES;BR;56,0;Direto
CLI012494;MID MARKET;WHOLESALE TRADE;BR;35,8;Direto
CLI012495;LARGE ENTERPRISE;TRANSPORTATION;BR;64,1;Direto
CLI012496;MID MARKET;COMMUNICATIONS, MEDIA AND SERVICES;BR;60,2;Direto
CLI012512;MID MARKET;COMMUNICATIONS, MEDIA AND SERVICES;BR;48,6;Direto
CLI012534;MID MARKET;COMMUNICATIONS, MEDIA AND SERVICES;BR;29,8;Direto
CLI012539;MID MARKET;INSURANCE;BR;43,5;Direto
CLI012545;MID MARKET;COMMUNICATIONS, MEDIA AND SERVICES;BR;45,6;Direto
CLI012551;MID MARKET;BANKING AND INVESTMENT SERVICES;BR;33,4;Direto
CLI012553;MID MARKET;TRANSPORTATION;BR;65,3;Direto
CLI012556;MID MARKET;COMMUNICATIONS, MEDIA AND SERVICES;BR;65,0;Direto
CLI012567;MID MARKET;HEALTHCARE AND LIFE SCIENCES;BR;53,7;Direto
CLI012577;LARGE ENTERPRISE;COMMUNICATIONS, MEDIA AND SERVICES;MX;42,6;Direto
CLI012602;MID MARKET;INSURANCE;BR;41,3;Direto
CLI012635;MID MARKET;TRANSPORTATION;BR;52,9;Direto
CLI012647;LARGE ENTERPRISE;COMMUNICATIONS, MEDIA AND SERVICES;BR;50,1;Direto
CLI012663;MID MARKET;GOVERNMENT;BR;63,7;Direto
CLI012665;MID MARKET;COMMUNICATIONS, MEDIA AND SERVICES;BR;49,8;Direto
CLI012682;LARGE ENTERPRISE;COMMUNICATIONS, MEDIA AND SERVICES;BR;43,1;Direto
CLI012698;MID MARKET;POWER AND UTILITIES;BR;44,2;Direto
CLI012703;SMALL MARKET;COMMUNICATIONS, MEDIA AND SERVICES;BR;50,1;Direto
CLI012724;LARGE ENTERPRISE;BANKING AND INVESTMENT SERVICES;BR;63,7;Direto
CLI012725;MID MARKET;COMMUNICATIONS, MEDIA AND SERVICES;BR;14,7;Direto
CLI012732;MID MARKET;BANKING AND INVESTMENT SERVICES;BR;65,5;Direto
CLI012756;MID MARKET;WHOLESALE TRADE;BR;65,6;Direto
CLI012774;LARGE ENTERPRISE;MANUFACTURING AND NATURAL RESOURCES;BR;62,5;Direto
CLI012781;MID MARKET;COMMUNICATIONS, MEDIA AND SERVICES;BR;31,7;Direto
CLI012815;MID MARKET;RETAIL;BR;35,6;Direto
CLI012823;MID MARKET;MANUFACTURING AND NATURAL RESOURCES;BR;62,9;Direto
CLI012843;MID MARKET;COMMUNICATIONS, MEDIA AND SERVICES;BR;1,2;Direto
CLI012846;LARGE ENTERPRISE;COMMUNICATIONS, MEDIA AND SERVICES;BR;65,3;Direto
CLI012861;MID MARKET;BANKING AND INVESTMENT SERVICES;BR;50,5;Direto
CLI012917;MID MARKET;COMMUNICATIONS, MEDIA AND SERVICES;BR;59,2;Direto
CLI012932;LARGE ENTERPRISE;WHOLESALE TRADE;BR;56,0;Direto
CLI013030;PUBLIC SECTOR;EDUCATION;BR;60,6;Direto
CLI013073;GLOBAL ACCOUNT;COMMUNICATIONS, MEDIA AND SERVICES;BR;50,2;Direto
CLI013127;MID MARKET;TRANSPORTATION;BR;48,0;Direto
CLI013138;SMALL MARKET;MANUFACTURING AND NATURAL RESOURCES;BR;44,9;Direto
CLI013141;LARGE ENTERPRISE;MANUFACTURING AND NATURAL RESOURCES;BR;35,1;Direto
CLI013145;LARGE ENTERPRISE;HEALTHCARE AND LIFE SCIENCES;BR;34,0;Direto
CLI013155;LARGE ENTERPRISE;WHOLESALE TRADE;BR;1,1;Direto
CLI013285;MID MARKET;COMMUNICATIONS, MEDIA AND SERVICES;BR;53,7;Direto
CLI013290;MID MARKET;WHOLESALE TRADE;BR;57,1;Direto
CLI013338;MID MARKET;MANUFACTURING AND NATURAL RESOURCES;BR;37,9;Direto
CLI013347;MID MARKET;COMMUNICATIONS, MEDIA AND SERVICES;BR;62,8;Direto
CLI013353;MID MARKET;COMMUNICATIONS, MEDIA AND SERVICES;BR;58,2;Direto
CLI013357;MID MARKET;WHOLESALE TRADE;BR;52,1;Direto
CLI013393;MID MARKET;WHOLESALE TRADE;BR;33,7;Direto
CLI013406;LARGE ENTERPRISE;MANUFACTURING AND NATURAL RESOURCES;BR;59,7;Direto
CLI013429;MID MARKET;COMMUNICATIONS, MEDIA AND SERVICES;BR;31,4;Direto
CLI013453;MID MARKET;MANUFACTURING AND NATURAL RESOURCES;BR;63,9;Direto
CLI013458;MID MARKET;MANUFACTURING AND NATURAL RESOURCES;BR;40,1;Direto
CLI013466;LARGE ENTERPRISE;POWER AND UTILITIES;BR;46,8;Direto
CLI013471;MID MARKET;MANUFACTURING AND NATURAL RESOURCES;BR;2,3;Direto
CLI013508;LARGE ENTERPRISE;POWER AND UTILITIES;BR;65,5;Direto
CLI013522;MID MARKET;COMMUNICATIONS, MEDIA AND SERVICES;BR;1,4;Direto
CLI013523;LARGE ENTERPRISE;COMMUNICATIONS, MEDIA AND SERVICES;BR;43,7;Direto
CLI013558;MID MARKET;TRANSPORTATION;BR;57,0;Direto
CLI013664;MID MARKET;RETAIL;BR;42,1;Direto
CLI013666;LARGE ENTERPRISE;RETAIL;BR;35,8;Direto
CLI013680;GLOBAL ACCOUNT;MANUFACTURING AND NATURAL RESOURCES;BR;9,0;Direto
CLI013681;LARGE ENTERPRISE;COMMUNICATIONS, MEDIA AND SERVICES;BR;58,0;Direto
CLI013683;GLOBAL ACCOUNT;INSURANCE;BR;45,0;Direto
CLI013685;LARGE ENTERPRISE;MANUFACTURING AND NATURAL RESOURCES;BR;62,7;Direto
CLI013700;MID MARKET;MANUFACTURING AND NATURAL RESOURCES;BR;42,9;Direto
CLI013701;LARGE ENTERPRISE;MANUFACTURING AND NATURAL RESOURCES;BR;64,6;Direto
CLI013710;MID MARKET;MANUFACTURING AND NATURAL RESOURCES;BR;62,9;Direto
CLI013713;MID MARKET;COMMUNICATIONS, MEDIA AND SERVICES;BR;56,7;Direto
CLI013714;MID MARKET;WHOLESALE TRADE;BR;32,8;Direto
CLI013717;MID MARKET;EDUCATION;BR;45,6;Direto
CLI013735;STRATEGIC ACCOUNT;MANUFACTURING AND NATURAL RESOURCES;BR;10,4;Direto
CLI013738;MID MARKET;WHOLESALE TRADE;BR;63,2;Direto
CLI013741;MID MARKET;EDUCATION;BR;1,0;Direto
CLI013746;GLOBAL ACCOUNT;INSURANCE;BR;36,8;Direto
CLI013749;LARGE ENTERPRISE;WHOLESALE TRADE;BR;14,8;Direto
CLI013761;LARGE ENTERPRISE;COMMUNICATIONS, MEDIA AND SERVICES;BR;62,5;Direto
CLI013770;SMALL MARKET;RETAIL;BR;56,9;Direto
CLI013774;GLOBAL ACCOUNT;MANUFACTURING AND NATURAL RESOURCES;BR;27,7;Direto
CLI013775;PUBLIC SECTOR;EDUCATION;BR;47,7;Direto
CLI013777;GLOBAL ACCOUNT;COMMUNICATIONS, MEDIA AND SERVICES;BR;64,6;Direto
CLI013778;MID MARKET;MANUFACTURING AND NATURAL RESOURCES;BR;57,0;Direto
CLI013780;STRATEGIC ACCOUNT;COMMUNICATIONS, MEDIA AND SERVICES;BR;64,2;Direto
CLI013790;MID MARKET;MANUFACTURING AND NATURAL RESOURCES;BR;62,9;Direto
CLI013797;LARGE ENTERPRISE;BANKING AND INVESTMENT SERVICES;BR;30,9;Direto
CLI013801;LARGE ENTERPRISE;RETAIL;BR;61,4;Direto
CLI013805;LARGE ENTERPRISE;COMMUNICATIONS, MEDIA AND SERVICES;BR;52,1;Direto
CLI013808;GLOBAL ACCOUNT;OIL AND GAS;BR;51,2;Direto
CLI013812;MID MARKET;RETAIL;BR;34,0;Direto
CLI013813;MID MARKET;COMMUNICATIONS, MEDIA AND SERVICES;BR;54,5;Direto
CLI013819;MID MARKET;MANUFACTURING AND NATURAL RESOURCES;BR;2,2;Direto
CLI013822;LARGE ENTERPRISE;MANUFACTURING AND NATURAL RESOURCES;BR;64,6;Direto
CLI013826;LARGE ENTERPRISE;MANUFACTURING AND NATURAL RESOURCES;BR;65,6;Direto
CLI013827;LARGE ENTERPRISE;COMMUNICATIONS, MEDIA AND SERVICES;BR;42,8;Direto
CLI013829;STRATEGIC ACCOUNT;HEALTHCARE AND LIFE SCIENCES;BR;45,7;Direto
CLI013835;STRATEGIC ACCOUNT;MANUFACTURING AND NATURAL RESOURCES;BR;62,0;Direto
CLI013854;PUBLIC SECTOR;EDUCATION;BR;45,7;Direto
CLI013856;LARGE ENTERPRISE;COMMUNICATIONS, MEDIA AND SERVICES;BR;40,0;Direto
CLI013858;LARGE ENTERPRISE;MANUFACTURING AND NATURAL RESOURCES;BR;37,2;Direto
CLI013859;LARGE ENTERPRISE;MANUFACTURING AND NATURAL RESOURCES;BR;58,8;Direto
CLI013864;LARGE ENTERPRISE;COMMUNICATIONS, MEDIA AND SERVICES;BR;64,3;Direto
CLI013867;MID MARKET;COMMUNICATIONS, MEDIA AND SERVICES;BR;62,0;Direto
CLI013877;MID MARKET;COMMUNICATIONS, MEDIA AND SERVICES;BR;53,5;Direto
CLI013881;MID MARKET;COMMUNICATIONS, MEDIA AND SERVICES;BR;64,4;Direto
CLI013885;MID MARKET;RETAIL;BR;65,6;Direto
CLI013906;PUBLIC SECTOR;EDUCATION;BR;57,4;Direto
CLI013909;MID MARKET;RETAIL;BR;44,9;Direto
CLI013913;MID MARKET;COMMUNICATIONS, MEDIA AND SERVICES;BR;61,2;Direto
CLI013917;PUBLIC SECTOR;EDUCATION;BR;23,0;Direto
CLI013958;MID MARKET;HEALTHCARE AND LIFE SCIENCES;BR;50,3;Direto
CLI013962;MID MARKET;COMMUNICATIONS, MEDIA AND SERVICES;BR;59,9;Direto
CLI013963;PUBLIC SECTOR;COMMUNICATIONS, MEDIA AND SERVICES;BR;59,7;Direto
CLI013968;MID MARKET;INSURANCE;BR;7,9;Direto
CLI013979;LARGE ENTERPRISE;MANUFACTURING AND NATURAL RESOURCES;BR;45,1;Direto
CLI014002;MID MARKET;MANUFACTURING AND NATURAL RESOURCES;BR;60,3;Direto
CLI014003;LARGE ENTERPRISE;HEALTHCARE AND LIFE SCIENCES;BR;62,5;Direto
CLI014022;LARGE ENTERPRISE;RETAIL;BR;54,0;Direto
CLI014071;MID MARKET;HEALTHCARE AND LIFE SCIENCES;BR;54,0;Direto
CLI014075;LARGE ENTERPRISE;MANUFACTURING AND NATURAL RESOURCES;BR;57,6;Direto
CLI014107;LARGE ENTERPRISE;MANUFACTURING AND NATURAL RESOURCES;BR;65,5;Direto
CLI014122;MID MARKET;BANKING AND INVESTMENT SERVICES;BR;33,5;Direto
CLI014129;MID MARKET;TRANSPORTATION;BR;21,1;Direto
CLI014137;MID MARKET;BANKING AND INVESTMENT SERVICES;BR;31,9;Direto
CLI014140;LARGE ENTERPRISE;WHOLESALE TRADE;BR;5,8;Direto
CLI014149;MID MARKET;COMMUNICATIONS, MEDIA AND SERVICES;BR;38,0;Direto
CLI014150;MID MARKET;TRANSPORTATION;BR;47,1;Direto
CLI014158;LARGE ENTERPRISE;MANUFACTURING AND NATURAL RESOURCES;BR;1,9;Direto
CLI014164;LARGE ENTERPRISE;MANUFACTURING AND NATURAL RESOURCES;BR;65,0;Direto
CLI014165;LARGE ENTERPRISE;RETAIL;BR;47,9;Direto
CLI014175;MID MARKET;COMMUNICATIONS, MEDIA AND SERVICES;BR;60,2;Direto
CLI014179;MID MARKET;MANUFACTURING AND NATURAL RESOURCES;BR;62,1;Direto
CLI014181;LARGE ENTERPRISE;MANUFACTURING AND NATURAL RESOURCES;BR;63,2;Direto
CLI014186;GLOBAL ACCOUNT;BANKING AND INVESTMENT SERVICES;BR;53,6;Direto
CLI014191;MID MARKET;WHOLESALE TRADE;BR;65,5;Direto
CLI014195;MID MARKET;MANUFACTURING AND NATURAL RESOURCES;BR;43,5;Direto
CLI014205;LARGE ENTERPRISE;WHOLESALE TRADE;BR;34,3;Direto
CLI014219;MID MARKET;TRANSPORTATION;BR;62,6;Direto
CLI014225;MID MARKET;MANUFACTURING AND NATURAL RESOURCES;BR;39,6;Direto
CLI014230;LARGE ENTERPRISE;MANUFACTURING AND NATURAL RESOURCES;BR;49,2;Direto
CLI014247;MID MARKET;MANUFACTURING AND NATURAL RESOURCES;BR;4,9;Direto
CLI014259;LARGE ENTERPRISE;MANUFACTURING AND NATURAL RESOURCES;BR;57,8;Direto
CLI014266;MID MARKET;EDUCATION;BR;47,8;Direto
CLI014270;LARGE ENTERPRISE;COMMUNICATIONS, MEDIA AND SERVICES;BR;55,9;Direto
CLI014276;MID MARKET;MANUFACTURING AND NATURAL RESOURCES;BR;4,3;Direto
CLI014279;GLOBAL ACCOUNT;WHOLESALE TRADE;BR;2,0;Direto
CLI014296;LARGE ENTERPRISE;COMMUNICATIONS, MEDIA AND SERVICES;BR;13,2;Direto
CLI014316;GLOBAL ACCOUNT;MANUFACTURING AND NATURAL RESOURCES;BR;32,6;Direto
CLI014360;GLOBAL ACCOUNT;MANUFACTURING AND NATURAL RESOURCES;BR;39,6;Direto
CLI014364;GLOBAL ACCOUNT;HEALTHCARE AND LIFE SCIENCES;BR;53,8;Direto
CLI014371;PUBLIC SECTOR;OIL AND GAS;BR;57,4;Direto
CLI014372;LARGE ENTERPRISE;HEALTHCARE AND LIFE SCIENCES;BR;62,2;Direto
CLI014373;MID MARKET;EDUCATION;BR;45,6;Direto
CLI014376;MID MARKET;BANKING AND INVESTMENT SERVICES;BR;50,5;Direto
CLI014377;PUBLIC SECTOR;GOVERNMENT;BR;64,9;Direto
CLI014378;PUBLIC SECTOR;EDUCATION;BR;65,7;Direto
CLI014379;PUBLIC SECTOR;COMMUNICATIONS, MEDIA AND SERVICES;BR;51,5;Direto
CLI014384;STRATEGIC ACCOUNT;HEALTHCARE AND LIFE SCIENCES;BR;62,8;Direto
CLI014387;GLOBAL ACCOUNT;WHOLESALE TRADE;BR;42,4;Direto
CLI014391;PUBLIC SECTOR;GOVERNMENT;BR;46,9;Direto
CLI014392;GLOBAL ACCOUNT;MANUFACTURING AND NATURAL RESOURCES;BR;55,5;Direto
CLI014393;PUBLIC SECTOR;GOVERNMENT;BR;45,2;Direto
CLI014396;LARGE ENTERPRISE;WHOLESALE TRADE;BR;64,3;Direto
CLI014398;PUBLIC SECTOR;EDUCATION;BR;65,1;Direto
CLI014400;STRATEGIC ACCOUNT;COMMUNICATIONS, MEDIA AND SERVICES;BR;2,2;Direto
CLI014407;STRATEGIC ACCOUNT;HEALTHCARE AND LIFE SCIENCES;BR;61,7;Direto
CLI014409;SMALL MARKET;OIL AND GAS;BR;56,9;Direto
CLI014413;PUBLIC SECTOR;EDUCATION;BR;61,6;Direto
CLI014414;GLOBAL ACCOUNT;HEALTHCARE AND LIFE SCIENCES;BR;59,8;Direto
CLI014416;MID MARKET;EDUCATION;BR;50,1;Direto
CLI014429;MID MARKET;TRANSPORTATION;BR;40,8;Direto
CLI014435;LARGE ENTERPRISE;MANUFACTURING AND NATURAL RESOURCES;BR;51,9;Direto
CLI014444;STRATEGIC ACCOUNT;TRANSPORTATION;BR;38,3;Direto
CLI014446;LARGE ENTERPRISE;RETAIL;BR;33,4;Direto
CLI014452;LARGE ENTERPRISE;RETAIL;BR;30,3;Direto
CLI014455;LARGE ENTERPRISE;MANUFACTURING AND NATURAL RESOURCES;BR;2,0;Direto
CLI014458;MID MARKET;MANUFACTURING AND NATURAL RESOURCES;BR;28,9;Direto
CLI014460;PUBLIC SECTOR;EDUCATION;BR;30,3;Direto
CLI014468;GLOBAL ACCOUNT;BANKING AND INVESTMENT SERVICES;BR;48,2;Direto
CLI014471;STRATEGIC ACCOUNT;MANUFACTURING AND NATURAL RESOURCES;BR;60,2;Direto
CLI014473;STRATEGIC ACCOUNT;MANUFACTURING AND NATURAL RESOURCES;BR;30,5;Direto
CLI014475;LARGE ENTERPRISE;COMMUNICATIONS, MEDIA AND SERVICES;BR;58,0;Direto
CLI014481;LARGE ENTERPRISE;TRANSPORTATION;BR;55,7;Direto
CLI014498;MID MARKET;COMMUNICATIONS, MEDIA AND SERVICES;BR;64,2;Direto
CLI014503;MID MARKET;RETAIL;BR;58,5;Direto
CLI014505;MID MARKET;COMMUNICATIONS, MEDIA AND SERVICES;BR;43,4;Direto
CLI014509;MID MARKET;MANUFACTURING AND NATURAL RESOURCES;BR;50,1;Direto
CLI014519;PUBLIC SECTOR;EDUCATION;BR;54,2;Direto
CLI014531;LARGE ENTERPRISE;HEALTHCARE AND LIFE SCIENCES;BR;33,1;Direto
CLI014536;MID MARKET;WHOLESALE TRADE;BR;31,0;Direto
CLI014544;MID MARKET;COMMUNICATIONS, MEDIA AND SERVICES;BR;28,6;Direto
CLI014580;MID MARKET;MANUFACTURING AND NATURAL RESOURCES;BR;60,4;Direto
CLI014594;LARGE ENTERPRISE;MANUFACTURING AND NATURAL RESOURCES;BR;2,3;Direto
CLI014596;LARGE ENTERPRISE;WHOLESALE TRADE;BR;49,2;Direto
CLI014607;LARGE ENTERPRISE;INSURANCE;BR;5,0;Direto
CLI014643;PUBLIC SECTOR;EDUCATION;BR;11,4;Direto
CLI014655;LARGE ENTERPRISE;TRANSPORTATION;BR;51,1;Direto
CLI014657;MID MARKET;MANUFACTURING AND NATURAL RESOURCES;BR;22,6;Direto
CLI014682;MID MARKET;BANKING AND INVESTMENT SERVICES;BR;65,1;Direto
CLI014685;PUBLIC SECTOR;COMMUNICATIONS, MEDIA AND SERVICES;BR;42,9;Direto
CLI014692;STRATEGIC ACCOUNT;BANKING AND INVESTMENT SERVICES;BR;60,1;Direto
CLI014704;LARGE ENTERPRISE;COMMUNICATIONS, MEDIA AND SERVICES;BR;64,1;Direto
CLI014716;LARGE ENTERPRISE;RETAIL;BR;39,9;Direto
CLI014721;PUBLIC SECTOR;GOVERNMENT;BR;36,8;Direto
CLI014737;PUBLIC SECTOR;COMMUNICATIONS, MEDIA AND SERVICES;BR;65,5;Direto
CLI014739;GLOBAL ACCOUNT;RETAIL;BR;48,8;Direto
CLI014759;MID MARKET;EDUCATION;BR;62,7;Direto
CLI014772;MID MARKET;RETAIL;BR;56,4;Direto
CLI014775;MID MARKET;RETAIL;BR;48,9;Direto
CLI014781;MID MARKET;WHOLESALE TRADE;BR;47,5;Direto
CLI014819;MID MARKET;MANUFACTURING AND NATURAL RESOURCES;BR;1,9;Direto
CLI014824;MID MARKET;COMMUNICATIONS, MEDIA AND SERVICES;BR;54,0;Direto
CLI014834;MID MARKET;INSURANCE;BR;33,5;Direto
CLI014842;SMALL MARKET;COMMUNICATIONS, MEDIA AND SERVICES;BR;64,5;Direto
CLI014844;MID MARKET;COMMUNICATIONS, MEDIA AND SERVICES;BR;57,0;Direto
CLI014866;MID MARKET;COMMUNICATIONS, MEDIA AND SERVICES;BR;29,3;Direto
CLI014868;LARGE ENTERPRISE;COMMUNICATIONS, MEDIA AND SERVICES;BR;60,5;Direto
CLI014879;MID MARKET;EDUCATION;BR;58,0;Direto
CLI014884;LARGE ENTERPRISE;OIL AND GAS;BR;64,7;Direto
CLI014893;MID MARKET;MANUFACTURING AND NATURAL RESOURCES;BR;63,6;Direto
CLI014900;MID MARKET;COMMUNICATIONS, MEDIA AND SERVICES;BR;29,4;Direto
CLI014911;MID MARKET;WHOLESALE TRADE;BR;51,0;Direto
CLI014924;MID MARKET;MANUFACTURING AND NATURAL RESOURCES;BR;42,8;Direto
CLI014932;MID MARKET;COMMUNICATIONS, MEDIA AND SERVICES;BR;49,9;Direto
CLI014935;LARGE ENTERPRISE;MANUFACTURING AND NATURAL RESOURCES;BR;21,9;Direto
CLI014952;SMALL MARKET;RETAIL;BR;65,7;Direto
CLI014955;MID MARKET;MANUFACTURING AND NATURAL RESOURCES;BR;65,6;Direto
CLI014956;PUBLIC SECTOR;EDUCATION;BR;47,1;Direto
CLI014987;LARGE ENTERPRISE;MANUFACTURING AND NATURAL RESOURCES;BR;62,5;Direto
CLI014993;MID MARKET;WHOLESALE TRADE;BR;63,8;Direto
CLI015012;LARGE ENTERPRISE;HEALTHCARE AND LIFE SCIENCES;BR;39,2;Direto
CLI015023;MID MARKET;MANUFACTURING AND NATURAL RESOURCES;BR;28,1;Direto
CLI015028;LARGE ENTERPRISE;WHOLESALE TRADE;BR;56,4;Direto
CLI015030;MID MARKET;RETAIL;BR;62,7;Direto
CLI015064;SMALL MARKET;RETAIL;BR;62,3;Direto
CLI015074;MID MARKET;MANUFACTURING AND NATURAL RESOURCES;BR;33,7;Direto
CLI015075;LARGE ENTERPRISE;TRANSPORTATION;BR;65,3;Direto
CLI015079;MID MARKET;COMMUNICATIONS, MEDIA AND SERVICES;BR;34,4;Direto
CLI015091;GLOBAL ACCOUNT;COMMUNICATIONS, MEDIA AND SERVICES;BR;52,1;Direto
CLI015099;MID MARKET;RETAIL;BR;59,2;Direto
CLI015102;SMALL MARKET;MANUFACTURING AND NATURAL RESOURCES;BR;45,0;Direto
CLI015120;LARGE ENTERPRISE;BANKING AND INVESTMENT SERVICES;BR;60,6;Direto
CLI015122;PUBLIC SECTOR;EDUCATION;BR;29,3;Direto
CLI015123;LARGE ENTERPRISE;INSURANCE;BR;35,5;Direto
CLI015139;MID MARKET;WHOLESALE TRADE;BR;39,3;Direto
CLI015140;MID MARKET;RETAIL;BR;57,0;Direto
CLI015171;MID MARKET;RETAIL;BR;55,0;Direto
CLI015182;MID MARKET;COMMUNICATIONS, MEDIA AND SERVICES;BR;43,6;Direto
CLI015200;MID MARKET;MANUFACTURING AND NATURAL RESOURCES;BR;37,2;Direto
CLI015228;MID MARKET;RETAIL;BR;51,3;Direto
CLI015231;MID MARKET;COMMUNICATIONS, MEDIA AND SERVICES;BR;51,4;Direto
CLI015238;LARGE ENTERPRISE;TRANSPORTATION;BR;33,3;Direto
CLI015239;STRATEGIC ACCOUNT;BANKING AND INVESTMENT SERVICES;BR;56,9;Direto
CLI015248;PUBLIC SECTOR;BANKING AND INVESTMENT SERVICES;AR;21,6;Direto
CLI015252;GLOBAL ACCOUNT;INSURANCE;AR;36,1;Direto
CLI015255;MID MARKET;TRANSPORTATION;AR;39,1;Direto
CLI015257;LARGE ENTERPRISE;EDUCATION;PE;63,1;Direto
CLI015271;LARGE ENTERPRISE;BANKING AND INVESTMENT SERVICES;CO;63,4;Direto
CLI015287;GLOBAL ACCOUNT;COMMUNICATIONS, MEDIA AND SERVICES;CL;60,3;Direto
CLI015292;GLOBAL ACCOUNT;OIL AND GAS;MX;29,5;Direto
CLI015296;LARGE ENTERPRISE;RETAIL;PE;52,9;Direto
CLI015303;LARGE ENTERPRISE;RETAIL;AR;29,7;Direto
CLI015325;PUBLIC SECTOR;GOVERNMENT;MX;47,5;Direto
CLI015348;LARGE ENTERPRISE;EDUCATION;CO;65,5;Direto
CLI015353;LARGE ENTERPRISE;COMMUNICATIONS, MEDIA AND SERVICES;PE;1,0;Direto
CLI015355;LARGE ENTERPRISE;BANKING AND INVESTMENT SERVICES;MX;46,2;Direto
CLI015359;LARGE ENTERPRISE;COMMUNICATIONS, MEDIA AND SERVICES;PE;37,0;Direto
CLI015362;LARGE ENTERPRISE;MANUFACTURING AND NATURAL RESOURCES;PE;52,7;Direto
CLI015365;LARGE ENTERPRISE;BANKING AND INVESTMENT SERVICES;PE;45,2;Direto
CLI015386;LARGE ENTERPRISE;COMMUNICATIONS, MEDIA AND SERVICES;CL;23,2;Direto
CLI015388;LARGE ENTERPRISE;MANUFACTURING AND NATURAL RESOURCES;PE;65,6;Direto
CLI015389;LARGE ENTERPRISE;COMMUNICATIONS, MEDIA AND SERVICES;PE;65,3;Direto
CLI015394;LARGE ENTERPRISE;EDUCATION;CL;65,7;Direto
CLI015400;LARGE ENTERPRISE;MANUFACTURING AND NATURAL RESOURCES;CO;0,2;Direto
CLI015409;PUBLIC SECTOR;TRANSPORTATION;CL;53,9;Direto
CLI015414;PUBLIC SECTOR;GOVERNMENT;CL;53,8;Direto
CLI015418;LARGE ENTERPRISE;EDUCATION;AR;61,6;Direto
CLI015432;LARGE ENTERPRISE;INSURANCE;BR;62,3;Direto
CLI015452;LARGE ENTERPRISE;INSURANCE;BR;54,0;Direto
CLI015466;LARGE ENTERPRISE;COMMUNICATIONS, MEDIA AND SERVICES;BR;63,8;Direto
CLI015474;LARGE ENTERPRISE;MANUFACTURING AND NATURAL RESOURCES;BR;24,9;Direto
CLI015475;LARGE ENTERPRISE;INSURANCE;BR;44,5;Direto
CLI015476;MID MARKET;INSURANCE;BR;51,0;Direto
CLI015501;MID MARKET;COMMUNICATIONS, MEDIA AND SERVICES;BR;15,2;Direto
CLI015523;LARGE ENTERPRISE;MANUFACTURING AND NATURAL RESOURCES;BR;9,2;Direto
CLI015529;LARGE ENTERPRISE;COMMUNICATIONS, MEDIA AND SERVICES;BR;42,8;Direto
CLI015531;LARGE ENTERPRISE;MANUFACTURING AND NATURAL RESOURCES;BR;51,3;Direto
CLI015579;MID MARKET;WHOLESALE TRADE;BR;59,6;Direto
CLI015602;LARGE ENTERPRISE;INSURANCE;BR;3,2;Direto
CLI015607;LARGE ENTERPRISE;MANUFACTURING AND NATURAL RESOURCES;BR;26,8;Direto
CLI015611;MID MARKET;TRANSPORTATION;BR;20,9;Direto
CLI015656;GLOBAL ACCOUNT;COMMUNICATIONS, MEDIA AND SERVICES;PE;56,0;Direto
CLI015669;SMALL MARKET;MANUFACTURING AND NATURAL RESOURCES;BR;48,8;Direto
CLI015672;GLOBAL ACCOUNT;INSURANCE;MX;27,5;Direto
CLI015680;MID MARKET;MANUFACTURING AND NATURAL RESOURCES;BR;25,6;Direto
CLI015682;MID MARKET;COMMUNICATIONS, MEDIA AND SERVICES;BR;60,3;Direto
CLI015709;MID MARKET;MANUFACTURING AND NATURAL RESOURCES;BR;48,6;Direto
CLI015720;MID MARKET;MANUFACTURING AND NATURAL RESOURCES;BR;65,4;Direto
CLI015722;MID MARKET;MANUFACTURING AND NATURAL RESOURCES;BR;53,4;Direto
CLI015735;MID MARKET;MANUFACTURING AND NATURAL RESOURCES;BR;48,7;Direto
CLI015764;MID MARKET;MANUFACTURING AND NATURAL RESOURCES;BR;47,9;Direto
CLI015835;MID MARKET;HEALTHCARE AND LIFE SCIENCES;BR;41,5;Direto
CLI015895;GLOBAL ACCOUNT;MANUFACTURING AND NATURAL RESOURCES;BR;4,0;Direto
CLI015905;MID MARKET;MANUFACTURING AND NATURAL RESOURCES;BR;60,6;Direto
CLI015952;MID MARKET;MANUFACTURING AND NATURAL RESOURCES;BR;42,4;Direto
CLI015990;MID MARKET;HEALTHCARE AND LIFE SCIENCES;BR;37,9;Direto
CLI015992;MID MARKET;MANUFACTURING AND NATURAL RESOURCES;BR;52,2;Direto
CLI016039;LARGE ENTERPRISE;COMMUNICATIONS, MEDIA AND SERVICES;CO;17,1;Direto
CLI016046;LARGE ENTERPRISE;EDUCATION;CO;17,1;Direto
CLI016047;GLOBAL ACCOUNT;MANUFACTURING AND NATURAL RESOURCES;AR;33,5;Direto
CLI016055;GLOBAL ACCOUNT;COMMUNICATIONS, MEDIA AND SERVICES;AR;63,2;Direto
CLI016057;LARGE ENTERPRISE;COMMUNICATIONS, MEDIA AND SERVICES;CO;54,6;Direto
CLI016074;LARGE ENTERPRISE;INSURANCE;BR;31,2;Direto
CLI016085;MID MARKET;COMMUNICATIONS, MEDIA AND SERVICES;BR;64,6;Direto
CLI016106;GLOBAL ACCOUNT;INSURANCE;MX;48,9;Direto
CLI016119;MID MARKET;MANUFACTURING AND NATURAL RESOURCES;CO;1,3;Direto
CLI016120;MID MARKET;COMMUNICATIONS, MEDIA AND SERVICES;BR;39,1;Direto
CLI016125;GLOBAL ACCOUNT;BANKING AND INVESTMENT SERVICES;BR;3,0;Direto
CLI016128;GLOBAL ACCOUNT;MANUFACTURING AND NATURAL RESOURCES;MX;65,0;Direto
CLI016131;GLOBAL ACCOUNT;RETAIL;CL;56,6;Direto
CLI016134;LARGE ENTERPRISE;COMMUNICATIONS, MEDIA AND SERVICES;BR;41,3;Direto
CLI016149;LARGE ENTERPRISE;COMMUNICATIONS, MEDIA AND SERVICES;BR;53,6;Direto
CLI016157;MID MARKET;TRANSPORTATION;BR;64,3;Direto
CLI016163;GLOBAL ACCOUNT;BANKING AND INVESTMENT SERVICES;CL;39,6;Direto
CLI016185;SMALL MARKET;HEALTHCARE AND LIFE SCIENCES;BR;49,8;Direto
CLI016189;MID MARKET;WHOLESALE TRADE;BR;39,9;Direto
CLI016212;LARGE ENTERPRISE;EDUCATION;CO;2,3;Direto
CLI016230;PUBLIC SECTOR;EDUCATION;BR;41,3;Direto
CLI016233;LARGE ENTERPRISE;MANUFACTURING AND NATURAL RESOURCES;BR;42,1;Direto
CLI016240;LARGE ENTERPRISE;COMMUNICATIONS, MEDIA AND SERVICES;PE;50,8;Direto
CLI016246;GLOBAL ACCOUNT;MANUFACTURING AND NATURAL RESOURCES;CO;47,8;Direto
CLI016260;MID MARKET;COMMUNICATIONS, MEDIA AND SERVICES;BR;63,7;Direto
CLI016261;LARGE ENTERPRISE;COMMUNICATIONS, MEDIA AND SERVICES;CO;54,1;Direto
CLI016285;LARGE ENTERPRISE;BANKING AND INVESTMENT SERVICES;AR;47,3;Direto
CLI016286;GLOBAL ACCOUNT;COMMUNICATIONS, MEDIA AND SERVICES;CL;63,4;Direto
CLI016290;GLOBAL ACCOUNT;MANUFACTURING AND NATURAL RESOURCES;AR;63,6;Direto
CLI016299;MID MARKET;COMMUNICATIONS, MEDIA AND SERVICES;BR;21,4;Direto
CLI016301;LARGE ENTERPRISE;MANUFACTURING AND NATURAL RESOURCES;BR;65,5;Direto
CLI016320;MID MARKET;RETAIL;BR;64,1;Direto
CLI016346;LARGE ENTERPRISE;WHOLESALE TRADE;BR;64,6;Direto
CLI016359;GLOBAL ACCOUNT;MANUFACTURING AND NATURAL RESOURCES;BR;58,7;Direto
CLI016459;MID MARKET;HEALTHCARE AND LIFE SCIENCES;BR;44,1;Direto
CLI016471;MID MARKET;MANUFACTURING AND NATURAL RESOURCES;BR;3,6;Direto
CLI016486;MID MARKET;MANUFACTURING AND NATURAL RESOURCES;BR;64,3;Direto
CLI016507;LARGE ENTERPRISE;MANUFACTURING AND NATURAL RESOURCES;BR;30,0;Direto
CLI016567;MID MARKET;MANUFACTURING AND NATURAL RESOURCES;BR;64,9;Direto
CLI016582;MID MARKET;MANUFACTURING AND NATURAL RESOURCES;BR;61,5;Direto
CLI016678;LARGE ENTERPRISE;MANUFACTURING AND NATURAL RESOURCES;BR;30,2;Direto
CLI016700;MID MARKET;MANUFACTURING AND NATURAL RESOURCES;BR;39,8;Direto
CLI016761;LARGE ENTERPRISE;MANUFACTURING AND NATURAL RESOURCES;BR;36,9;Direto
CLI016773;LARGE ENTERPRISE;MANUFACTURING AND NATURAL RESOURCES;BR;41,9;Direto
CLI016793;MID MARKET;OIL AND GAS;BR;49,7;Direto
CLI016834;MID MARKET;MANUFACTURING AND NATURAL RESOURCES;BR;33,5;Direto
CLI016857;MID MARKET;MANUFACTURING AND NATURAL RESOURCES;BR;4,6;Direto
CLI016861;MID MARKET;MANUFACTURING AND NATURAL RESOURCES;BR;39,2;Direto
CLI016997;MID MARKET;MANUFACTURING AND NATURAL RESOURCES;BR;42,5;Direto
CLI017083;MID MARKET;MANUFACTURING AND NATURAL RESOURCES;BR;30,0;Direto
CLI017084;MID MARKET;MANUFACTURING AND NATURAL RESOURCES;BR;41,8;Direto
CLI017085;MID MARKET;MANUFACTURING AND NATURAL RESOURCES;BR;41,5;Direto
CLI017143;MID MARKET;MANUFACTURING AND NATURAL RESOURCES;BR;2,9;Direto
CLI017174;MID MARKET;MANUFACTURING AND NATURAL RESOURCES;BR;38,6;Direto
CLI017198;MID MARKET;COMMUNICATIONS, MEDIA AND SERVICES;BR;54,9;Direto
CLI017199;MID MARKET;INSURANCE;BR;46,3;Direto
CLI017201;LARGE ENTERPRISE;COMMUNICATIONS, MEDIA AND SERVICES;BR;50,0;Direto
CLI017206;LARGE ENTERPRISE;BANKING AND INVESTMENT SERVICES;BR;51,1;Direto
CLI017207;MID MARKET;COMMUNICATIONS, MEDIA AND SERVICES;BR;65,3;Direto
CLI017225;MID MARKET;COMMUNICATIONS, MEDIA AND SERVICES;BR;29,3;Direto
CLI017236;MID MARKET;BANKING AND INVESTMENT SERVICES;BR;49,2;Direto
CLI017252;GLOBAL ACCOUNT;COMMUNICATIONS, MEDIA AND SERVICES;CL;44,7;Direto
CLI017260;MID MARKET;MANUFACTURING AND NATURAL RESOURCES;BR;35,4;Direto
CLI017272;MID MARKET;MANUFACTURING AND NATURAL RESOURCES;BR;33,5;Direto
CLI017297;LARGE ENTERPRISE;MANUFACTURING AND NATURAL RESOURCES;BR;59,7;Direto
CLI017401;GLOBAL ACCOUNT;MANUFACTURING AND NATURAL RESOURCES;BR;57,1;Direto
CLI017424;MID MARKET;MANUFACTURING AND NATURAL RESOURCES;BR;4,1;Direto
CLI017426;MID MARKET;MANUFACTURING AND NATURAL RESOURCES;BR;55,0;Direto
CLI017434;MID MARKET;MANUFACTURING AND NATURAL RESOURCES;BR;53,8;Direto
CLI017450;MID MARKET;MANUFACTURING AND NATURAL RESOURCES;BR;35,4;Direto
CLI017476;LARGE ENTERPRISE;MANUFACTURING AND NATURAL RESOURCES;BR;38,5;Direto
CLI017489;LARGE ENTERPRISE;MANUFACTURING AND NATURAL RESOURCES;BR;1,8;Direto
CLI017491;MID MARKET;MANUFACTURING AND NATURAL RESOURCES;BR;50,1;Direto
CLI017618;LARGE ENTERPRISE;MANUFACTURING AND NATURAL RESOURCES;BR;46,8;Direto
CLI017689;MID MARKET;COMMUNICATIONS, MEDIA AND SERVICES;BR;47,7;Direto
CLI017692;MID MARKET;MANUFACTURING AND NATURAL RESOURCES;BR;35,6;Direto
CLI017695;MID MARKET;RETAIL;BR;39,7;Direto
CLI017702;LARGE ENTERPRISE;MANUFACTURING AND NATURAL RESOURCES;BR;50,7;Direto
CLI017756;MID MARKET;MANUFACTURING AND NATURAL RESOURCES;BR;32,9;Direto
CLI017760;LARGE ENTERPRISE;MANUFACTURING AND NATURAL RESOURCES;BR;50,9;Direto
CLI017797;MID MARKET;MANUFACTURING AND NATURAL RESOURCES;BR;61,5;Direto
CLI017803;MID MARKET;TRANSPORTATION;BR;34,9;Direto
CLI017805;LARGE ENTERPRISE;COMMUNICATIONS, MEDIA AND SERVICES;BR;60,3;Direto
CLI017825;STRATEGIC ACCOUNT;BANKING AND INVESTMENT SERVICES;BR;60,0;Direto
CLI017831;MID MARKET;COMMUNICATIONS, MEDIA AND SERVICES;BR;60,6;Direto
CLI017834;LARGE ENTERPRISE;COMMUNICATIONS, MEDIA AND SERVICES;AR;7,3;Direto
CLI017853;LARGE ENTERPRISE;TRANSPORTATION;BR;35,0;Direto
CLI017870;LARGE ENTERPRISE;COMMUNICATIONS, MEDIA AND SERVICES;BR;32,6;Direto
CLI017874;LARGE ENTERPRISE;MANUFACTURING AND NATURAL RESOURCES;BR;65,1;Direto
CLI017893;MID MARKET;WHOLESALE TRADE;BR;53,4;Direto
CLI017914;GLOBAL ACCOUNT;MANUFACTURING AND NATURAL RESOURCES;BR;60,2;Direto
CLI017916;MID MARKET;COMMUNICATIONS, MEDIA AND SERVICES;BR;59,0;Direto
CLI017932;GLOBAL ACCOUNT;BANKING AND INVESTMENT SERVICES;BR;8,4;Direto
CLI017933;STRATEGIC ACCOUNT;COMMUNICATIONS, MEDIA AND SERVICES;BR;35,6;Direto
CLI017938;MID MARKET;COMMUNICATIONS, MEDIA AND SERVICES;BR;44,8;Direto
CLI017940;LARGE ENTERPRISE;WHOLESALE TRADE;BR;51,8;Direto
CLI017949;MID MARKET;BANKING AND INVESTMENT SERVICES;BR;50,2;Direto
CLI017976;LARGE ENTERPRISE;MANUFACTURING AND NATURAL RESOURCES;BR;57,6;Direto
CLI017977;MID MARKET;HEALTHCARE AND LIFE SCIENCES;BR;46,3;Direto
CLI017987;LARGE ENTERPRISE;MANUFACTURING AND NATURAL RESOURCES;BR;30,7;Direto
CLI017990;LARGE ENTERPRISE;COMMUNICATIONS, MEDIA AND SERVICES;BR;63,9;Direto
CLI017997;LARGE ENTERPRISE;COMMUNICATIONS, MEDIA AND SERVICES;BR;38,0;Direto
CLI018016;MID MARKET;WHOLESALE TRADE;BR;50,2;Direto
CLI018021;LARGE ENTERPRISE;MANUFACTURING AND NATURAL RESOURCES;BR;62,1;Direto
CLI018025;MID MARKET;MANUFACTURING AND NATURAL RESOURCES;BR;44,3;Direto
CLI018057;MID MARKET;COMMUNICATIONS, MEDIA AND SERVICES;BR;44,3;Direto
CLI018064;MID MARKET;MANUFACTURING AND NATURAL RESOURCES;BR;47,5;Direto
CLI018070;MID MARKET;TRANSPORTATION;BR;62,6;Direto
CLI018089;MID MARKET;COMMUNICATIONS, MEDIA AND SERVICES;BR;60,6;Direto
CLI018092;MID MARKET;RETAIL;BR;57,6;Direto
CLI018105;MID MARKET;MANUFACTURING AND NATURAL RESOURCES;BR;65,3;Direto
CLI018160;MID MARKET;HEALTHCARE AND LIFE SCIENCES;BR;28,9;Direto
CLI018215;MID MARKET;TRANSPORTATION;BR;41,5;Direto
CLI018251;MID MARKET;WHOLESALE TRADE;BR;53,7;Direto
CLI018254;MID MARKET;COMMUNICATIONS, MEDIA AND SERVICES;BR;63,9;Direto
CLI018261;LARGE ENTERPRISE;COMMUNICATIONS, MEDIA AND SERVICES;BR;0,7;Direto
CLI018267;SMALL MARKET;WHOLESALE TRADE;BR;39,1;Direto
CLI018350;MID MARKET;BANKING AND INVESTMENT SERVICES;BR;60,2;Direto
CLI018360;MID MARKET;INSURANCE;BR;65,5;Direto
CLI018395;MID MARKET;HEALTHCARE AND LIFE SCIENCES;BR;37,5;Direto
CLI018418;MID MARKET;WHOLESALE TRADE;BR;43,8;Direto
CLI018432;MID MARKET;COMMUNICATIONS, MEDIA AND SERVICES;BR;61,0;Direto
CLI018506;MID MARKET;COMMUNICATIONS, MEDIA AND SERVICES;BR;52,9;Direto
CLI018521;MID MARKET;COMMUNICATIONS, MEDIA AND SERVICES;BR;63,9;Direto
CLI018529;PUBLIC SECTOR;EDUCATION;BR;59,6;Direto
CLI018536;MID MARKET;MANUFACTURING AND NATURAL RESOURCES;BR;63,5;Direto
CLI018538;MID MARKET;COMMUNICATIONS, MEDIA AND SERVICES;BR;28,4;Direto
CLI018585;MID MARKET;COMMUNICATIONS, MEDIA AND SERVICES;BR;63,0;Direto
CLI018604;MID MARKET;MANUFACTURING AND NATURAL RESOURCES;BR;57,3;Direto
CLI018622;MID MARKET;COMMUNICATIONS, MEDIA AND SERVICES;BR;49,7;Direto
CLI018628;SMALL MARKET;COMMUNICATIONS, MEDIA AND SERVICES;BR;49,3;Direto
CLI018656;LARGE ENTERPRISE;BANKING AND INVESTMENT SERVICES;BR;42,0;Direto
CLI018697;MID MARKET;BANKING AND INVESTMENT SERVICES;BR;48,2;Direto
CLI018700;MID MARKET;BANKING AND INVESTMENT SERVICES;BR;63,2;Direto
CLI018791;MID MARKET;MANUFACTURING AND NATURAL RESOURCES;BR;11,1;Direto
CLI018861;GLOBAL ACCOUNT;MANUFACTURING AND NATURAL RESOURCES;BR;54,0;Direto
CLI018864;MID MARKET;COMMUNICATIONS, MEDIA AND SERVICES;BR;19,1;Direto
CLI018887;MID MARKET;HEALTHCARE AND LIFE SCIENCES;BR;53,7;Direto
CLI018908;MID MARKET;COMMUNICATIONS, MEDIA AND SERVICES;BR;64,3;Direto
CLI018932;MID MARKET;COMMUNICATIONS, MEDIA AND SERVICES;BR;44,7;Direto
CLI018984;SMALL MARKET;COMMUNICATIONS, MEDIA AND SERVICES;BR;49,9;Direto
CLI019018;MID MARKET;INSURANCE;BR;64,1;Direto
CLI019022;LARGE ENTERPRISE;WHOLESALE TRADE;BR;55,6;Direto
CLI019028;MID MARKET;HEALTHCARE AND LIFE SCIENCES;BR;54,1;Direto
CLI019074;MID MARKET;WHOLESALE TRADE;BR;54,0;Direto
CLI019080;MID MARKET;MANUFACTURING AND NATURAL RESOURCES;BR;54,3;Direto
CLI019107;LARGE ENTERPRISE;TRANSPORTATION;BR;51,5;Direto
CLI019141;MID MARKET;COMMUNICATIONS, MEDIA AND SERVICES;BR;44,6;Direto
CLI019152;LARGE ENTERPRISE;MANUFACTURING AND NATURAL RESOURCES;BR;54,1;Direto
CLI019157;LARGE ENTERPRISE;MANUFACTURING AND NATURAL RESOURCES;BR;50,1;Direto
CLI019162;MID MARKET;COMMUNICATIONS, MEDIA AND SERVICES;BR;57,3;Direto
CLI019163;MID MARKET;INSURANCE;BR;46,3;Direto
CLI019165;LARGE ENTERPRISE;MANUFACTURING AND NATURAL RESOURCES;BR;28,9;Direto
CLI019187;LARGE ENTERPRISE;COMMUNICATIONS, MEDIA AND SERVICES;BR;2,8;Direto
CLI019258;LARGE ENTERPRISE;WHOLESALE TRADE;BR;45,7;Direto
CLI019268;MID MARKET;HEALTHCARE AND LIFE SCIENCES;BR;27,2;Direto
CLI019303;MID MARKET;COMMUNICATIONS, MEDIA AND SERVICES;BR;64,0;Direto
CLI019337;MID MARKET;INSURANCE;BR;58,2;Direto
CLI019338;MID MARKET;MANUFACTURING AND NATURAL RESOURCES;BR;36,6;Direto
CLI019340;MID MARKET;HEALTHCARE AND LIFE SCIENCES;BR;42,8;Direto
CLI019351;MID MARKET;MANUFACTURING AND NATURAL RESOURCES;BR;51,7;Direto
CLI019388;MID MARKET;MANUFACTURING AND NATURAL RESOURCES;BR;49,6;Direto
CLI019413;MID MARKET;MANUFACTURING AND NATURAL RESOURCES;BR;39,6;Direto
CLI019414;MID MARKET;COMMUNICATIONS, MEDIA AND SERVICES;BR;35,1;Direto
CLI019419;GLOBAL ACCOUNT;BANKING AND INVESTMENT SERVICES;BR;60,5;Direto
CLI019433;MID MARKET;MANUFACTURING AND NATURAL RESOURCES;BR;50,9;Direto
CLI019469;LARGE ENTERPRISE;BANKING AND INVESTMENT SERVICES;BR;3,0;Direto
CLI019476;SMALL MARKET;COMMUNICATIONS, MEDIA AND SERVICES;BR;29,8;Direto
CLI019498;STRATEGIC ACCOUNT;HEALTHCARE AND LIFE SCIENCES;BR;52,9;Direto
CLI019515;MID MARKET;EDUCATION;BR;65,5;Direto
CLI019523;MID MARKET;RETAIL;BR;63,2;Direto
CLI019566;MID MARKET;COMMUNICATIONS, MEDIA AND SERVICES;BR;60,6;Direto
CLI019593;MID MARKET;COMMUNICATIONS, MEDIA AND SERVICES;BR;62,2;Direto
CLI019606;MID MARKET;COMMUNICATIONS, MEDIA AND SERVICES;BR;31,2;Direto
CLI019622;LARGE ENTERPRISE;RETAIL;BR;56,2;Direto
CLI019645;LARGE ENTERPRISE;MANUFACTURING AND NATURAL RESOURCES;BR;53,8;Direto
CLI019648;MID MARKET;COMMUNICATIONS, MEDIA AND SERVICES;BR;60,6;Direto
CLI019654;LARGE ENTERPRISE;COMMUNICATIONS, MEDIA AND SERVICES;BR;32,1;Direto
CLI019676;LARGE ENTERPRISE;INSURANCE;BR;44,5;Direto
CLI019718;MID MARKET;COMMUNICATIONS, MEDIA AND SERVICES;BR;49,7;Direto
CLI019723;GLOBAL ACCOUNT;MANUFACTURING AND NATURAL RESOURCES;BR;48,4;Direto
CLI019737;MID MARKET;COMMUNICATIONS, MEDIA AND SERVICES;BR;64,4;Direto
CLI019742;MID MARKET;COMMUNICATIONS, MEDIA AND SERVICES;BR;43,6;Direto
CLI019745;MID MARKET;RETAIL;BR;19,5;Direto
CLI019749;MID MARKET;COMMUNICATIONS, MEDIA AND SERVICES;BR;23,1;Direto
CLI019771;MID MARKET;BANKING AND INVESTMENT SERVICES;BR;48,3;Direto
CLI019784;LARGE ENTERPRISE;MANUFACTURING AND NATURAL RESOURCES;BR;38,4;Direto
CLI019790;MID MARKET;RETAIL;BR;59,5;Direto
CLI019796;MID MARKET;MANUFACTURING AND NATURAL RESOURCES;BR;37,9;Direto
CLI019813;MID MARKET;COMMUNICATIONS, MEDIA AND SERVICES;BR;59,5;Direto
CLI019816;MID MARKET;MANUFACTURING AND NATURAL RESOURCES;BR;15,8;Direto
CLI019827;SMALL MARKET;INSURANCE;BR;47,1;Direto
CLI019859;MID MARKET;WHOLESALE TRADE;BR;37,6;Direto
CLI019885;MID MARKET;WHOLESALE TRADE;BR;59,1;Direto
CLI019897;MID MARKET;EDUCATION;BR;53,9;Direto
CLI019909;MID MARKET;MANUFACTURING AND NATURAL RESOURCES;BR;37,5;Direto
CLI019923;MID MARKET;EDUCATION;BR;60,1;Direto
CLI019930;MID MARKET;RETAIL;BR;49,7;Direto
CLI019937;MID MARKET;COMMUNICATIONS, MEDIA AND SERVICES;BR;34,2;Direto
CLI019948;MID MARKET;RETAIL;BR;55,7;Direto
CLI019956;MID MARKET;RETAIL;BR;52,7;Direto
CLI019976;MID MARKET;BANKING AND INVESTMENT SERVICES;BR;65,1;Direto
CLI019979;MID MARKET;COMMUNICATIONS, MEDIA AND SERVICES;BR;35,5;Direto
CLI019998;MID MARKET;COMMUNICATIONS, MEDIA AND SERVICES;BR;48,7;Direto
CLI020011;LARGE ENTERPRISE;COMMUNICATIONS, MEDIA AND SERVICES;BR;40,8;Direto
CLI020014;MID MARKET;COMMUNICATIONS, MEDIA AND SERVICES;BR;63,7;Direto
CLI020015;MID MARKET;COMMUNICATIONS, MEDIA AND SERVICES;BR;65,6;Direto
CLI020019;MID MARKET;EDUCATION;BR;54,3;Direto
CLI020041;MID MARKET;MANUFACTURING AND NATURAL RESOURCES;BR;32,5;Direto
CLI020064;MID MARKET;EDUCATION;BR;57,9;Direto
CLI020072;SMALL MARKET;COMMUNICATIONS, MEDIA AND SERVICES;BR;17,4;Direto
CLI020077;MID MARKET;COMMUNICATIONS, MEDIA AND SERVICES;BR;65,5;Direto
CLI020086;LARGE ENTERPRISE;MANUFACTURING AND NATURAL RESOURCES;BR;64,3;Direto
CLI020107;MID MARKET;COMMUNICATIONS, MEDIA AND SERVICES;BR;42,4;Direto
CLI020135;MID MARKET;INSURANCE;BR;54,1;Direto
CLI020139;MID MARKET;TRANSPORTATION;BR;35,7;Direto
CLI020143;MID MARKET;COMMUNICATIONS, MEDIA AND SERVICES;BR;40,6;Direto
CLI020151;MID MARKET;COMMUNICATIONS, MEDIA AND SERVICES;BR;50,3;Direto
CLI020152;MID MARKET;COMMUNICATIONS, MEDIA AND SERVICES;BR;45,1;Direto
CLI020170;GLOBAL ACCOUNT;COMMUNICATIONS, MEDIA AND SERVICES;BR;48,4;Direto
CLI020177;MID MARKET;COMMUNICATIONS, MEDIA AND SERVICES;BR;10,0;Direto
CLI020197;LARGE ENTERPRISE;BANKING AND INVESTMENT SERVICES;BR;47,3;Direto
CLI020215;MID MARKET;BANKING AND INVESTMENT SERVICES;BR;63,5;Direto
CLI020218;SMALL MARKET;RETAIL;BR;45,8;Direto
CLI020223;MID MARKET;COMMUNICATIONS, MEDIA AND SERVICES;BR;48,8;Direto
CLI020234;MID MARKET;COMMUNICATIONS, MEDIA AND SERVICES;BR;51,2;Direto
CLI020257;MID MARKET;COMMUNICATIONS, MEDIA AND SERVICES;BR;58,2;Direto
CLI020270;MID MARKET;COMMUNICATIONS, MEDIA AND SERVICES;BR;50,4;Direto
CLI020276;MID MARKET;COMMUNICATIONS, MEDIA AND SERVICES;BR;49,7;Direto
CLI020279;MID MARKET;WHOLESALE TRADE;BR;40,3;Direto
CLI020283;LARGE ENTERPRISE;COMMUNICATIONS, MEDIA AND SERVICES;BR;35,7;Direto
CLI020289;MID MARKET;WHOLESALE TRADE;BR;39,4;Direto
CLI020298;MID MARKET;WHOLESALE TRADE;BR;53,4;Direto
CLI020300;MID MARKET;COMMUNICATIONS, MEDIA AND SERVICES;BR;60,1;Direto
CLI020307;MID MARKET;MANUFACTURING AND NATURAL RESOURCES;BR;44,3;Direto
CLI020308;SMALL MARKET;RETAIL;BR;33,0;Direto
CLI020320;MID MARKET;COMMUNICATIONS, MEDIA AND SERVICES;BR;3,4;Direto
CLI020333;LARGE ENTERPRISE;WHOLESALE TRADE;BR;58,1;Direto
CLI020334;LARGE ENTERPRISE;COMMUNICATIONS, MEDIA AND SERVICES;BR;63,8;Direto
CLI020339;MID MARKET;MANUFACTURING AND NATURAL RESOURCES;BR;63,3;Direto
CLI020348;LARGE ENTERPRISE;WHOLESALE TRADE;BR;64,2;Direto
CLI020365;MID MARKET;COMMUNICATIONS, MEDIA AND SERVICES;BR;36,9;Direto
CLI020367;LARGE ENTERPRISE;TRANSPORTATION;BR;0,3;Direto
CLI020369;MID MARKET;COMMUNICATIONS, MEDIA AND SERVICES;BR;39,6;Direto
CLI020385;LARGE ENTERPRISE;RETAIL;BR;0,4;Direto
CLI020401;MID MARKET;BANKING AND INVESTMENT SERVICES;BR;62,9;Direto
CLI020402;MID MARKET;MANUFACTURING AND NATURAL RESOURCES;BR;46,4;Direto
CLI020414;MID MARKET;COMMUNICATIONS, MEDIA AND SERVICES;BR;32,5;Direto
CLI020420;MID MARKET;INSURANCE;BR;49,0;Direto
CLI020421;MID MARKET;EDUCATION;BR;53,8;Direto
CLI020428;MID MARKET;WHOLESALE TRADE;BR;52,1;Direto
CLI020433;MID MARKET;COMMUNICATIONS, MEDIA AND SERVICES;BR;4,1;Direto
CLI020444;MID MARKET;COMMUNICATIONS, MEDIA AND SERVICES;BR;64,1;Direto
CLI020450;LARGE ENTERPRISE;WHOLESALE TRADE;BR;46,6;Direto
CLI020451;PUBLIC SECTOR;EDUCATION;BR;64,5;Direto
CLI020480;MID MARKET;MANUFACTURING AND NATURAL RESOURCES;BR;65,3;Direto
CLI020493;MID MARKET;BANKING AND INVESTMENT SERVICES;BR;52,9;Direto
CLI020494;MID MARKET;BANKING AND INVESTMENT SERVICES;BR;52,9;Direto
CLI020506;MID MARKET;COMMUNICATIONS, MEDIA AND SERVICES;BR;49,9;Direto
CLI020516;MID MARKET;COMMUNICATIONS, MEDIA AND SERVICES;BR;43,3;Direto
CLI020530;MID MARKET;WHOLESALE TRADE;BR;40,0;Direto
CLI020548;STRATEGIC ACCOUNT;TRANSPORTATION;BR;43,7;Direto
CLI020561;MID MARKET;POWER AND UTILITIES;BR;62,5;Direto
CLI020564;MID MARKET;COMMUNICATIONS, MEDIA AND SERVICES;BR;50,5;Direto
CLI020565;MID MARKET;COMMUNICATIONS, MEDIA AND SERVICES;BR;65,1;Direto
CLI020578;MID MARKET;MANUFACTURING AND NATURAL RESOURCES;BR;1,1;Direto
CLI020594;MID MARKET;INSURANCE;BR;32,8;Direto
CLI020597;PUBLIC SECTOR;EDUCATION;BR;60,6;Direto
CLI020601;MID MARKET;INSURANCE;BR;65,7;Direto
CLI020605;MID MARKET;COMMUNICATIONS, MEDIA AND SERVICES;BR;64,5;Direto
CLI020609;GLOBAL ACCOUNT;COMMUNICATIONS, MEDIA AND SERVICES;BR;56,2;Direto
CLI020627;STRATEGIC ACCOUNT;TRANSPORTATION;BR;63,8;Direto
CLI020647;LARGE ENTERPRISE;BANKING AND INVESTMENT SERVICES;BR;38,4;Direto
CLI020648;MID MARKET;RETAIL;BR;37,6;Direto
CLI020673;MID MARKET;COMMUNICATIONS, MEDIA AND SERVICES;BR;45,6;Direto
CLI020686;MID MARKET;WHOLESALE TRADE;BR;59,4;Direto
CLI020693;MID MARKET;COMMUNICATIONS, MEDIA AND SERVICES;BR;51,7;Direto
CLI020731;MID MARKET;RETAIL;BR;64,8;Direto
CLI020739;MID MARKET;MANUFACTURING AND NATURAL RESOURCES;BR;45,2;Direto
CLI020745;MID MARKET;HEALTHCARE AND LIFE SCIENCES;BR;61,6;Direto
CLI020750;MID MARKET;COMMUNICATIONS, MEDIA AND SERVICES;BR;64,3;Direto
CLI020761;MID MARKET;COMMUNICATIONS, MEDIA AND SERVICES;BR;42,0;Direto
CLI020763;MID MARKET;WHOLESALE TRADE;BR;49,7;Direto
CLI020769;LARGE ENTERPRISE;MANUFACTURING AND NATURAL RESOURCES;BR;63,3;Direto
CLI020770;SMALL MARKET;TRANSPORTATION;BR;63,7;Direto
CLI020791;MID MARKET;COMMUNICATIONS, MEDIA AND SERVICES;BR;63,6;Direto
CLI020822;SMALL MARKET;INSURANCE;BR;63,5;Direto
CLI020824;MID MARKET;WHOLESALE TRADE;BR;48,8;Direto
CLI020835;MID MARKET;WHOLESALE TRADE;BR;38,4;Direto
CLI020857;MID MARKET;COMMUNICATIONS, MEDIA AND SERVICES;BR;49,6;Direto
CLI020859;MID MARKET;COMMUNICATIONS, MEDIA AND SERVICES;BR;63,3;Direto
CLI020863;LARGE ENTERPRISE;TRANSPORTATION;BR;48,5;Direto
CLI020877;MID MARKET;COMMUNICATIONS, MEDIA AND SERVICES;BR;40,0;Direto
CLI020883;MID MARKET;WHOLESALE TRADE;BR;57,8;Direto
CLI020927;MID MARKET;COMMUNICATIONS, MEDIA AND SERVICES;BR;63,4;Direto
CLI020983;MID MARKET;COMMUNICATIONS, MEDIA AND SERVICES;BR;31,0;Direto
CLI020997;MID MARKET;COMMUNICATIONS, MEDIA AND SERVICES;BR;62,5;Direto
CLI021000;LARGE ENTERPRISE;MANUFACTURING AND NATURAL RESOURCES;BR;41,4;Direto
CLI021003;MID MARKET;COMMUNICATIONS, MEDIA AND SERVICES;BR;18,2;Direto
CLI021027;MID MARKET;BANKING AND INVESTMENT SERVICES;BR;28,1;Direto
CLI021035;MID MARKET;MANUFACTURING AND NATURAL RESOURCES;BR;61,8;Direto
CLI021054;MID MARKET;WHOLESALE TRADE;BR;41,8;Direto
CLI021062;MID MARKET;COMMUNICATIONS, MEDIA AND SERVICES;BR;48,9;Direto
CLI021064;MID MARKET;INSURANCE;BR;48,7;Direto
CLI021076;MID MARKET;POWER AND UTILITIES;BR;44,7;Direto
CLI021078;MID MARKET;WHOLESALE TRADE;BR;40,3;Direto
CLI021088;MID MARKET;COMMUNICATIONS, MEDIA AND SERVICES;BR;62,7;Direto
CLI021098;MID MARKET;RETAIL;BR;62,5;Direto
CLI021108;MID MARKET;EDUCATION;BR;62,2;Direto
CLI021131;MID MARKET;RETAIL;BR;48,1;Direto
CLI021163;MID MARKET;WHOLESALE TRADE;BR;41,5;Direto
CLI021165;MID MARKET;MANUFACTURING AND NATURAL RESOURCES;BR;52,4;Direto
CLI021184;MID MARKET;COMMUNICATIONS, MEDIA AND SERVICES;BR;51,7;Direto
CLI021190;MID MARKET;COMMUNICATIONS, MEDIA AND SERVICES;BR;58,6;Direto
CLI021210;MID MARKET;COMMUNICATIONS, MEDIA AND SERVICES;BR;61,3;Direto
CLI021220;LARGE ENTERPRISE;MANUFACTURING AND NATURAL RESOURCES;BR;4,9;Direto
CLI021222;MID MARKET;MANUFACTURING AND NATURAL RESOURCES;BR;61,6;Direto
CLI021238;MID MARKET;COMMUNICATIONS, MEDIA AND SERVICES;BR;33,7;Direto
CLI021248;MID MARKET;COMMUNICATIONS, MEDIA AND SERVICES;BR;61,8;Direto
CLI021259;PUBLIC SECTOR;GOVERNMENT;BR;48,1;Direto
CLI021280;MID MARKET;MANUFACTURING AND NATURAL RESOURCES;BR;47,3;Direto
CLI021292;MID MARKET;WHOLESALE TRADE;BR;60,6;Direto
CLI021297;MID MARKET;TRANSPORTATION;BR;49,7;Direto
CLI021302;MID MARKET;COMMUNICATIONS, MEDIA AND SERVICES;BR;59,7;Direto
CLI021312;SMALL MARKET;COMMUNICATIONS, MEDIA AND SERVICES;BR;29,9;Direto
CLI021329;MID MARKET;INSURANCE;BR;50,1;Direto
CLI021361;MID MARKET;COMMUNICATIONS, MEDIA AND SERVICES;BR;31,9;Direto
CLI021364;MID MARKET;BANKING AND INVESTMENT SERVICES;BR;61,5;Direto
CLI021371;MID MARKET;COMMUNICATIONS, MEDIA AND SERVICES;BR;4,8;Direto
CLI021384;PUBLIC SECTOR;EDUCATION;BR;53,2;Direto
CLI021394;LARGE ENTERPRISE;MANUFACTURING AND NATURAL RESOURCES;BR;61,0;Direto
CLI021398;MID MARKET;COMMUNICATIONS, MEDIA AND SERVICES;BR;40,1;Direto
CLI021403;LARGE ENTERPRISE;COMMUNICATIONS, MEDIA AND SERVICES;BR;52,5;Direto
CLI021404;MID MARKET;MANUFACTURING AND NATURAL RESOURCES;BR;40,7;Direto
CLI021446;MID MARKET;INSURANCE;BR;34,4;Direto
CLI021454;MID MARKET;INSURANCE;BR;61,1;Direto
CLI021463;LARGE ENTERPRISE;COMMUNICATIONS, MEDIA AND SERVICES;BR;37,1;Direto
CLI021477;LARGE ENTERPRISE;COMMUNICATIONS, MEDIA AND SERVICES;BR;32,3;Direto
CLI021506;MID MARKET;COMMUNICATIONS, MEDIA AND SERVICES;BR;60,4;Direto
CLI021518;MID MARKET;MANUFACTURING AND NATURAL RESOURCES;BR;46,8;Direto
CLI021523;MID MARKET;MANUFACTURING AND NATURAL RESOURCES;BR;41,5;Direto
CLI021542;MID MARKET;COMMUNICATIONS, MEDIA AND SERVICES;BR;43,0;Direto
CLI021561;MID MARKET;RETAIL;BR;60,3;Direto
CLI021570;MID MARKET;EDUCATION;BR;39,0;Direto
CLI021589;MID MARKET;COMMUNICATIONS, MEDIA AND SERVICES;BR;39,8;Direto
CLI021608;SMALL MARKET;RETAIL;BR;58,2;Direto
CLI021622;MID MARKET;TRANSPORTATION;BR;33,2;Direto
CLI021629;MID MARKET;COMMUNICATIONS, MEDIA AND SERVICES;BR;45,4;Direto
CLI021647;MID MARKET;RETAIL;BR;60,3;Direto
CLI021650;MID MARKET;COMMUNICATIONS, MEDIA AND SERVICES;BR;42,9;Direto
CLI021676;MID MARKET;WHOLESALE TRADE;BR;43,2;Direto
CLI021688;SMALL MARKET;WHOLESALE TRADE;BR;18,0;Direto
CLI021705;LARGE ENTERPRISE;RETAIL;BR;60,1;Direto
CLI021707;SMALL MARKET;MANUFACTURING AND NATURAL RESOURCES;BR;43,3;Direto
CLI021716;MID MARKET;EDUCATION;BR;41,5;Direto
CLI021772;MID MARKET;MANUFACTURING AND NATURAL RESOURCES;BR;3,6;Direto
CLI021775;SMALL MARKET;COMMUNICATIONS, MEDIA AND SERVICES;BR;59,0;Direto
CLI021789;MID MARKET;COMMUNICATIONS, MEDIA AND SERVICES;BR;54,8;Direto
CLI021795;MID MARKET;MANUFACTURING AND NATURAL RESOURCES;BR;50,8;Direto
CLI021824;MID MARKET;COMMUNICATIONS, MEDIA AND SERVICES;BR;30,7;Direto
CLI021836;MID MARKET;COMMUNICATIONS, MEDIA AND SERVICES;BR;51,4;Direto
CLI021848;MID MARKET;COMMUNICATIONS, MEDIA AND SERVICES;BR;7,4;Direto
CLI021849;MID MARKET;RETAIL;BR;49,2;Direto
CLI021860;MID MARKET;COMMUNICATIONS, MEDIA AND SERVICES;BR;57,6;Direto
CLI021873;MID MARKET;MANUFACTURING AND NATURAL RESOURCES;BR;33,3;Direto
CLI021893;MID MARKET;COMMUNICATIONS, MEDIA AND SERVICES;BR;53,8;Direto
CLI021896;MID MARKET;MANUFACTURING AND NATURAL RESOURCES;BR;41,8;Direto
CLI021923;MID MARKET;RETAIL;BR;37,5;Direto
CLI021924;MID MARKET;HEALTHCARE AND LIFE SCIENCES;BR;57,1;Direto
CLI021925;MID MARKET;MANUFACTURING AND NATURAL RESOURCES;BR;32,9;Direto
CLI021926;MID MARKET;WHOLESALE TRADE;BR;9,3;Direto
CLI021960;MID MARKET;WHOLESALE TRADE;BR;52,4;Direto
CLI021965;MID MARKET;HEALTHCARE AND LIFE SCIENCES;BR;48,3;Direto
CLI022008;MID MARKET;COMMUNICATIONS, MEDIA AND SERVICES;BR;53,6;Direto
CLI022022;MID MARKET;EDUCATION;BR;40,8;Direto
CLI022026;MID MARKET;COMMUNICATIONS, MEDIA AND SERVICES;BR;31,8;Direto
CLI022043;MID MARKET;MANUFACTURING AND NATURAL RESOURCES;BR;37,2;Direto
CLI022052;MID MARKET;RETAIL;BR;41,0;Direto
CLI022067;MID MARKET;COMMUNICATIONS, MEDIA AND SERVICES;BR;46,2;Direto
CLI022080;MID MARKET;COMMUNICATIONS, MEDIA AND SERVICES;BR;58,3;Direto
CLI022118;MID MARKET;COMMUNICATIONS, MEDIA AND SERVICES;BR;41,4;Direto
CLI022124;MID MARKET;COMMUNICATIONS, MEDIA AND SERVICES;BR;58,4;Direto
CLI022129;MID MARKET;COMMUNICATIONS, MEDIA AND SERVICES;BR;58,2;Direto
CLI022137;MID MARKET;BANKING AND INVESTMENT SERVICES;BR;48,6;Direto
CLI022150;MID MARKET;COMMUNICATIONS, MEDIA AND SERVICES;BR;31,9;Direto
CLI022174;MID MARKET;COMMUNICATIONS, MEDIA AND SERVICES;BR;53,7;Direto
CLI022236;MID MARKET;MANUFACTURING AND NATURAL RESOURCES;BR;35,7;Direto
CLI022243;MID MARKET;COMMUNICATIONS, MEDIA AND SERVICES;BR;40,5;Direto
CLI022269;MID MARKET;COMMUNICATIONS, MEDIA AND SERVICES;BR;2,9;Direto
CLI022276;MID MARKET;COMMUNICATIONS, MEDIA AND SERVICES;BR;49,6;Direto
CLI022277;MID MARKET;BANKING AND INVESTMENT SERVICES;BR;41,5;Direto
CLI022278;MID MARKET;OIL AND GAS;BR;41,8;Direto
CLI022282;MID MARKET;INSURANCE;BR;38,4;Direto
CLI022283;MID MARKET;BANKING AND INVESTMENT SERVICES;BR;30,3;Direto
CLI022290;MID MARKET;BANKING AND INVESTMENT SERVICES;BR;51,8;Direto
CLI022294;GLOBAL ACCOUNT;RETAIL;BR;58,5;Direto
CLI022310;MID MARKET;WHOLESALE TRADE;BR;52,9;Direto
CLI022339;MID MARKET;WHOLESALE TRADE;BR;54,8;Direto
CLI022344;MID MARKET;WHOLESALE TRADE;BR;33,7;Direto
CLI022389;MID MARKET;WHOLESALE TRADE;BR;33,9;Direto
CLI022394;MID MARKET;COMMUNICATIONS, MEDIA AND SERVICES;BR;53,8;Direto
CLI022398;MID MARKET;HEALTHCARE AND LIFE SCIENCES;BR;16,9;Direto
CLI022399;LARGE ENTERPRISE;MANUFACTURING AND NATURAL RESOURCES;BR;38,7;Direto
CLI022415;MID MARKET;COMMUNICATIONS, MEDIA AND SERVICES;BR;11,6;Direto
CLI022429;MID MARKET;TRANSPORTATION;BR;53,7;Direto
CLI022430;SMALL MARKET;COMMUNICATIONS, MEDIA AND SERVICES;BR;57,0;Direto
CLI022471;MID MARKET;COMMUNICATIONS, MEDIA AND SERVICES;BR;49,8;Direto
CLI022475;MID MARKET;RETAIL;BR;50,1;Direto
CLI022493;MID MARKET;COMMUNICATIONS, MEDIA AND SERVICES;BR;12,7;Direto
CLI022503;MID MARKET;COMMUNICATIONS, MEDIA AND SERVICES;BR;39,8;Direto
CLI022519;MID MARKET;COMMUNICATIONS, MEDIA AND SERVICES;BR;5,5;Direto
CLI022529;MID MARKET;BANKING AND INVESTMENT SERVICES;BR;57,5;Direto
CLI022540;MID MARKET;COMMUNICATIONS, MEDIA AND SERVICES;BR;37,6;Direto
CLI022554;SMALL MARKET;COMMUNICATIONS, MEDIA AND SERVICES;BR;48,5;Direto
CLI022601;SMALL MARKET;COMMUNICATIONS, MEDIA AND SERVICES;BR;53,6;Direto
CLI022608;MID MARKET;HEALTHCARE AND LIFE SCIENCES;BR;47,0;Direto
CLI022610;MID MARKET;COMMUNICATIONS, MEDIA AND SERVICES;BR;50,1;Direto
CLI022614;MID MARKET;COMMUNICATIONS, MEDIA AND SERVICES;BR;50,8;Direto
CLI022617;MID MARKET;RETAIL;BR;57,3;Direto
CLI022645;MID MARKET;TRANSPORTATION;BR;50,1;Direto
CLI022663;MID MARKET;COMMUNICATIONS, MEDIA AND SERVICES;BR;48,7;Direto
CLI022679;MID MARKET;MANUFACTURING AND NATURAL RESOURCES;BR;35,8;Direto
CLI022699;MID MARKET;COMMUNICATIONS, MEDIA AND SERVICES;BR;55,5;Direto
CLI022714;MID MARKET;MANUFACTURING AND NATURAL RESOURCES;BR;54,3;Direto
CLI022720;MID MARKET;MANUFACTURING AND NATURAL RESOURCES;BR;52,9;Direto
CLI022768;MID MARKET;MANUFACTURING AND NATURAL RESOURCES;BR;56,0;Direto
CLI022791;MID MARKET;COMMUNICATIONS, MEDIA AND SERVICES;BR;38,8;Direto
CLI022801;MID MARKET;TRANSPORTATION;BR;51,0;Direto
CLI022805;MID MARKET;TRANSPORTATION;BR;33,9;Direto
CLI022807;MID MARKET;TRANSPORTATION;BR;47,2;Direto
CLI022811;MID MARKET;COMMUNICATIONS, MEDIA AND SERVICES;BR;43,5;Direto
CLI022820;MID MARKET;WHOLESALE TRADE;BR;41,5;Direto
CLI022853;MID MARKET;COMMUNICATIONS, MEDIA AND SERVICES;BR;50,1;Direto
CLI022860;MID MARKET;COMMUNICATIONS, MEDIA AND SERVICES;BR;51,4;Direto
CLI022883;MID MARKET;MANUFACTURING AND NATURAL RESOURCES;BR;52,7;Direto
CLI022884;LARGE ENTERPRISE;COMMUNICATIONS, MEDIA AND SERVICES;BR;53,8;Direto
CLI022904;MID MARKET;COMMUNICATIONS, MEDIA AND SERVICES;BR;51,7;Direto
CLI022937;LARGE ENTERPRISE;COMMUNICATIONS, MEDIA AND SERVICES;BR;38,4;Direto
CLI022951;MID MARKET;COMMUNICATIONS, MEDIA AND SERVICES;BR;42,1;Direto
CLI022972;MID MARKET;MANUFACTURING AND NATURAL RESOURCES;BR;39,8;Direto
CLI022994;SMALL MARKET;COMMUNICATIONS, MEDIA AND SERVICES;BR;39,8;Direto
CLI023026;MID MARKET;COMMUNICATIONS, MEDIA AND SERVICES;BR;38,5;Direto
CLI023037;MID MARKET;WHOLESALE TRADE;BR;41,7;Direto
CLI023059;MID MARKET;EDUCATION;BR;55,0;Direto
CLI023084;MID MARKET;COMMUNICATIONS, MEDIA AND SERVICES;BR;54,1;Direto
CLI023102;SMALL MARKET;COMMUNICATIONS, MEDIA AND SERVICES;BR;46,4;Direto
CLI023106;MID MARKET;MANUFACTURING AND NATURAL RESOURCES;BR;40,2;Direto
CLI023123;MID MARKET;RETAIL;BR;53,5;Direto
CLI023141;MID MARKET;WHOLESALE TRADE;BR;53,7;Direto
CLI023152;MID MARKET;MANUFACTURING AND NATURAL RESOURCES;BR;42,0;Direto
CLI023156;MID MARKET;HEALTHCARE AND LIFE SCIENCES;BR;40,7;Direto
CLI023167;MID MARKET;COMMUNICATIONS, MEDIA AND SERVICES;BR;36,5;Direto
CLI023174;MID MARKET;INSURANCE;BR;49,6;Direto
CLI023205;MID MARKET;BANKING AND INVESTMENT SERVICES;BR;42,6;Direto
CLI023224;SMALL MARKET;MANUFACTURING AND NATURAL RESOURCES;BR;52,9;Direto
CLI023228;MID MARKET;EDUCATION;BR;53,8;Direto
CLI023229;MID MARKET;COMMUNICATIONS, MEDIA AND SERVICES;BR;8,8;Direto
CLI023231;MID MARKET;HEALTHCARE AND LIFE SCIENCES;BR;38,5;Direto
CLI023235;MID MARKET;MANUFACTURING AND NATURAL RESOURCES;BR;42,3;Direto
CLI023236;MID MARKET;COMMUNICATIONS, MEDIA AND SERVICES;BR;54,0;Direto
CLI023243;MID MARKET;EDUCATION;BR;37,8;Direto
CLI023256;MID MARKET;COMMUNICATIONS, MEDIA AND SERVICES;BR;32,5;Direto
CLI023278;MID MARKET;MANUFACTURING AND NATURAL RESOURCES;BR;40,6;Direto
CLI023285;MID MARKET;COMMUNICATIONS, MEDIA AND SERVICES;BR;42,1;Direto
CLI023288;SMALL MARKET;COMMUNICATIONS, MEDIA AND SERVICES;BR;53,5;Direto
CLI023347;MID MARKET;TRANSPORTATION;BR;32,3;Direto
CLI023375;LARGE ENTERPRISE;RETAIL;BR;49,2;Direto
CLI023378;MID MARKET;COMMUNICATIONS, MEDIA AND SERVICES;BR;54,0;Direto
CLI023402;MID MARKET;MANUFACTURING AND NATURAL RESOURCES;BR;20,8;Direto
CLI023412;MID MARKET;BANKING AND INVESTMENT SERVICES;BR;18,3;Direto
CLI023420;MID MARKET;COMMUNICATIONS, MEDIA AND SERVICES;BR;52,7;Direto
CLI023436;MID MARKET;COMMUNICATIONS, MEDIA AND SERVICES;BR;1,9;Direto
CLI023437;MID MARKET;MANUFACTURING AND NATURAL RESOURCES;BR;37,9;Direto
CLI023454;MID MARKET;COMMUNICATIONS, MEDIA AND SERVICES;BR;35,4;Direto
CLI023462;MID MARKET;BANKING AND INVESTMENT SERVICES;BR;8,5;Direto
CLI023469;MID MARKET;MANUFACTURING AND NATURAL RESOURCES;BR;41,4;Direto
CLI023470;MID MARKET;MANUFACTURING AND NATURAL RESOURCES;BR;41,4;Direto
CLI023477;MID MARKET;TRANSPORTATION;BR;34,2;Direto
CLI023481;MID MARKET;COMMUNICATIONS, MEDIA AND SERVICES;BR;3,7;Direto
CLI023526;LARGE ENTERPRISE;MANUFACTURING AND NATURAL RESOURCES;BR;38,1;Direto
CLI023540;MID MARKET;TRANSPORTATION;BR;24,0;Direto
CLI023587;MID MARKET;WHOLESALE TRADE;BR;53,9;Direto
CLI023590;MID MARKET;COMMUNICATIONS, MEDIA AND SERVICES;BR;54,1;Direto
CLI023615;MID MARKET;COMMUNICATIONS, MEDIA AND SERVICES;BR;51,5;Direto
CLI023626;LARGE ENTERPRISE;MANUFACTURING AND NATURAL RESOURCES;BR;2,2;Direto
CLI023635;MID MARKET;COMMUNICATIONS, MEDIA AND SERVICES;BR;53,2;Direto
CLI023657;MID MARKET;COMMUNICATIONS, MEDIA AND SERVICES;BR;52,9;Direto
CLI023684;MID MARKET;EDUCATION;BR;51,4;Direto
CLI023701;MID MARKET;WHOLESALE TRADE;BR;52,0;Direto
CLI023718;MID MARKET;BANKING AND INVESTMENT SERVICES;BR;46,7;Direto
CLI023722;MID MARKET;WHOLESALE TRADE;BR;53,6;Direto
CLI023726;MID MARKET;EDUCATION;BR;2,9;Direto
CLI023740;SMALL MARKET;COMMUNICATIONS, MEDIA AND SERVICES;BR;52,9;Direto
CLI023742;MID MARKET;COMMUNICATIONS, MEDIA AND SERVICES;BR;49,9;Direto
CLI023762;SMALL MARKET;COMMUNICATIONS, MEDIA AND SERVICES;BR;53,0;Direto
CLI023773;SMALL MARKET;COMMUNICATIONS, MEDIA AND SERVICES;BR;51,5;Direto
CLI023778;MID MARKET;WHOLESALE TRADE;BR;45,4;Direto
CLI023795;MID MARKET;COMMUNICATIONS, MEDIA AND SERVICES;BR;37,1;Direto
CLI023802;MID MARKET;WHOLESALE TRADE;BR;50,5;Direto
CLI023807;MID MARKET;MANUFACTURING AND NATURAL RESOURCES;BR;33,0;Direto
CLI023835;MID MARKET;WHOLESALE TRADE;BR;51,7;Direto
CLI023879;MID MARKET;RETAIL;BR;49,6;Direto
CLI023909;MID MARKET;COMMUNICATIONS, MEDIA AND SERVICES;BR;42,4;Direto
CLI023919;MID MARKET;COMMUNICATIONS, MEDIA AND SERVICES;BR;52,4;Direto
CLI023925;MID MARKET;COMMUNICATIONS, MEDIA AND SERVICES;BR;52,7;Direto
CLI023954;MID MARKET;COMMUNICATIONS, MEDIA AND SERVICES;BR;51,7;Direto
CLI023959;MID MARKET;WHOLESALE TRADE;BR;51,6;Direto
CLI023973;MID MARKET;WHOLESALE TRADE;BR;52,9;Direto
CLI023978;MID MARKET;COMMUNICATIONS, MEDIA AND SERVICES;BR;4,5;Direto
CLI023989;MID MARKET;COMMUNICATIONS, MEDIA AND SERVICES;BR;52,7;Direto
CLI024002;LARGE ENTERPRISE;RETAIL;BR;40,1;Direto
CLI024039;MID MARKET;COMMUNICATIONS, MEDIA AND SERVICES;BR;51,2;Direto
CLI024074;MID MARKET;COMMUNICATIONS, MEDIA AND SERVICES;BR;10,4;Direto
CLI024079;MID MARKET;COMMUNICATIONS, MEDIA AND SERVICES;BR;26,4;Direto
CLI024083;MID MARKET;COMMUNICATIONS, MEDIA AND SERVICES;BR;52,1;Direto
CLI024088;MID MARKET;RETAIL;BR;50,5;Direto
CLI024091;MID MARKET;MANUFACTURING AND NATURAL RESOURCES;BR;51,8;Direto
CLI024139;MID MARKET;COMMUNICATIONS, MEDIA AND SERVICES;BR;42,4;Direto
CLI024170;MID MARKET;MANUFACTURING AND NATURAL RESOURCES;BR;51,7;Direto
CLI024173;SMALL MARKET;COMMUNICATIONS, MEDIA AND SERVICES;BR;51,8;Direto
CLI024182;MID MARKET;COMMUNICATIONS, MEDIA AND SERVICES;BR;50,0;Direto
CLI024194;MID MARKET;COMMUNICATIONS, MEDIA AND SERVICES;BR;32,8;Direto
CLI024208;MID MARKET;MANUFACTURING AND NATURAL RESOURCES;BR;46,2;Direto
CLI024215;MID MARKET;COMMUNICATIONS, MEDIA AND SERVICES;BR;50,9;Direto
CLI024219;MID MARKET;COMMUNICATIONS, MEDIA AND SERVICES;BR;36,8;Direto
CLI024223;SMALL MARKET;COMMUNICATIONS, MEDIA AND SERVICES;BR;51,5;Direto
CLI024231;MID MARKET;MANUFACTURING AND NATURAL RESOURCES;BR;51,6;Direto
CLI024287;MID MARKET;COMMUNICATIONS, MEDIA AND SERVICES;BR;50,4;Direto
CLI024307;SMALL MARKET;COMMUNICATIONS, MEDIA AND SERVICES;BR;50,7;Direto
CLI024312;SMALL MARKET;RETAIL;BR;48,4;Direto
CLI024376;SMALL MARKET;COMMUNICATIONS, MEDIA AND SERVICES;BR;49,6;Direto
CLI024383;MID MARKET;WHOLESALE TRADE;BR;50,3;Direto
CLI024437;MID MARKET;HEALTHCARE AND LIFE SCIENCES;BR;50,5;Direto
CLI024445;MID MARKET;MANUFACTURING AND NATURAL RESOURCES;BR;49,6;Direto
CLI024447;MID MARKET;TRANSPORTATION;BR;49,5;Direto
CLI024448;MID MARKET;COMMUNICATIONS, MEDIA AND SERVICES;BR;50,3;Direto
CLI024456;MID MARKET;TRANSPORTATION;BR;50,1;Direto
CLI024459;MID MARKET;RETAIL;BR;48,8;Direto
CLI024461;MID MARKET;COMMUNICATIONS, MEDIA AND SERVICES;BR;29,5;Direto
CLI024463;MID MARKET;MANUFACTURING AND NATURAL RESOURCES;BR;49,2;Direto
CLI024469;MID MARKET;COMMUNICATIONS, MEDIA AND SERVICES;BR;29,3;Direto
CLI024478;MID MARKET;OIL AND GAS;BR;49,9;Direto
CLI024489;LARGE ENTERPRISE;RETAIL;BR;49,2;Direto
CLI024517;MID MARKET;OIL AND GAS;BR;49,9;Direto
CLI024518;MID MARKET;OIL AND GAS;BR;49,9;Direto
CLI024524;MID MARKET;COMMUNICATIONS, MEDIA AND SERVICES;BR;51,2;Direto
CLI024525;MID MARKET;TRANSPORTATION;BR;50,6;Direto
CLI024541;MID MARKET;COMMUNICATIONS, MEDIA AND SERVICES;BR;50,7;Direto
CLI024543;MID MARKET;COMMUNICATIONS, MEDIA AND SERVICES;BR;49,1;Direto
CLI024557;MID MARKET;COMMUNICATIONS, MEDIA AND SERVICES;BR;49,9;Direto
CLI024605;MID MARKET;HEALTHCARE AND LIFE SCIENCES;BR;42,8;Direto
CLI024632;LARGE ENTERPRISE;TRANSPORTATION;BR;50,3;Direto
CLI024647;MID MARKET;COMMUNICATIONS, MEDIA AND SERVICES;BR;46,2;Direto
CLI024661;MID MARKET;EDUCATION;BR;0,9;Direto
CLI024685;MID MARKET;BANKING AND INVESTMENT SERVICES;BR;50,3;Direto
CLI024687;MID MARKET;COMMUNICATIONS, MEDIA AND SERVICES;BR;40,2;Direto
CLI024713;MID MARKET;COMMUNICATIONS, MEDIA AND SERVICES;BR;3,7;Direto
CLI024754;MID MARKET;RETAIL;BR;50,5;Direto
CLI024757;MID MARKET;TRANSPORTATION;BR;50,4;Direto
CLI024784;LARGE ENTERPRISE;POWER AND UTILITIES;BR;48,4;Direto
CLI024787;MID MARKET;MANUFACTURING AND NATURAL RESOURCES;BR;50,3;Direto
CLI024848;MID MARKET;MANUFACTURING AND NATURAL RESOURCES;BR;4,7;Direto
CLI024897;MID MARKET;COMMUNICATIONS, MEDIA AND SERVICES;BR;40,1;Direto
CLI024966;SMALL MARKET;RETAIL;BR;50,4;Direto
CLI024997;MID MARKET;COMMUNICATIONS, MEDIA AND SERVICES;BR;10,0;Direto
CLI025049;MID MARKET;COMMUNICATIONS, MEDIA AND SERVICES;BR;49,8;Direto
CLI025073;MID MARKET;WHOLESALE TRADE;BR;50,1;Direto
CLI025075;MID MARKET;WHOLESALE TRADE;BR;50,4;Direto
CLI025083;MID MARKET;COMMUNICATIONS, MEDIA AND SERVICES;BR;46,4;Direto
CLI025091;MID MARKET;WHOLESALE TRADE;BR;3,7;Direto
CLI025098;MID MARKET;COMMUNICATIONS, MEDIA AND SERVICES;BR;39,3;Direto
CLI025112;MID MARKET;COMMUNICATIONS, MEDIA AND SERVICES;BR;50,3;Direto
CLI025171;MID MARKET;TRANSPORTATION;BR;45,6;Direto
CLI025172;MID MARKET;COMMUNICATIONS, MEDIA AND SERVICES;BR;50,1;Direto
CLI025176;MID MARKET;WHOLESALE TRADE;BR;50,1;Direto
CLI025226;MID MARKET;MANUFACTURING AND NATURAL RESOURCES;BR;32,5;Direto
CLI025253;MID MARKET;MANUFACTURING AND NATURAL RESOURCES;BR;49,9;Direto
CLI025277;MID MARKET;COMMUNICATIONS, MEDIA AND SERVICES;BR;39,1;Direto
CLI025283;MID MARKET;MANUFACTURING AND NATURAL RESOURCES;BR;48,2;Direto
CLI025287;MID MARKET;MANUFACTURING AND NATURAL RESOURCES;BR;44,6;Direto
CLI025290;MID MARKET;MANUFACTURING AND NATURAL RESOURCES;BR;50,4;Direto
CLI025296;MID MARKET;RETAIL;BR;49,8;Direto
CLI025333;MID MARKET;MANUFACTURING AND NATURAL RESOURCES;BR;11,2;Direto
CLI025355;MID MARKET;COMMUNICATIONS, MEDIA AND SERVICES;BR;3,0;Direto
CLI025368;MID MARKET;MANUFACTURING AND NATURAL RESOURCES;BR;3,2;Direto
CLI025369;MID MARKET;COMMUNICATIONS, MEDIA AND SERVICES;BR;50,1;Direto
CLI025386;MID MARKET;HEALTHCARE AND LIFE SCIENCES;BR;49,0;Direto
CLI025397;MID MARKET;TRANSPORTATION;BR;50,3;Direto
CLI025455;MID MARKET;WHOLESALE TRADE;BR;49,0;Direto
CLI025462;MID MARKET;EDUCATION;BR;50,2;Direto
CLI025490;MID MARKET;TRANSPORTATION;BR;42,2;Direto
CLI025513;MID MARKET;MANUFACTURING AND NATURAL RESOURCES;BR;38,2;Direto
CLI025519;MID MARKET;WHOLESALE TRADE;BR;19,0;Direto
CLI025520;PUBLIC SECTOR;EDUCATION;BR;42,6;Direto
CLI025546;MID MARKET;COMMUNICATIONS, MEDIA AND SERVICES;BR;49,7;Direto
CLI025587;SMALL MARKET;COMMUNICATIONS, MEDIA AND SERVICES;BR;12,0;Direto
CLI025643;MID MARKET;WHOLESALE TRADE;BR;49,2;Direto
CLI025644;MID MARKET;MANUFACTURING AND NATURAL RESOURCES;BR;49,0;Direto
CLI025666;GLOBAL ACCOUNT;WHOLESALE TRADE;BR;7,6;Direto
CLI025669;MID MARKET;MANUFACTURING AND NATURAL RESOURCES;BR;49,7;Direto
CLI025694;MID MARKET;MANUFACTURING AND NATURAL RESOURCES;BR;48,7;Direto
CLI025710;MID MARKET;HEALTHCARE AND LIFE SCIENCES;BR;50,1;Direto
CLI025720;MID MARKET;HEALTHCARE AND LIFE SCIENCES;BR;47,7;Direto
CLI025729;MID MARKET;RETAIL;BR;49,9;Direto
CLI025740;MID MARKET;COMMUNICATIONS, MEDIA AND SERVICES;BR;40,5;Direto
CLI025795;MID MARKET;MANUFACTURING AND NATURAL RESOURCES;BR;0,1;Direto
CLI025821;MID MARKET;COMMUNICATIONS, MEDIA AND SERVICES;BR;48,7;Direto
CLI025829;MID MARKET;RETAIL;BR;49,5;Direto
CLI025878;MID MARKET;COMMUNICATIONS, MEDIA AND SERVICES;BR;47,9;Direto
CLI025987;MID MARKET;COMMUNICATIONS, MEDIA AND SERVICES;BR;49,6;Direto
CLI026012;MID MARKET;TRANSPORTATION;BR;48,1;Direto
CLI026036;MID MARKET;COMMUNICATIONS, MEDIA AND SERVICES;BR;38,0;Direto
CLI026067;SMALL MARKET;BANKING AND INVESTMENT SERVICES;BR;49,9;Direto
CLI026132;MID MARKET;COMMUNICATIONS, MEDIA AND SERVICES;BR;48,0;Direto
CLI026140;SMALL MARKET;COMMUNICATIONS, MEDIA AND SERVICES;BR;49,7;Direto
CLI026147;MID MARKET;COMMUNICATIONS, MEDIA AND SERVICES;BR;48,6;Direto
CLI026155;MID MARKET;RETAIL;BR;4,8;Direto
CLI026176;LARGE ENTERPRISE;COMMUNICATIONS, MEDIA AND SERVICES;BR;48,3;Direto
CLI026217;MID MARKET;WHOLESALE TRADE;BR;48,2;Direto
CLI026218;MID MARKET;MANUFACTURING AND NATURAL RESOURCES;BR;48,3;Direto
CLI026265;SMALL MARKET;COMMUNICATIONS, MEDIA AND SERVICES;BR;41,1;Direto
CLI026321;STRATEGIC ACCOUNT;COMMUNICATIONS, MEDIA AND SERVICES;BR;43,3;Direto
CLI026344;MID MARKET;MANUFACTURING AND NATURAL RESOURCES;BR;12,1;Direto
CLI026381;MID MARKET;COMMUNICATIONS, MEDIA AND SERVICES;BR;40,9;Direto
CLI026419;MID MARKET;COMMUNICATIONS, MEDIA AND SERVICES;BR;49,5;Direto
CLI026457;MID MARKET;WHOLESALE TRADE;BR;48,8;Direto
CLI026523;MID MARKET;COMMUNICATIONS, MEDIA AND SERVICES;BR;48,3;Direto
CLI026560;MID MARKET;WHOLESALE TRADE;BR;38,5;Direto
CLI026601;MID MARKET;COMMUNICATIONS, MEDIA AND SERVICES;BR;46,5;Direto
CLI026606;MID MARKET;HEALTHCARE AND LIFE SCIENCES;BR;41,6;Direto
CLI026639;MID MARKET;COMMUNICATIONS, MEDIA AND SERVICES;BR;48,2;Direto
CLI026645;MID MARKET;MANUFACTURING AND NATURAL RESOURCES;BR;48,7;Direto
CLI026670;MID MARKET;COMMUNICATIONS, MEDIA AND SERVICES;BR;41,5;Direto
CLI026674;MID MARKET;COMMUNICATIONS, MEDIA AND SERVICES;BR;38,4;Direto
CLI026709;MID MARKET;MANUFACTURING AND NATURAL RESOURCES;BR;48,7;Direto
CLI026736;MID MARKET;COMMUNICATIONS, MEDIA AND SERVICES;BR;49,0;Direto
CLI026768;MID MARKET;MANUFACTURING AND NATURAL RESOURCES;BR;47,9;Direto
CLI026771;MID MARKET;COMMUNICATIONS, MEDIA AND SERVICES;BR;42,9;Direto
CLI026802;MID MARKET;TRANSPORTATION;BR;10,2;Direto
CLI026823;SMALL MARKET;COMMUNICATIONS, MEDIA AND SERVICES;BR;47,7;Direto
CLI026835;MID MARKET;OIL AND GAS;BR;47,7;Direto
CLI026841;MID MARKET;INSURANCE;BR;13,9;Direto
CLI026870;MID MARKET;MANUFACTURING AND NATURAL RESOURCES;BR;48,7;Direto
CLI026873;SMALL MARKET;COMMUNICATIONS, MEDIA AND SERVICES;BR;29,4;Direto
CLI026881;MID MARKET;RETAIL;BR;47,9;Direto
CLI026901;MID MARKET;HEALTHCARE AND LIFE SCIENCES;BR;48,0;Direto
CLI026932;MID MARKET;COMMUNICATIONS, MEDIA AND SERVICES;BR;0,6;Direto
CLI027041;MID MARKET;COMMUNICATIONS, MEDIA AND SERVICES;BR;48,5;Direto
CLI027056;MID MARKET;MANUFACTURING AND NATURAL RESOURCES;BR;39,0;Direto
CLI027060;MID MARKET;MANUFACTURING AND NATURAL RESOURCES;BR;48,5;Direto
CLI027118;MID MARKET;COMMUNICATIONS, MEDIA AND SERVICES;BR;38,5;Direto
CLI027125;MID MARKET;COMMUNICATIONS, MEDIA AND SERVICES;BR;4,1;Direto
CLI027193;MID MARKET;COMMUNICATIONS, MEDIA AND SERVICES;BR;34,0;Direto
CLI027204;SMALL MARKET;WHOLESALE TRADE;BR;48,3;Direto
CLI027236;LARGE ENTERPRISE;TRANSPORTATION;BR;33,8;Direto
CLI027240;MID MARKET;RETAIL;BR;46,4;Direto
CLI027269;GLOBAL ACCOUNT;RETAIL;BR;43,1;Direto
CLI027285;MID MARKET;COMMUNICATIONS, MEDIA AND SERVICES;BR;48,0;Direto
CLI027348;MID MARKET;COMMUNICATIONS, MEDIA AND SERVICES;BR;34,0;Direto
CLI027374;MID MARKET;COMMUNICATIONS, MEDIA AND SERVICES;BR;48,4;Direto
CLI027399;MID MARKET;COMMUNICATIONS, MEDIA AND SERVICES;BR;34,7;Direto
CLI027419;MID MARKET;EDUCATION;BR;40,3;Direto
CLI027492;MID MARKET;RETAIL;BR;47,8;Direto
CLI027521;SMALL MARKET;COMMUNICATIONS, MEDIA AND SERVICES;BR;43,5;Direto
CLI027549;MID MARKET;OIL AND GAS;BR;47,5;Direto
CLI027554;MID MARKET;MANUFACTURING AND NATURAL RESOURCES;BR;45,2;Direto
CLI027562;MID MARKET;COMMUNICATIONS, MEDIA AND SERVICES;BR;45,6;Direto
CLI027636;MID MARKET;WHOLESALE TRADE;BR;48,2;Direto
CLI027685;MID MARKET;COMMUNICATIONS, MEDIA AND SERVICES;BR;47,6;Direto
CLI027710;MID MARKET;MANUFACTURING AND NATURAL RESOURCES;BR;44,0;Direto
CLI027788;MID MARKET;MANUFACTURING AND NATURAL RESOURCES;BR;45,7;Direto
CLI027866;MID MARKET;MANUFACTURING AND NATURAL RESOURCES;BR;29,8;Direto
CLI027896;MID MARKET;COMMUNICATIONS, MEDIA AND SERVICES;BR;47,4;Direto
CLI027927;MID MARKET;TRANSPORTATION;BR;46,3;Direto
CLI027933;MID MARKET;COMMUNICATIONS, MEDIA AND SERVICES;BR;42,3;Direto
CLI028067;LARGE ENTERPRISE;COMMUNICATIONS, MEDIA AND SERVICES;BR;63,1;Direto
CLI028092;MID MARKET;COMMUNICATIONS, MEDIA AND SERVICES;BR;23,3;Direto
CLI028137;MID MARKET;COMMUNICATIONS, MEDIA AND SERVICES;BR;46,1;Direto
CLI028191;MID MARKET;WHOLESALE TRADE;BR;44,9;Direto
CLI028207;MID MARKET;RETAIL;BR;46,6;Direto
CLI028224;LARGE ENTERPRISE;COMMUNICATIONS, MEDIA AND SERVICES;BR;40,5;Direto
CLI028231;MID MARKET;COMMUNICATIONS, MEDIA AND SERVICES;BR;46,6;Direto
CLI028274;SMALL MARKET;WHOLESALE TRADE;BR;47,0;Direto
CLI028287;MID MARKET;COMMUNICATIONS, MEDIA AND SERVICES;BR;10,0;Direto
CLI028300;MID MARKET;MANUFACTURING AND NATURAL RESOURCES;BR;44,5;Direto
CLI028333;MID MARKET;WHOLESALE TRADE;BR;37,6;Direto
CLI028345;MID MARKET;RETAIL;BR;42,0;Direto
CLI028410;SMALL MARKET;WHOLESALE TRADE;BR;44,8;Direto
CLI028417;MID MARKET;BANKING AND INVESTMENT SERVICES;BR;46,4;Direto
CLI028419;MID MARKET;COMMUNICATIONS, MEDIA AND SERVICES;BR;41,6;Direto
CLI028442;LARGE ENTERPRISE;TRANSPORTATION;BR;33,0;Direto
CLI028500;MID MARKET;TRANSPORTATION;BR;40,6;Direto
CLI028522;MID MARKET;COMMUNICATIONS, MEDIA AND SERVICES;BR;33,7;Direto
CLI028529;MID MARKET;BANKING AND INVESTMENT SERVICES;BR;45,7;Direto
CLI028534;MID MARKET;COMMUNICATIONS, MEDIA AND SERVICES;BR;44,0;Direto
CLI028608;MID MARKET;EDUCATION;BR;45,3;Direto
CLI028648;MID MARKET;COMMUNICATIONS, MEDIA AND SERVICES;BR;44,0;Direto
CLI028695;MID MARKET;EDUCATION;BR;42,3;Direto
CLI028700;MID MARKET;COMMUNICATIONS, MEDIA AND SERVICES;BR;44,7;Direto
CLI028707;LARGE ENTERPRISE;MANUFACTURING AND NATURAL RESOURCES;BR;35,6;Direto
CLI028732;MID MARKET;TRANSPORTATION;BR;45,2;Direto
CLI028743;GLOBAL ACCOUNT;COMMUNICATIONS, MEDIA AND SERVICES;MX;48,4;Direto
CLI028770;SMALL MARKET;COMMUNICATIONS, MEDIA AND SERVICES;BR;44,5;Direto
CLI028772;SMALL MARKET;COMMUNICATIONS, MEDIA AND SERVICES;BR;42,6;Direto
CLI028784;SMALL MARKET;COMMUNICATIONS, MEDIA AND SERVICES;BR;44,5;Direto
CLI028800;MID MARKET;WHOLESALE TRADE;BR;40,0;Direto
CLI028825;MID MARKET;COMMUNICATIONS, MEDIA AND SERVICES;BR;45,6;Direto
CLI028850;MID MARKET;RETAIL;BR;34,2;Direto
CLI028856;MID MARKET;COMMUNICATIONS, MEDIA AND SERVICES;BR;39,2;Direto
CLI028865;PUBLIC SECTOR;EDUCATION;BR;40,6;Direto
CLI028893;MID MARKET;MANUFACTURING AND NATURAL RESOURCES;BR;39,6;Direto
CLI028972;MID MARKET;COMMUNICATIONS, MEDIA AND SERVICES;BR;38,7;Direto
CLI028981;MID MARKET;MANUFACTURING AND NATURAL RESOURCES;BR;44,7;Direto
CLI029003;MID MARKET;COMMUNICATIONS, MEDIA AND SERVICES;BR;44,7;Direto
CLI029017;LARGE ENTERPRISE;WHOLESALE TRADE;BR;38,8;Direto
CLI029028;LARGE ENTERPRISE;TRANSPORTATION;BR;33,1;Direto
CLI029076;MID MARKET;HEALTHCARE AND LIFE SCIENCES;BR;33,5;Direto
CLI029089;MID MARKET;COMMUNICATIONS, MEDIA AND SERVICES;BR;44,6;Direto
CLI029110;LARGE ENTERPRISE;MANUFACTURING AND NATURAL RESOURCES;BR;3,5;Direto
CLI029130;MID MARKET;COMMUNICATIONS, MEDIA AND SERVICES;BR;42,6;Direto
CLI029132;MID MARKET;INSURANCE;BR;44,7;Direto
CLI029151;MID MARKET;INSURANCE;BR;40,5;Direto
CLI029204;SMALL MARKET;MANUFACTURING AND NATURAL RESOURCES;BR;40,0;Direto
CLI029264;MID MARKET;INSURANCE;BR;39,4;Direto
CLI029327;MID MARKET;COMMUNICATIONS, MEDIA AND SERVICES;BR;7,9;Direto
CLI029329;MID MARKET;MANUFACTURING AND NATURAL RESOURCES;BR;43,1;Direto
CLI029350;MID MARKET;COMMUNICATIONS, MEDIA AND SERVICES;BR;44,3;Direto
CLI029376;MID MARKET;COMMUNICATIONS, MEDIA AND SERVICES;BR;41,7;Direto
CLI029377;MID MARKET;COMMUNICATIONS, MEDIA AND SERVICES;BR;38,4;Direto
CLI029420;MID MARKET;BANKING AND INVESTMENT SERVICES;BR;36,2;Direto
CLI029424;MID MARKET;COMMUNICATIONS, MEDIA AND SERVICES;BR;44,0;Direto
CLI029437;MID MARKET;WHOLESALE TRADE;BR;39,8;Direto
CLI029476;MID MARKET;COMMUNICATIONS, MEDIA AND SERVICES;BR;44,0;Direto
CLI029500;MID MARKET;MANUFACTURING AND NATURAL RESOURCES;BR;43,6;Direto
CLI029556;MID MARKET;COMMUNICATIONS, MEDIA AND SERVICES;BR;42,2;Direto
CLI029561;MID MARKET;RETAIL;BR;43,1;Direto
CLI029576;MID MARKET;COMMUNICATIONS, MEDIA AND SERVICES;BR;39,0;Direto
CLI029597;MID MARKET;TRANSPORTATION;BR;42,6;Direto
CLI029601;MID MARKET;WHOLESALE TRADE;BR;41,5;Direto
CLI029633;LARGE ENTERPRISE;COMMUNICATIONS, MEDIA AND SERVICES;BR;41,7;Direto
CLI029664;MID MARKET;EDUCATION;BR;0,9;Direto
CLI029698;SMALL MARKET;COMMUNICATIONS, MEDIA AND SERVICES;BR;35,3;Direto
CLI029707;MID MARKET;COMMUNICATIONS, MEDIA AND SERVICES;BR;43,3;Direto
CLI029730;MID MARKET;COMMUNICATIONS, MEDIA AND SERVICES;BR;43,6;Direto
CLI029746;MID MARKET;MANUFACTURING AND NATURAL RESOURCES;BR;40,1;Direto
CLI029748;MID MARKET;RETAIL;BR;43,4;Direto
CLI029754;SMALL MARKET;RETAIL;BR;43,8;Direto
CLI029755;MID MARKET;MANUFACTURING AND NATURAL RESOURCES;BR;42,9;Direto
CLI029759;LARGE ENTERPRISE;COMMUNICATIONS, MEDIA AND SERVICES;BR;40,8;Direto
CLI029788;MID MARKET;COMMUNICATIONS, MEDIA AND SERVICES;BR;42,9;Direto
CLI029806;GLOBAL ACCOUNT;WHOLESALE TRADE;BR;6,9;Direto
CLI029811;MID MARKET;HEALTHCARE AND LIFE SCIENCES;BR;42,9;Direto
CLI029856;MID MARKET;COMMUNICATIONS, MEDIA AND SERVICES;BR;42,2;Direto
CLI029874;MID MARKET;WHOLESALE TRADE;BR;32,8;Direto
CLI029929;MID MARKET;EDUCATION;BR;38,7;Direto
CLI029933;MID MARKET;COMMUNICATIONS, MEDIA AND SERVICES;BR;40,5;Direto
CLI029992;MID MARKET;RETAIL;BR;40,9;Direto
CLI030025;MID MARKET;TRANSPORTATION;BR;40,6;Direto
CLI030037;MID MARKET;COMMUNICATIONS, MEDIA AND SERVICES;BR;41,7;Direto
CLI030048;MID MARKET;MANUFACTURING AND NATURAL RESOURCES;BR;42,4;Direto
CLI030095;MID MARKET;MANUFACTURING AND NATURAL RESOURCES;BR;42,8;Direto
CLI030109;MID MARKET;MANUFACTURING AND NATURAL RESOURCES;BR;42,2;Direto
CLI030123;MID MARKET;COMMUNICATIONS, MEDIA AND SERVICES;BR;42,3;Direto
CLI030208;MID MARKET;OIL AND GAS;BR;40,0;Direto
CLI030218;MID MARKET;WHOLESALE TRADE;BR;42,0;Direto
CLI030274;MID MARKET;COMMUNICATIONS, MEDIA AND SERVICES;BR;41,4;Direto
CLI030306;MID MARKET;BANKING AND INVESTMENT SERVICES;BR;40,5;Direto
CLI030329;MID MARKET;BANKING AND INVESTMENT SERVICES;BR;39,8;Direto
CLI030355;SMALL MARKET;RETAIL;BR;41,7;Direto
CLI030367;MID MARKET;MANUFACTURING AND NATURAL RESOURCES;BR;41,0;Direto
CLI030380;GLOBAL ACCOUNT;COMMUNICATIONS, MEDIA AND SERVICES;BR;41,4;Direto
CLI030386;MID MARKET;MANUFACTURING AND NATURAL RESOURCES;BR;41,8;Direto
CLI030413;MID MARKET;COMMUNICATIONS, MEDIA AND SERVICES;BR;15,6;Direto
CLI030427;SMALL MARKET;COMMUNICATIONS, MEDIA AND SERVICES;BR;41,7;Direto
CLI030441;MID MARKET;MANUFACTURING AND NATURAL RESOURCES;BR;41,5;Direto
CLI030449;MID MARKET;COMMUNICATIONS, MEDIA AND SERVICES;BR;41,6;Direto
CLI030453;MID MARKET;COMMUNICATIONS, MEDIA AND SERVICES;BR;35,6;Direto
CLI030474;MID MARKET;RETAIL;BR;40,0;Direto
CLI030490;MID MARKET;COMMUNICATIONS, MEDIA AND SERVICES;BR;37,4;Direto
CLI030525;MID MARKET;COMMUNICATIONS, MEDIA AND SERVICES;BR;41,4;Direto
CLI030547;MID MARKET;COMMUNICATIONS, MEDIA AND SERVICES;BR;41,8;Direto
CLI030578;MID MARKET;MANUFACTURING AND NATURAL RESOURCES;BR;41,0;Direto
CLI030587;MID MARKET;MANUFACTURING AND NATURAL RESOURCES;BR;39,8;Direto
CLI030604;SMALL MARKET;COMMUNICATIONS, MEDIA AND SERVICES;BR;41,4;Direto
CLI030613;MID MARKET;COMMUNICATIONS, MEDIA AND SERVICES;BR;40,7;Direto
CLI030617;MID MARKET;INSURANCE;BR;41,2;Direto
CLI030634;MID MARKET;TRANSPORTATION;BR;40,6;Direto
CLI030645;SMALL MARKET;HEALTHCARE AND LIFE SCIENCES;BR;40,5;Direto
CLI030662;SMALL MARKET;HEALTHCARE AND LIFE SCIENCES;BR;40,5;Direto
CLI030698;MID MARKET;BANKING AND INVESTMENT SERVICES;BR;40,3;Direto
CLI030712;MID MARKET;HEALTHCARE AND LIFE SCIENCES;BR;39,6;Direto
CLI030737;MID MARKET;COMMUNICATIONS, MEDIA AND SERVICES;BR;1,4;Direto
CLI030743;MID MARKET;MANUFACTURING AND NATURAL RESOURCES;BR;41,0;Direto
CLI030746;MID MARKET;MANUFACTURING AND NATURAL RESOURCES;BR;39,7;Direto
CLI030776;MID MARKET;WHOLESALE TRADE;BR;40,6;Direto
CLI030786;MID MARKET;COMMUNICATIONS, MEDIA AND SERVICES;BR;38,7;Direto
CLI030806;MID MARKET;WHOLESALE TRADE;BR;40,6;Direto
CLI030843;MID MARKET;MANUFACTURING AND NATURAL RESOURCES;BR;37,5;Direto
CLI030844;SMALL MARKET;COMMUNICATIONS, MEDIA AND SERVICES;BR;40,5;Direto
CLI030847;MID MARKET;COMMUNICATIONS, MEDIA AND SERVICES;BR;40,6;Direto
CLI030852;MID MARKET;COMMUNICATIONS, MEDIA AND SERVICES;BR;34,0;Direto
CLI030894;SMALL MARKET;COMMUNICATIONS, MEDIA AND SERVICES;BR;39,0;Direto
CLI030921;MID MARKET;COMMUNICATIONS, MEDIA AND SERVICES;BR;34,0;Direto
CLI030927;MID MARKET;WHOLESALE TRADE;BR;39,9;Direto
CLI030932;MID MARKET;COMMUNICATIONS, MEDIA AND SERVICES;BR;40,1;Direto
CLI030939;MID MARKET;MANUFACTURING AND NATURAL RESOURCES;BR;40,1;Direto
CLI031002;SMALL MARKET;MANUFACTURING AND NATURAL RESOURCES;BR;39,6;Direto
CLI031004;MID MARKET;COMMUNICATIONS, MEDIA AND SERVICES;BR;39,6;Direto
CLI031036;MID MARKET;BANKING AND INVESTMENT SERVICES;BR;40,0;Direto
CLI031131;MID MARKET;COMMUNICATIONS, MEDIA AND SERVICES;BR;36,3;Direto
CLI031141;MID MARKET;MANUFACTURING AND NATURAL RESOURCES;BR;39,6;Direto
CLI031149;MID MARKET;RETAIL;BR;39,5;Direto
CLI031167;MID MARKET;WHOLESALE TRADE;BR;39,6;Direto
CLI031181;MID MARKET;COMMUNICATIONS, MEDIA AND SERVICES;BR;39,6;Direto
CLI031278;MID MARKET;WHOLESALE TRADE;BR;40,1;Direto
CLI031283;MID MARKET;COMMUNICATIONS, MEDIA AND SERVICES;BR;39,6;Direto
CLI031285;MID MARKET;MANUFACTURING AND NATURAL RESOURCES;BR;30,4;Direto
CLI031287;MID MARKET;TRANSPORTATION;BR;37,4;Direto
CLI031307;MID MARKET;COMMUNICATIONS, MEDIA AND SERVICES;BR;35,2;Direto
CLI031312;MID MARKET;HEALTHCARE AND LIFE SCIENCES;BR;39,0;Direto
CLI031320;MID MARKET;RETAIL;BR;39,4;Direto
CLI031380;SMALL MARKET;WHOLESALE TRADE;BR;38,2;Direto
CLI031412;MID MARKET;RETAIL;BR;31,0;Direto
CLI031424;MID MARKET;BANKING AND INVESTMENT SERVICES;BR;38,9;Direto
CLI031502;MID MARKET;COMMUNICATIONS, MEDIA AND SERVICES;BR;35,5;Direto
CLI031519;MID MARKET;RETAIL;BR;39,4;Direto
CLI031570;MID MARKET;COMMUNICATIONS, MEDIA AND SERVICES;BR;38,8;Direto
CLI031585;MID MARKET;COMMUNICATIONS, MEDIA AND SERVICES;BR;14,8;Direto
CLI031663;LARGE ENTERPRISE;MANUFACTURING AND NATURAL RESOURCES;BR;31,9;Direto
CLI031697;SMALL MARKET;COMMUNICATIONS, MEDIA AND SERVICES;BR;39,2;Direto
CLI031738;MID MARKET;WHOLESALE TRADE;BR;38,9;Direto
CLI031911;MID MARKET;COMMUNICATIONS, MEDIA AND SERVICES;BR;37,5;Direto
CLI031924;MID MARKET;COMMUNICATIONS, MEDIA AND SERVICES;BR;37,5;Direto
CLI031959;MID MARKET;MANUFACTURING AND NATURAL RESOURCES;BR;36,8;Direto
CLI032002;MID MARKET;WHOLESALE TRADE;BR;37,5;Direto
CLI032098;MID MARKET;COMMUNICATIONS, MEDIA AND SERVICES;BR;35,4;Direto
CLI032141;MID MARKET;MANUFACTURING AND NATURAL RESOURCES;BR;35,8;Direto
CLI032162;MID MARKET;POWER AND UTILITIES;BR;37,1;Direto
CLI032176;SMALL MARKET;RETAIL;BR;37,6;Direto
CLI032188;MID MARKET;MANUFACTURING AND NATURAL RESOURCES;BR;37,7;Direto
CLI032217;MID MARKET;WHOLESALE TRADE;BR;38,0;Direto
CLI032218;SMALL MARKET;WHOLESALE TRADE;BR;32,4;Direto
CLI032302;SMALL MARKET;RETAIL;BR;35,0;Direto
CLI032322;SMALL MARKET;MANUFACTURING AND NATURAL RESOURCES;BR;37,3;Direto
CLI032323;MID MARKET;COMMUNICATIONS, MEDIA AND SERVICES;BR;34,5;Direto
CLI032373;MID MARKET;RETAIL;BR;37,3;Direto
CLI032380;MID MARKET;COMMUNICATIONS, MEDIA AND SERVICES;BR;33,3;Direto
CLI032513;SMALL MARKET;WHOLESALE TRADE;BR;35,4;Direto
CLI032521;MID MARKET;COMMUNICATIONS, MEDIA AND SERVICES;BR;34,4;Direto
CLI032541;MID MARKET;MANUFACTURING AND NATURAL RESOURCES;BR;33,3;Direto
CLI032654;MID MARKET;COMMUNICATIONS, MEDIA AND SERVICES;BR;35,5;Direto
CLI032758;SMALL MARKET;COMMUNICATIONS, MEDIA AND SERVICES;BR;36,2;Direto
CLI032810;MID MARKET;RETAIL;BR;36,4;Direto
CLI032816;GLOBAL ACCOUNT;MANUFACTURING AND NATURAL RESOURCES;BR;17,4;Direto
CLI032880;MID MARKET;RETAIL;BR;35,6;Direto
CLI032902;MID MARKET;COMMUNICATIONS, MEDIA AND SERVICES;BR;36,2;Direto
CLI032982;MID MARKET;BANKING AND INVESTMENT SERVICES;BR;0,6;Direto
CLI033046;MID MARKET;RETAIL;BR;31,9;Direto
CLI033116;MID MARKET;COMMUNICATIONS, MEDIA AND SERVICES;BR;35,6;Direto
CLI033153;SMALL MARKET;RETAIL;BR;36,1;Direto
CLI033190;MID MARKET;TRANSPORTATION;BR;29,5;Direto
CLI033200;MID MARKET;COMMUNICATIONS, MEDIA AND SERVICES;BR;35,6;Direto
CLI033230;MID MARKET;EDUCATION;BR;33,4;Direto
CLI033233;MID MARKET;COMMUNICATIONS, MEDIA AND SERVICES;BR;30,0;Direto
CLI033541;SMALL MARKET;WHOLESALE TRADE;BR;34,5;Direto
CLI033567;MID MARKET;MANUFACTURING AND NATURAL RESOURCES;BR;34,7;Direto
CLI033581;MID MARKET;COMMUNICATIONS, MEDIA AND SERVICES;BR;30,2;Direto
CLI033612;MID MARKET;COMMUNICATIONS, MEDIA AND SERVICES;BR;34,5;Direto
CLI033736;MID MARKET;RETAIL;BR;33,9;Direto
CLI033738;LARGE ENTERPRISE;MANUFACTURING AND NATURAL RESOURCES;BR;6,7;Direto
CLI033768;MID MARKET;WHOLESALE TRADE;BR;34,2;Direto
CLI033801;MID MARKET;MANUFACTURING AND NATURAL RESOURCES;BR;1,8;Direto
CLI033834;PUBLIC SECTOR;EDUCATION;BR;31,7;Direto
CLI033855;MID MARKET;COMMUNICATIONS, MEDIA AND SERVICES;BR;3,0;Direto
CLI033868;MID MARKET;TRANSPORTATION;BR;33,1;Direto
CLI033886;MID MARKET;COMMUNICATIONS, MEDIA AND SERVICES;BR;34,0;Direto
CLI033978;MID MARKET;RETAIL;BR;30,5;Direto
CLI033986;MID MARKET;COMMUNICATIONS, MEDIA AND SERVICES;BR;32,9;Direto
CLI034010;SMALL MARKET;COMMUNICATIONS, MEDIA AND SERVICES;BR;30,7;Direto
CLI034082;LARGE ENTERPRISE;MANUFACTURING AND NATURAL RESOURCES;BR;63,4;Direto
CLI034096;MID MARKET;COMMUNICATIONS, MEDIA AND SERVICES;BR;33,0;Direto
CLI034103;SMALL MARKET;BANKING AND INVESTMENT SERVICES;BR;32,8;Direto
CLI034146;MID MARKET;EDUCATION;BR;32,4;Direto
CLI034235;MID MARKET;COMMUNICATIONS, MEDIA AND SERVICES;BR;23,7;Direto
CLI034244;MID MARKET;MANUFACTURING AND NATURAL RESOURCES;BR;23,1;Direto
CLI034310;MID MARKET;MANUFACTURING AND NATURAL RESOURCES;BR;31,9;Direto
CLI034318;MID MARKET;RETAIL;BR;19,6;Direto
CLI034323;MID MARKET;RETAIL;BR;31,7;Direto
CLI034333;MID MARKET;COMMUNICATIONS, MEDIA AND SERVICES;BR;9,5;Direto
CLI034351;MID MARKET;MANUFACTURING AND NATURAL RESOURCES;BR;32,1;Direto
CLI034367;SMALL MARKET;COMMUNICATIONS, MEDIA AND SERVICES;BR;32,3;Direto
CLI034410;MID MARKET;RETAIL;BR;16,2;Direto
CLI034420;MID MARKET;COMMUNICATIONS, MEDIA AND SERVICES;BR;29,4;Direto
CLI034442;MID MARKET;COMMUNICATIONS, MEDIA AND SERVICES;BR;31,5;Direto
CLI034500;MID MARKET;TRANSPORTATION;BR;28,4;Direto
CLI034518;MID MARKET;MANUFACTURING AND NATURAL RESOURCES;BR;31,2;Direto
CLI034536;MID MARKET;COMMUNICATIONS, MEDIA AND SERVICES;BR;30,9;Direto
CLI034549;SMALL MARKET;COMMUNICATIONS, MEDIA AND SERVICES;BR;31,2;Direto
CLI034594;MID MARKET;COMMUNICATIONS, MEDIA AND SERVICES;BR;30,9;Direto
CLI034745;MID MARKET;RETAIL;BR;30,7;Direto
CLI034772;MID MARKET;WHOLESALE TRADE;BR;29,6;Direto
CLI034803;MID MARKET;COMMUNICATIONS, MEDIA AND SERVICES;BR;23,1;Direto
CLI034844;MID MARKET;COMMUNICATIONS, MEDIA AND SERVICES;BR;27,0;Direto
CLI035011;MID MARKET;COMMUNICATIONS, MEDIA AND SERVICES;BR;14,9;Direto
CLI035478;MID MARKET;COMMUNICATIONS, MEDIA AND SERVICES;BR;2,3;Direto
CLI035523;MID MARKET;HEALTHCARE AND LIFE SCIENCES;BR;27,7;Direto
CLI035638;MID MARKET;MANUFACTURING AND NATURAL RESOURCES;BR;26,2;Direto
CLI036214;MID MARKET;COMMUNICATIONS, MEDIA AND SERVICES;BR;16,7;Direto
CLI036326;MID MARKET;MANUFACTURING AND NATURAL RESOURCES;BR;2,0;Direto
CLI037105;LARGE ENTERPRISE;COMMUNICATIONS, MEDIA AND SERVICES;CO;7,0;Direto
CLI037145;MID MARKET;RETAIL;BR;0,9;Direto
CLI037588;MID MARKET;WHOLESALE TRADE;BR;21,8;Direto
CLI038266;MID MARKET;WHOLESALE TRADE;BR;0,7;Direto
CLI038305;MID MARKET;RETAIL;BR;1,1;Direto
CLI038463;MID MARKET;COMMUNICATIONS, MEDIA AND SERVICES;BR;0,9;Direto
CLI038831;MID MARKET;INSURANCE;BR;17,5;Direto
CLI039362;MID MARKET;MANUFACTURING AND NATURAL RESOURCES;BR;18,0;Direto
CLI040770;MID MARKET;BANKING AND INVESTMENT SERVICES;BR;2,0;Direto
CLI041019;MID MARKET;MANUFACTURING AND NATURAL RESOURCES;BR;18,0;Direto
CLI041123;MID MARKET;COMMUNICATIONS, MEDIA AND SERVICES;BR;15,3;Direto
CLI042036;MID MARKET;RETAIL;BR;0,6;Direto
CLI042135;MID MARKET;COMMUNICATIONS, MEDIA AND SERVICES;BR;15,8;Direto
CLI042468;MID MARKET;POWER AND UTILITIES;BR;0,7;Direto
CLI042697;MID MARKET;MANUFACTURING AND NATURAL RESOURCES;BR;0,9;Direto
CLI043114;MID MARKET;COMMUNICATIONS, MEDIA AND SERVICES;BR;14,8;Direto
CLI043800;MID MARKET;RETAIL;BR;13,7;Direto
CLI044420;MID MARKET;RETAIL;BR;15,5;Direto
CLI044468;MID MARKET;BANKING AND INVESTMENT SERVICES;BR;7,4;Direto
CLI044742;MID MARKET;COMMUNICATIONS, MEDIA AND SERVICES;BR;4,6;Direto
CLI045028;MID MARKET;MANUFACTURING AND NATURAL RESOURCES;BR;2,3;Direto
CLI045498;MID MARKET;COMMUNICATIONS, MEDIA AND SERVICES;BR;14,2;Direto
CLI045828;MID MARKET;HEALTHCARE AND LIFE SCIENCES;BR;0,6;Direto
CLI046610;MID MARKET;RETAIL;BR;13,3;Direto
CLI047448;MID MARKET;COMMUNICATIONS, MEDIA AND SERVICES;BR;4,6;Direto
CLI047833;MID MARKET;MANUFACTURING AND NATURAL RESOURCES;BR;1,1;Direto
CLI047839;MID MARKET;COMMUNICATIONS, MEDIA AND SERVICES;BR;8,7;Direto
CLI048035;MID MARKET;RETAIL;BR;11,2;Direto
CLI048344;MID MARKET;WHOLESALE TRADE;BR;4,4;Direto
CLI050722;MID MARKET;RETAIL;BR;4,5;Direto
CLI051191;MID MARKET;TRANSPORTATION;BR;1,4;Direto
CLI051254;MID MARKET;OIL AND GAS;BR;6,1;Direto
CLI052083;MID MARKET;COMMUNICATIONS, MEDIA AND SERVICES;BR;2,0;Direto
CLI052091;MID MARKET;COMMUNICATIONS, MEDIA AND SERVICES;BR;3,4;Direto
CLI052169;MID MARKET;COMMUNICATIONS, MEDIA AND SERVICES;BR;3,2;Direto
CLI052197;MID MARKET;COMMUNICATIONS, MEDIA AND SERVICES;BR;1,8;Direto
CLI052202;MID MARKET;MANUFACTURING AND NATURAL RESOURCES;BR;3,7;Direto
CLI052290;MID MARKET;COMMUNICATIONS, MEDIA AND SERVICES;BR;2,6;Direto
CLI052811;PUBLIC SECTOR;EDUCATION;BR;65,3;Direto
CLI052812;PUBLIC SECTOR;GOVERNMENT;BR;55,6;Direto
CLI052813;PUBLIC SECTOR;GOVERNMENT;BR;65,5;Direto
CLI052814;PUBLIC SECTOR;OIL AND GAS;BR;42,8;Direto
CLI052815;LARGE ENTERPRISE;BANKING AND INVESTMENT SERVICES;BR;20,2;Direto
CLI052816;GLOBAL ACCOUNT;MANUFACTURING AND NATURAL RESOURCES;MX;64,1;Direto
CLI052817;LARGE ENTERPRISE;POWER AND UTILITIES;BR;50,7;Direto
CLI052818;PUBLIC SECTOR;GOVERNMENT;BR;44,7;Direto
CLI052819;MID MARKET;BANKING AND INVESTMENT SERVICES;BR;60,2;Direto
CLI052820;MID MARKET;COMMUNICATIONS, MEDIA AND SERVICES;MX;45,1;Direto
CLI052821;LARGE ENTERPRISE;COMMUNICATIONS, MEDIA AND SERVICES;BR;60,0;Direto
CLI052822;LARGE ENTERPRISE;HEALTHCARE AND LIFE SCIENCES;BR;64,6;Direto
CLI052823;GLOBAL ACCOUNT;WHOLESALE TRADE;MX;65,6;Direto
CLI052824;GLOBAL ACCOUNT;MANUFACTURING AND NATURAL RESOURCES;BR;8,3;Direto
CLI052825;LARGE ENTERPRISE;MANUFACTURING AND NATURAL RESOURCES;CL;65,4;Direto
CLI052826;PUBLIC SECTOR;GOVERNMENT;BR;63,4;Direto
CLI052827;LARGE ENTERPRISE;MANUFACTURING AND NATURAL RESOURCES;BR;40,7;Direto
CLI052828;LARGE ENTERPRISE;COMMUNICATIONS, MEDIA AND SERVICES;BR;24,0;Direto
CLI052829;LARGE ENTERPRISE;HEALTHCARE AND LIFE SCIENCES;BR;26,3;Direto
CLI052830;GLOBAL ACCOUNT;WHOLESALE TRADE;PE;32,8;Direto
CLI052831;PUBLIC SECTOR;GOVERNMENT;BR;48,7;Direto
CLI052832;LARGE ENTERPRISE;OIL AND GAS;BR;21,9;Direto
CLI052833;LARGE ENTERPRISE;POWER AND UTILITIES;BR;65,5;Direto
CLI052834;LARGE ENTERPRISE;COMMUNICATIONS, MEDIA AND SERVICES;BR;9,7;Direto
CLI052835;GLOBAL ACCOUNT;MANUFACTURING AND NATURAL RESOURCES;BR;46,1;Direto
CLI052836;GLOBAL ACCOUNT;COMMUNICATIONS, MEDIA AND SERVICES;BR;64,8;Direto
CLI052837;STRATEGIC ACCOUNT;MANUFACTURING AND NATURAL RESOURCES;BR;35,1;Direto
CLI052838;LARGE ENTERPRISE;WHOLESALE TRADE;BR;10,5;Direto
CLI052839;GLOBAL ACCOUNT;COMMUNICATIONS, MEDIA AND SERVICES;MX;58,4;Direto
CLI052840;GLOBAL ACCOUNT;COMMUNICATIONS, MEDIA AND SERVICES;MX;63,6;Direto
CLI052841;LARGE ENTERPRISE;COMMUNICATIONS, MEDIA AND SERVICES;BR;30,5;Direto
CLI052842;PUBLIC SECTOR;EDUCATION;BR;56,9;Direto
CLI052843;GLOBAL ACCOUNT;WHOLESALE TRADE;AR;63,1;Direto
CLI052844;GLOBAL ACCOUNT;RETAIL;CL;61,9;Direto
CLI052845;GLOBAL ACCOUNT;COMMUNICATIONS, MEDIA AND SERVICES;BR;62,9;Direto
CLI052846;LARGE ENTERPRISE;COMMUNICATIONS, MEDIA AND SERVICES;BR;36,9;Direto
CLI052847;PUBLIC SECTOR;EDUCATION;BR;5,8;Direto
CLI052848;MID MARKET;COMMUNICATIONS, MEDIA AND SERVICES;BR;50,0;Direto
CLI052849;LARGE ENTERPRISE;MANUFACTURING AND NATURAL RESOURCES;CO;53,7;Direto
CLI052850;GLOBAL ACCOUNT;RETAIL;BR;65,7;Direto
CLI052851;SMALL MARKET;COMMUNICATIONS, MEDIA AND SERVICES;BR;62,4;Direto
CLI052852;PUBLIC SECTOR;BANKING AND INVESTMENT SERVICES;BR;13,5;Direto
CLI052853;PUBLIC SECTOR;GOVERNMENT;BR;2,4;Direto
CLI052854;STRATEGIC ACCOUNT;TRANSPORTATION;BR;59,3;Direto
CLI052855;MID MARKET;COMMUNICATIONS, MEDIA AND SERVICES;BR;0,2;Direto
CLI052856;GLOBAL ACCOUNT;COMMUNICATIONS, MEDIA AND SERVICES;PE;57,3;Direto
CLI052857;STRATEGIC ACCOUNT;RETAIL;BR;34,8;Direto
CLI052858;GLOBAL ACCOUNT;BANKING AND INVESTMENT SERVICES;AR;65,0;Direto
CLI052859;PUBLIC SECTOR;COMMUNICATIONS, MEDIA AND SERVICES;BR;57,1;Direto
CLI052860;GLOBAL ACCOUNT;COMMUNICATIONS, MEDIA AND SERVICES;BR;65,3;Direto
CLI052861;MID MARKET;TRANSPORTATION;BR;55,9;Direto
CLI052862;MID MARKET;COMMUNICATIONS, MEDIA AND SERVICES;BR;39,1;Direto
CLI052863;GLOBAL ACCOUNT;POWER AND UTILITIES;MX;54,0;Direto
CLI052864;PUBLIC SECTOR;GOVERNMENT;BR;50,1;Direto
CLI052865;PUBLIC SECTOR;BANKING AND INVESTMENT SERVICES;BR;4,1;Direto
CLI052866;SMALL MARKET;MANUFACTURING AND NATURAL RESOURCES;BR;49,9;Direto
CLI052867;PUBLIC SECTOR;GOVERNMENT;BR;1,1;Direto
CLI052868;PUBLIC SECTOR;GOVERNMENT;BR;33,0;Direto
CLI052869;LARGE ENTERPRISE;INSURANCE;PE;60,3;Direto
CLI052870;LARGE ENTERPRISE;MANUFACTURING AND NATURAL RESOURCES;PE;65,5;Direto
CLI052871;LARGE ENTERPRISE;COMMUNICATIONS, MEDIA AND SERVICES;MX;17,4;Direto
CLI052872;MID MARKET;MANUFACTURING AND NATURAL RESOURCES;BR;11,0;Direto
CLI052873;GLOBAL ACCOUNT;COMMUNICATIONS, MEDIA AND SERVICES;PE;65,7;Direto
CLI052874;GLOBAL ACCOUNT;TRANSPORTATION;BR;46,4;Direto
CLI052875;PUBLIC SECTOR;GOVERNMENT;BR;38,9;Direto
CLI052876;PUBLIC SECTOR;GOVERNMENT;BR;54,7;Direto
CLI052877;LARGE ENTERPRISE;MANUFACTURING AND NATURAL RESOURCES;BR;61,0;Direto
CLI052878;PUBLIC SECTOR;COMMUNICATIONS, MEDIA AND SERVICES;BR;3,5;Direto
CLI052879;MID MARKET;BANKING AND INVESTMENT SERVICES;BR;37,8;Direto
CLI052880;SMALL MARKET;COMMUNICATIONS, MEDIA AND SERVICES;PE;59,9;Direto
CLI052881;MID MARKET;BANKING AND INVESTMENT SERVICES;AR;26,8;Direto
CLI052882;STRATEGIC ACCOUNT;RETAIL;BR;45,2;Direto
CLI052883;STRATEGIC ACCOUNT;OIL AND GAS;BR;6,9;Direto
CLI052884;LARGE ENTERPRISE;COMMUNICATIONS, MEDIA AND SERVICES;PE;65,3;Direto
CLI052885;STRATEGIC ACCOUNT;COMMUNICATIONS, MEDIA AND SERVICES;BR;38,5;Direto
CLI052886;MID MARKET;COMMUNICATIONS, MEDIA AND SERVICES;BR;21,9;Direto
CLI052887;MID MARKET;COMMUNICATIONS, MEDIA AND SERVICES;BR;64,8;Direto
CLI052888;MID MARKET;RETAIL;BR;22,4;Direto
CLI052889;GLOBAL ACCOUNT;MANUFACTURING AND NATURAL RESOURCES;AR;64,7;Direto
CLI052890;GLOBAL ACCOUNT;MANUFACTURING AND NATURAL RESOURCES;CL;65,3;Direto
CLI052891;STRATEGIC ACCOUNT;BANKING AND INVESTMENT SERVICES;MX;58,7;Direto
CLI052892;LARGE ENTERPRISE;COMMUNICATIONS, MEDIA AND SERVICES;BR;49,8;Direto
CLI052893;SMALL MARKET;COMMUNICATIONS, MEDIA AND SERVICES;BR;29,3;Direto
CLI052894;PUBLIC SECTOR;GOVERNMENT;BR;25,8;Direto
CLI052895;GLOBAL ACCOUNT;RETAIL;BR;38,6;Direto
CLI052896;LARGE ENTERPRISE;MANUFACTURING AND NATURAL RESOURCES;BR;31,4;Direto
CLI052897;PUBLIC SECTOR;BANKING AND INVESTMENT SERVICES;BR;58,9;Direto
CLI052898;GLOBAL ACCOUNT;COMMUNICATIONS, MEDIA AND SERVICES;CO;56,3;Direto
CLI052899;GLOBAL ACCOUNT;WHOLESALE TRADE;MX;62,7;Direto
CLI052900;MID MARKET;COMMUNICATIONS, MEDIA AND SERVICES;BR;20,4;Direto
CLI052901;LARGE ENTERPRISE;BANKING AND INVESTMENT SERVICES;AR;56,4;Direto
CLI052902;STRATEGIC ACCOUNT;RETAIL;BR;59,3;Direto
CLI052903;GLOBAL ACCOUNT;COMMUNICATIONS, MEDIA AND SERVICES;AR;56,6;Direto
CLI052904;LARGE ENTERPRISE;MANUFACTURING AND NATURAL RESOURCES;BR;62,7;Direto
CLI052905;SMALL MARKET;MANUFACTURING AND NATURAL RESOURCES;MX;65,5;Direto
CLI052906;PUBLIC SECTOR;COMMUNICATIONS, MEDIA AND SERVICES;BR;11,1;Direto
CLI052907;GLOBAL ACCOUNT;MANUFACTURING AND NATURAL RESOURCES;BR;26,7;Direto
CLI052908;LARGE ENTERPRISE;COMMUNICATIONS, MEDIA AND SERVICES;AR;13,6;Direto
CLI052909;MID MARKET;COMMUNICATIONS, MEDIA AND SERVICES;BR;16,2;Direto
CLI052910;LARGE ENTERPRISE;INSURANCE;PE;47,7;Direto
CLI052911;GLOBAL ACCOUNT;COMMUNICATIONS, MEDIA AND SERVICES;CL;49,4;Direto
CLI052912;STRATEGIC ACCOUNT;HEALTHCARE AND LIFE SCIENCES;BR;35,3;Direto
CLI052913;LARGE ENTERPRISE;MANUFACTURING AND NATURAL RESOURCES;BR;2,2;Direto
CLI052914;PUBLIC SECTOR;GOVERNMENT;BR;63,8;Direto
CLI052915;GLOBAL ACCOUNT;COMMUNICATIONS, MEDIA AND SERVICES;CO;65,6;Direto
CLI052916;MID MARKET;MANUFACTURING AND NATURAL RESOURCES;BR;50,3;Direto
CLI052917;LARGE ENTERPRISE;BANKING AND INVESTMENT SERVICES;BR;23,9;Direto
CLI052918;MID MARKET;POWER AND UTILITIES;BR;59,6;Direto
CLI052919;GLOBAL ACCOUNT;HEALTHCARE AND LIFE SCIENCES;MX;61,5;Direto
CLI052920;PUBLIC SECTOR;EDUCATION;BR;43,1;Direto
CLI052921;LARGE ENTERPRISE;COMMUNICATIONS, MEDIA AND SERVICES;MX;42,1;Direto
CLI052922;PUBLIC SECTOR;GOVERNMENT;BR;32,4;Direto
CLI052923;MID MARKET;WHOLESALE TRADE;BR;45,2;Direto
CLI052924;LARGE ENTERPRISE;COMMUNICATIONS, MEDIA AND SERVICES;BR;14,5;Direto
CLI052925;MID MARKET;RETAIL;BR;49,8;Direto
CLI052926;LARGE ENTERPRISE;HEALTHCARE AND LIFE SCIENCES;BR;59,6;Direto
CLI052927;PUBLIC SECTOR;GOVERNMENT;BR;59,6;Direto
CLI052928;STRATEGIC ACCOUNT;BANKING AND INVESTMENT SERVICES;BR;56,4;Direto
CLI052929;GLOBAL ACCOUNT;WHOLESALE TRADE;PE;63,4;Direto
CLI052930;STRATEGIC ACCOUNT;MANUFACTURING AND NATURAL RESOURCES;BR;60,6;Direto
CLI052931;LARGE ENTERPRISE;INSURANCE;BR;62,9;Direto
CLI052932;STRATEGIC ACCOUNT;COMMUNICATIONS, MEDIA AND SERVICES;BR;59,4;Direto
CLI052933;LARGE ENTERPRISE;WHOLESALE TRADE;BR;6,9;Direto
CLI052934;LARGE ENTERPRISE;TRANSPORTATION;BR;25,8;Direto
CLI052935;MID MARKET;WHOLESALE TRADE;BR;61,6;Direto
CLI052936;GLOBAL ACCOUNT;MANUFACTURING AND NATURAL RESOURCES;BR;17,8;Direto
CLI052937;LARGE ENTERPRISE;COMMUNICATIONS, MEDIA AND SERVICES;BR;65,2;Direto
CLI052938;PUBLIC SECTOR;BANKING AND INVESTMENT SERVICES;BR;49,2;Direto
CLI052939;MID MARKET;RETAIL;BR;64,5;Direto
CLI052940;SMALL MARKET;RETAIL;BR;49,2;Direto
CLI052941;MID MARKET;WHOLESALE TRADE;MX;64,3;Direto
CLI052942;PUBLIC SECTOR;GOVERNMENT;BR;60,8;Direto
CLI052943;GLOBAL ACCOUNT;MANUFACTURING AND NATURAL RESOURCES;AR;46,6;Direto
CLI052944;LARGE ENTERPRISE;MANUFACTURING AND NATURAL RESOURCES;BR;6,1;Direto
CLI052945;MID MARKET;RETAIL;BR;60,1;Direto
CLI052946;GLOBAL ACCOUNT;EDUCATION;BR;62,5;Direto
CLI052947;SMALL MARKET;COMMUNICATIONS, MEDIA AND SERVICES;BR;39,8;Direto
CLI052948;LARGE ENTERPRISE;TRANSPORTATION;BR;20,7;Direto
CLI052949;MID MARKET;WHOLESALE TRADE;BR;30,1;Direto
CLI052950;GLOBAL ACCOUNT;BANKING AND INVESTMENT SERVICES;BR;62,9;Direto
CLI052951;GLOBAL ACCOUNT;BANKING AND INVESTMENT SERVICES;BR;54,3;Direto
CLI052952;SMALL MARKET;MANUFACTURING AND NATURAL RESOURCES;BR;40,5;Direto
CLI052953;GLOBAL ACCOUNT;MANUFACTURING AND NATURAL RESOURCES;AR;64,8;Direto
CLI052954;MID MARKET;RETAIL;BR;59,6;Direto
CLI052955;GLOBAL ACCOUNT;MANUFACTURING AND NATURAL RESOURCES;CO;44,3;Direto
CLI052956;MID MARKET;COMMUNICATIONS, MEDIA AND SERVICES;BR;36,7;Direto
CLI052957;GLOBAL ACCOUNT;MANUFACTURING AND NATURAL RESOURCES;MX;4,0;Direto
CLI052958;LARGE ENTERPRISE;MANUFACTURING AND NATURAL RESOURCES;BR;13,0;Direto
CLI052959;LARGE ENTERPRISE;MANUFACTURING AND NATURAL RESOURCES;BR;49,8;Direto
CLI052960;LARGE ENTERPRISE;POWER AND UTILITIES;BR;44,8;Direto
CLI052961;MID MARKET;WHOLESALE TRADE;BR;65,3;Direto
CLI052962;LARGE ENTERPRISE;MANUFACTURING AND NATURAL RESOURCES;BR;8,8;Direto
CLI052963;GLOBAL ACCOUNT;COMMUNICATIONS, MEDIA AND SERVICES;BR;65,6;Direto
CLI052964;MID MARKET;COMMUNICATIONS, MEDIA AND SERVICES;AR;31,0;Direto
CLI052965;MID MARKET;MANUFACTURING AND NATURAL RESOURCES;BR;2,8;Direto
CLI052966;PUBLIC SECTOR;HEALTHCARE AND LIFE SCIENCES;BR;63,0;Direto
CLI052967;MID MARKET;WHOLESALE TRADE;BR;34,7;Direto
CLI052968;MID MARKET;COMMUNICATIONS, MEDIA AND SERVICES;BR;35,4;Direto
CLI052969;PUBLIC SECTOR;GOVERNMENT;BR;62,1;Direto
CLI052970;LARGE ENTERPRISE;INSURANCE;BR;19,1;Direto
CLI052971;MID MARKET;MANUFACTURING AND NATURAL RESOURCES;BR;24,7;Direto
CLI052972;LARGE ENTERPRISE;COMMUNICATIONS, MEDIA AND SERVICES;BR;59,2;Direto
CLI052973;MID MARKET;COMMUNICATIONS, MEDIA AND SERVICES;CO;61,0;Direto
CLI052974;PUBLIC SECTOR;GOVERNMENT;BR;32,6;Direto
CLI052975;PUBLIC SECTOR;GOVERNMENT;BR;57,2;Direto
CLI052976;PUBLIC SECTOR;EDUCATION;BR;29,7;Direto
CLI052977;MID MARKET;WHOLESALE TRADE;BR;38,7;Direto
CLI052978;LARGE ENTERPRISE;COMMUNICATIONS, MEDIA AND SERVICES;MX;50,6;Direto
CLI052979;SMALL MARKET;WHOLESALE TRADE;BR;60,6;Direto
CLI052980;MID MARKET;MANUFACTURING AND NATURAL RESOURCES;BR;20,7;Direto
CLI052981;LARGE ENTERPRISE;COMMUNICATIONS, MEDIA AND SERVICES;AR;19,4;Direto
CLI052982;LARGE ENTERPRISE;OIL AND GAS;AR;57,1;Direto
CLI052983;MID MARKET;WHOLESALE TRADE;BR;62,9;Direto
CLI052984;LARGE ENTERPRISE;COMMUNICATIONS, MEDIA AND SERVICES;BR;65,0;Direto
CLI052985;SMALL MARKET;COMMUNICATIONS, MEDIA AND SERVICES;BR;61,5;Direto
CLI052986;LARGE ENTERPRISE;MANUFACTURING AND NATURAL RESOURCES;BR;45,2;Direto
CLI052987;STRATEGIC ACCOUNT;COMMUNICATIONS, MEDIA AND SERVICES;BR;54,0;Direto
CLI052988;LARGE ENTERPRISE;HEALTHCARE AND LIFE SCIENCES;BR;6,9;Direto
CLI052989;MID MARKET;BANKING AND INVESTMENT SERVICES;BR;31,3;Direto
CLI052990;GLOBAL ACCOUNT;BANKING AND INVESTMENT SERVICES;BR;2,0;Direto
CLI052991;LARGE ENTERPRISE;COMMUNICATIONS, MEDIA AND SERVICES;BR;34,4;Direto
CLI052992;LARGE ENTERPRISE;RETAIL;BR;15,8;Direto
CLI052993;LARGE ENTERPRISE;HEALTHCARE AND LIFE SCIENCES;BR;41,9;Direto
CLI052994;MID MARKET;MANUFACTURING AND NATURAL RESOURCES;BR;39,4;Direto
CLI052995;LARGE ENTERPRISE;BANKING AND INVESTMENT SERVICES;BR;11,8;Direto
CLI052996;LARGE ENTERPRISE;MANUFACTURING AND NATURAL RESOURCES;BR;60,3;Direto
CLI052997;GLOBAL ACCOUNT;COMMUNICATIONS, MEDIA AND SERVICES;BR;65,4;Direto
CLI052998;LARGE ENTERPRISE;POWER AND UTILITIES;BR;0,6;Direto
CLI052999;GLOBAL ACCOUNT;WHOLESALE TRADE;PE;54,0;Direto
CLI053000;LARGE ENTERPRISE;WHOLESALE TRADE;BR;8,3;Direto
CLI053001;SMALL MARKET;WHOLESALE TRADE;BR;61,8;Direto
CLI053002;GLOBAL ACCOUNT;COMMUNICATIONS, MEDIA AND SERVICES;AR;65,5;Direto
CLI053003;MID MARKET;RETAIL;BR;35,2;Direto
CLI053004;PUBLIC SECTOR;COMMUNICATIONS, MEDIA AND SERVICES;BR;56,9;Direto
CLI053005;MID MARKET;TRANSPORTATION;BR;0,2;Direto
CLI053006;MID MARKET;MANUFACTURING AND NATURAL RESOURCES;BR;59,3;Direto
CLI053007;MID MARKET;COMMUNICATIONS, MEDIA AND SERVICES;BR;44,5;Direto
CLI053008;GLOBAL ACCOUNT;MANUFACTURING AND NATURAL RESOURCES;MX;65,3;Direto
CLI053009;PUBLIC SECTOR;GOVERNMENT;BR;10,9;Direto
CLI053010;PUBLIC SECTOR;EDUCATION;BR;42,3;Direto
CLI053011;LARGE ENTERPRISE;WHOLESALE TRADE;BR;64,1;Direto
CLI053012;LARGE ENTERPRISE;COMMUNICATIONS, MEDIA AND SERVICES;BR;50,3;Direto
CLI053013;SMALL MARKET;WHOLESALE TRADE;BR;33,1;Direto
CLI053014;LARGE ENTERPRISE;COMMUNICATIONS, MEDIA AND SERVICES;CO;59,6;Direto
CLI053015;MID MARKET;MANUFACTURING AND NATURAL RESOURCES;BR;42,8;Direto
CLI053016;PUBLIC SECTOR;EDUCATION;BR;55,8;Direto
CLI053017;PUBLIC SECTOR;GOVERNMENT;BR;45,3;Direto
CLI053018;LARGE ENTERPRISE;COMMUNICATIONS, MEDIA AND SERVICES;BR;53,6;Direto
CLI053019;LARGE ENTERPRISE;COMMUNICATIONS, MEDIA AND SERVICES;BR;62,7;Direto
CLI053020;PUBLIC SECTOR;HEALTHCARE AND LIFE SCIENCES;BR;64,1;Direto
CLI053021;STRATEGIC ACCOUNT;INSURANCE;BR;65,3;Direto
CLI053022;MID MARKET;BANKING AND INVESTMENT SERVICES;BR;32,6;Direto
CLI053023;MID MARKET;EDUCATION;BR;63,8;Direto
CLI053024;SMALL MARKET;MANUFACTURING AND NATURAL RESOURCES;BR;53,6;Direto
CLI053025;GLOBAL ACCOUNT;UNCLASSIFIED;MX;58,1;Direto
CLI053026;MID MARKET;WHOLESALE TRADE;BR;41,8;Direto
CLI053027;LARGE ENTERPRISE;WHOLESALE TRADE;BR;63,2;Direto
CLI053028;PUBLIC SECTOR;BANKING AND INVESTMENT SERVICES;CO;65,1;Direto
CLI053029;GLOBAL ACCOUNT;COMMUNICATIONS, MEDIA AND SERVICES;CO;19,4;Direto
CLI053030;MID MARKET;COMMUNICATIONS, MEDIA AND SERVICES;BR;41,0;Direto
CLI053031;PUBLIC SECTOR;GOVERNMENT;BR;45,2;Direto
CLI053032;LARGE ENTERPRISE;HEALTHCARE AND LIFE SCIENCES;BR;30,3;Direto
CLI053033;PUBLIC SECTOR;GOVERNMENT;BR;31,3;Direto
CLI053034;SMALL MARKET;RETAIL;AR;54,3;Direto
CLI053035;STRATEGIC ACCOUNT;POWER AND UTILITIES;BR;33,0;Direto
CLI053036;GLOBAL ACCOUNT;COMMUNICATIONS, MEDIA AND SERVICES;BR;64,8;Direto
CLI053037;GLOBAL ACCOUNT;COMMUNICATIONS, MEDIA AND SERVICES;CO;65,1;Direto
CLI053038;PUBLIC SECTOR;GOVERNMENT;BR;65,1;Direto
CLI053039;GLOBAL ACCOUNT;COMMUNICATIONS, MEDIA AND SERVICES;CO;64,1;Direto
CLI053040;MID MARKET;COMMUNICATIONS, MEDIA AND SERVICES;BR;39,2;Direto
CLI053041;LARGE ENTERPRISE;WHOLESALE TRADE;BR;28,0;Direto
CLI053042;MID MARKET;COMMUNICATIONS, MEDIA AND SERVICES;BR;63,5;Direto
CLI053043;LARGE ENTERPRISE;EDUCATION;CO;29,4;Direto
CLI053044;GLOBAL ACCOUNT;MANUFACTURING AND NATURAL RESOURCES;BR;65,5;Direto
CLI053045;PUBLIC SECTOR;GOVERNMENT;BR;55,7;Direto
CLI053046;GLOBAL ACCOUNT;COMMUNICATIONS, MEDIA AND SERVICES;CL;54,1;Direto
CLI053047;MID MARKET;WHOLESALE TRADE;BR;0,2;Direto
CLI053048;SMALL MARKET;RETAIL;BR;62,7;Direto
CLI053049;MID MARKET;COMMUNICATIONS, MEDIA AND SERVICES;BR;36,8;Direto
CLI053050;LARGE ENTERPRISE;RETAIL;BR;62,5;Direto
CLI053051;MID MARKET;COMMUNICATIONS, MEDIA AND SERVICES;BR;33,7;Direto
CLI053052;PUBLIC SECTOR;GOVERNMENT;BR;56,0;Direto
CLI053053;PUBLIC SECTOR;EDUCATION;BR;50,6;Direto
CLI053054;LARGE ENTERPRISE;BANKING AND INVESTMENT SERVICES;AR;36,1;Direto
CLI053055;LARGE ENTERPRISE;RETAIL;BR;32,6;Direto
CLI053056;GLOBAL ACCOUNT;MANUFACTURING AND NATURAL RESOURCES;AR;59,9;Direto
CLI053057;MID MARKET;COMMUNICATIONS, MEDIA AND SERVICES;BR;64,8;Direto
CLI053058;GLOBAL ACCOUNT;BANKING AND INVESTMENT SERVICES;BR;50,9;Direto
CLI053059;PUBLIC SECTOR;COMMUNICATIONS, MEDIA AND SERVICES;BR;32,8;Direto
CLI053060;LARGE ENTERPRISE;TRANSPORTATION;AR;62,9;Direto
CLI053061;MID MARKET;COMMUNICATIONS, MEDIA AND SERVICES;BR;25,0;Direto
CLI053062;SMALL MARKET;MANUFACTURING AND NATURAL RESOURCES;BR;56,4;Direto
CLI053063;PUBLIC SECTOR;GOVERNMENT;BR;42,9;Direto
CLI053064;GLOBAL ACCOUNT;COMMUNICATIONS, MEDIA AND SERVICES;AR;64,1;Direto
CLI053065;MID MARKET;MANUFACTURING AND NATURAL RESOURCES;BR;6,1;Direto
CLI053066;GLOBAL ACCOUNT;COMMUNICATIONS, MEDIA AND SERVICES;PE;63,9;Direto
CLI053067;LARGE ENTERPRISE;HEALTHCARE AND LIFE SCIENCES;AR;53,7;Direto
CLI053068;STRATEGIC ACCOUNT;BANKING AND INVESTMENT SERVICES;MX;15,0;Direto
CLI053069;MID MARKET;RETAIL;BR;20,1;Direto
CLI053070;PUBLIC SECTOR;GOVERNMENT;BR;44,6;Direto
CLI053071;PUBLIC SECTOR;COMMUNICATIONS, MEDIA AND SERVICES;BR;4,9;Direto
CLI053072;PUBLIC SECTOR;GOVERNMENT;BR;18,1;Direto
CLI053073;GLOBAL ACCOUNT;RETAIL;BR;55,3;Direto
CLI053074;PUBLIC SECTOR;GOVERNMENT;BR;63,4;Direto
CLI053075;GLOBAL ACCOUNT;COMMUNICATIONS, MEDIA AND SERVICES;PE;64,5;Direto
CLI053076;MID MARKET;WHOLESALE TRADE;BR;50,6;Direto
CLI053077;GLOBAL ACCOUNT;COMMUNICATIONS, MEDIA AND SERVICES;MX;31,2;Direto
CLI053078;STRATEGIC ACCOUNT;COMMUNICATIONS, MEDIA AND SERVICES;BR;24,2;Direto
CLI053079;MID MARKET;MANUFACTURING AND NATURAL RESOURCES;BR;40,5;Direto
CLI053080;LARGE ENTERPRISE;MANUFACTURING AND NATURAL RESOURCES;AR;60,7;Direto
CLI053081;STRATEGIC ACCOUNT;GOVERNMENT;MX;55,2;Direto
CLI053082;MID MARKET;COMMUNICATIONS, MEDIA AND SERVICES;BR;48,7;Direto
CLI053083;MID MARKET;INSURANCE;BR;64,2;Direto
CLI053084;GLOBAL ACCOUNT;MANUFACTURING AND NATURAL RESOURCES;BR;65,1;Direto
CLI053085;LARGE ENTERPRISE;COMMUNICATIONS, MEDIA AND SERVICES;AR;53,8;Direto
CLI053086;GLOBAL ACCOUNT;COMMUNICATIONS, MEDIA AND SERVICES;MX;19,9;Direto
CLI053087;SMALL MARKET;BANKING AND INVESTMENT SERVICES;BR;41,7;Direto
CLI053088;MID MARKET;COMMUNICATIONS, MEDIA AND SERVICES;BR;62,0;Direto
CLI053089;SMALL MARKET;WHOLESALE TRADE;BR;37,0;Direto
CLI053090;LARGE ENTERPRISE;MANUFACTURING AND NATURAL RESOURCES;BR;18,1;Direto
CLI053091;PUBLIC SECTOR;GOVERNMENT;BR;35,4;Direto
CLI053092;LARGE ENTERPRISE;COMMUNICATIONS, MEDIA AND SERVICES;CO;44,4;Direto
CLI053093;GLOBAL ACCOUNT;COMMUNICATIONS, MEDIA AND SERVICES;BR;65,3;Direto
CLI053094;PUBLIC SECTOR;GOVERNMENT;BR;44,5;Direto
CLI053095;LARGE ENTERPRISE;BANKING AND INVESTMENT SERVICES;BR;25,2;Direto
CLI053096;SMALL MARKET;GOVERNMENT;AR;32,3;Direto
CLI053097;LARGE ENTERPRISE;EDUCATION;AR;19,6;Direto
CLI053098;LARGE ENTERPRISE;COMMUNICATIONS, MEDIA AND SERVICES;CO;60,1;Direto
CLI053099;MID MARKET;TRANSPORTATION;BR;52,9;Direto
CLI053100;MID MARKET;RETAIL;BR;36,8;Direto
CLI053101;GLOBAL ACCOUNT;COMMUNICATIONS, MEDIA AND SERVICES;MX;62,5;Direto
CLI053102;MID MARKET;BANKING AND INVESTMENT SERVICES;BR;36,2;Direto
CLI053103;PUBLIC SECTOR;POWER AND UTILITIES;BR;56,0;Direto
CLI053104;PUBLIC SECTOR;GOVERNMENT;BR;30,9;Direto
CLI053105;GLOBAL ACCOUNT;RETAIL;CO;65,5;Direto
CLI053106;PUBLIC SECTOR;GOVERNMENT;BR;46,0;Direto
CLI053107;MID MARKET;RETAIL;BR;2,5;Direto
CLI053108;GLOBAL ACCOUNT;COMMUNICATIONS, MEDIA AND SERVICES;EC;55,7;Direto
CLI053109;GLOBAL ACCOUNT;COMMUNICATIONS, MEDIA AND SERVICES;BR;58,5;Direto
CLI053110;PUBLIC SECTOR;GOVERNMENT;BR;29,6;Direto
CLI053111;LARGE ENTERPRISE;MANUFACTURING AND NATURAL RESOURCES;BR;56,8;Direto
CLI053112;MID MARKET;COMMUNICATIONS, MEDIA AND SERVICES;BR;35,5;Direto
CLI053113;PUBLIC SECTOR;GOVERNMENT;BR;55,7;Direto
CLI053114;PUBLIC SECTOR;GOVERNMENT;BR;47,7;Direto
CLI053115;SMALL MARKET;COMMUNICATIONS, MEDIA AND SERVICES;BR;41,9;Direto
CLI053116;LARGE ENTERPRISE;BANKING AND INVESTMENT SERVICES;BR;38,6;Direto
CLI053117;PUBLIC SECTOR;GOVERNMENT;BR;60,8;Direto
CLI053118;PUBLIC SECTOR;GOVERNMENT;AR;17,0;Direto
CLI053119;GLOBAL ACCOUNT;RETAIL;MX;59,9;Direto
CLI053120;LARGE ENTERPRISE;HEALTHCARE AND LIFE SCIENCES;BR;54,0;Direto
CLI053121;GLOBAL ACCOUNT;MANUFACTURING AND NATURAL RESOURCES;BR;52,9;Direto
CLI053122;PUBLIC SECTOR;COMMUNICATIONS, MEDIA AND SERVICES;BR;47,9;Direto
CLI053123;LARGE ENTERPRISE;MANUFACTURING AND NATURAL RESOURCES;BR;3,4;Direto
CLI053124;MID MARKET;RETAIL;BR;45,7;Direto
CLI053125;PUBLIC SECTOR;GOVERNMENT;BR;47,5;Direto
CLI053126;SMALL MARKET;COMMUNICATIONS, MEDIA AND SERVICES;BR;58,6;Direto
CLI053127;SMALL MARKET;COMMUNICATIONS, MEDIA AND SERVICES;BR;59,5;Direto
CLI053128;MID MARKET;COMMUNICATIONS, MEDIA AND SERVICES;BR;11,6;Direto
CLI053129;LARGE ENTERPRISE;COMMUNICATIONS, MEDIA AND SERVICES;BR;60,8;Direto
CLI053130;PUBLIC SECTOR;GOVERNMENT;BR;55,0;Direto
CLI053131;MID MARKET;COMMUNICATIONS, MEDIA AND SERVICES;BR;52,9;Direto
CLI053132;PUBLIC SECTOR;GOVERNMENT;BR;55,5;Direto
CLI053133;STRATEGIC ACCOUNT;BANKING AND INVESTMENT SERVICES;BR;0,2;Direto
CLI053134;LARGE ENTERPRISE;COMMUNICATIONS, MEDIA AND SERVICES;BR;24,7;Direto
CLI053135;LARGE ENTERPRISE;MANUFACTURING AND NATURAL RESOURCES;BR;64,8;Direto
CLI053136;MID MARKET;EDUCATION;PE;64,1;Direto
CLI053137;MID MARKET;COMMUNICATIONS, MEDIA AND SERVICES;BR;3,1;Direto
CLI053138;GLOBAL ACCOUNT;BANKING AND INVESTMENT SERVICES;BR;48,8;Direto
CLI053139;PUBLIC SECTOR;EDUCATION;BR;46,4;Direto
CLI053140;LARGE ENTERPRISE;MANUFACTURING AND NATURAL RESOURCES;BR;60,6;Direto
CLI053141;MID MARKET;POWER AND UTILITIES;BR;63,1;Direto
CLI053142;MID MARKET;COMMUNICATIONS, MEDIA AND SERVICES;BR;59,8;Direto
CLI053143;PUBLIC SECTOR;COMMUNICATIONS, MEDIA AND SERVICES;BR;53,9;Direto
CLI053144;MID MARKET;COMMUNICATIONS, MEDIA AND SERVICES;BR;32,6;Direto
CLI053145;LARGE ENTERPRISE;HEALTHCARE AND LIFE SCIENCES;BR;32,3;Direto
CLI053146;LARGE ENTERPRISE;HEALTHCARE AND LIFE SCIENCES;BR;65,7;Direto
CLI053147;SMALL MARKET;COMMUNICATIONS, MEDIA AND SERVICES;PE;35,6;Direto
CLI053148;GLOBAL ACCOUNT;COMMUNICATIONS, MEDIA AND SERVICES;BR;65,6;Direto
CLI053149;LARGE ENTERPRISE;INSURANCE;BR;53,6;Direto
CLI053150;GLOBAL ACCOUNT;WHOLESALE TRADE;PE;56,7;Direto
CLI053151;MID MARKET;MANUFACTURING AND NATURAL RESOURCES;BR;23,5;Direto
CLI053152;STRATEGIC ACCOUNT;COMMUNICATIONS, MEDIA AND SERVICES;BR;65,3;Direto
CLI053153;LARGE ENTERPRISE;COMMUNICATIONS, MEDIA AND SERVICES;BR;52,4;Direto
CLI053154;MID MARKET;MANUFACTURING AND NATURAL RESOURCES;BR;62,1;Direto
CLI053155;MID MARKET;COMMUNICATIONS, MEDIA AND SERVICES;BR;34,3;Direto
CLI053156;STRATEGIC ACCOUNT;COMMUNICATIONS, MEDIA AND SERVICES;BR;56,1;Direto
CLI053157;LARGE ENTERPRISE;COMMUNICATIONS, MEDIA AND SERVICES;BR;2,4;Direto
CLI053158;SMALL MARKET;COMMUNICATIONS, MEDIA AND SERVICES;BR;62,4;Direto
CLI053159;MID MARKET;RETAIL;BR;49,8;Direto
CLI053160;GLOBAL ACCOUNT;WHOLESALE TRADE;CO;54,3;Direto
CLI053161;LARGE ENTERPRISE;COMMUNICATIONS, MEDIA AND SERVICES;BR;45,0;Direto
CLI053162;GLOBAL ACCOUNT;COMMUNICATIONS, MEDIA AND SERVICES;MX;65,5;Direto
CLI053163;SMALL MARKET;MANUFACTURING AND NATURAL RESOURCES;BR;48,5;Direto
CLI053164;MID MARKET;COMMUNICATIONS, MEDIA AND SERVICES;BR;49,6;Direto
CLI053165;MID MARKET;WHOLESALE TRADE;BR;30,1;Direto
CLI053166;GLOBAL ACCOUNT;WHOLESALE TRADE;BR;65,5;Direto
CLI053167;MID MARKET;WHOLESALE TRADE;PE;58,8;Direto
CLI053168;PUBLIC SECTOR;HEALTHCARE AND LIFE SCIENCES;BR;54,3;Direto
CLI053169;LARGE ENTERPRISE;MANUFACTURING AND NATURAL RESOURCES;BR;30,2;Direto
CLI053170;GLOBAL ACCOUNT;COMMUNICATIONS, MEDIA AND SERVICES;MX;65,5;Direto
CLI053171;PUBLIC SECTOR;COMMUNICATIONS, MEDIA AND SERVICES;BR;57,5;Direto
CLI053172;MID MARKET;MANUFACTURING AND NATURAL RESOURCES;BR;54,8;Direto
CLI053173;STRATEGIC ACCOUNT;EDUCATION;MX;14,0;Direto
CLI053174;LARGE ENTERPRISE;MANUFACTURING AND NATURAL RESOURCES;BR;65,3;Direto
CLI053175;LARGE ENTERPRISE;POWER AND UTILITIES;AR;1,7;Direto
CLI053176;GLOBAL ACCOUNT;COMMUNICATIONS, MEDIA AND SERVICES;BR;52,2;Direto
CLI053177;LARGE ENTERPRISE;BANKING AND INVESTMENT SERVICES;BR;24,5;Direto
CLI053178;MID MARKET;COMMUNICATIONS, MEDIA AND SERVICES;BR;44,7;Direto
CLI053179;MID MARKET;COMMUNICATIONS, MEDIA AND SERVICES;BR;7,6;Direto
CLI053180;LARGE ENTERPRISE;COMMUNICATIONS, MEDIA AND SERVICES;BR;60,3;Direto
CLI053181;MID MARKET;COMMUNICATIONS, MEDIA AND SERVICES;BR;43,8;Direto
CLI053182;GLOBAL ACCOUNT;WHOLESALE TRADE;MX;54,4;Direto
CLI053183;LARGE ENTERPRISE;MANUFACTURING AND NATURAL RESOURCES;BR;55,7;Direto
CLI053184;SMALL MARKET;;PE;64,8;Direto
CLI053185;LARGE ENTERPRISE;HEALTHCARE AND LIFE SCIENCES;BR;17,5;Direto
CLI053186;PUBLIC SECTOR;GOVERNMENT;BR;44,5;Direto
CLI053187;GLOBAL ACCOUNT;COMMUNICATIONS, MEDIA AND SERVICES;BR;52,1;Direto
CLI053188;MID MARKET;COMMUNICATIONS, MEDIA AND SERVICES;BR;17,2;Direto
CLI053189;PUBLIC SECTOR;GOVERNMENT;BR;53,8;Direto
CLI053190;LARGE ENTERPRISE;MANUFACTURING AND NATURAL RESOURCES;BR;65,7;Direto
CLI053191;STRATEGIC ACCOUNT;TRANSPORTATION;BR;56,3;Direto
CLI053192;PUBLIC SECTOR;GOVERNMENT;AR;37,2;Direto
CLI053193;MID MARKET;WHOLESALE TRADE;BR;1,6;Direto
CLI053194;MID MARKET;COMMUNICATIONS, MEDIA AND SERVICES;BR;48,1;Direto
CLI053195;GLOBAL ACCOUNT;COMMUNICATIONS, MEDIA AND SERVICES;BR;59,9;Direto
CLI053196;LARGE ENTERPRISE;BANKING AND INVESTMENT SERVICES;BR;51,9;Direto
CLI053197;GLOBAL ACCOUNT;COMMUNICATIONS, MEDIA AND SERVICES;AR;36,5;Direto
CLI053198;GLOBAL ACCOUNT;RETAIL;BR;41,9;Direto
CLI053199;PUBLIC SECTOR;COMMUNICATIONS, MEDIA AND SERVICES;BR;43,9;Direto
CLI053200;MID MARKET;TRANSPORTATION;BR;43,5;Direto
CLI053201;PUBLIC SECTOR;GOVERNMENT;BR;47,5;Direto
CLI053202;LARGE ENTERPRISE;TRANSPORTATION;BR;8,5;Direto
CLI053203;SMALL MARKET;BANKING AND INVESTMENT SERVICES;BR;64,2;Direto
CLI053204;LARGE ENTERPRISE;COMMUNICATIONS, MEDIA AND SERVICES;BR;33,3;Direto
CLI053205;GLOBAL ACCOUNT;COMMUNICATIONS, MEDIA AND SERVICES;BR;53,4;Direto
CLI053206;MID MARKET;COMMUNICATIONS, MEDIA AND SERVICES;BR;54,1;Direto
CLI053207;MID MARKET;COMMUNICATIONS, MEDIA AND SERVICES;BR;15,4;Direto
CLI053208;PUBLIC SECTOR;GOVERNMENT;BR;47,6;Direto
CLI053209;PUBLIC SECTOR;EDUCATION;BR;55,8;Direto
CLI053210;GLOBAL ACCOUNT;COMMUNICATIONS, MEDIA AND SERVICES;AR;64,2;Direto
CLI053211;GLOBAL ACCOUNT;COMMUNICATIONS, MEDIA AND SERVICES;CO;48,6;Direto
CLI053212;SMALL MARKET;COMMUNICATIONS, MEDIA AND SERVICES;BR;53,1;Direto
CLI053213;LARGE ENTERPRISE;INSURANCE;BR;63,4;Direto
CLI053214;GLOBAL ACCOUNT;BANKING AND INVESTMENT SERVICES;CO;58,7;Direto
CLI053215;LARGE ENTERPRISE;RETAIL;AR;58,2;Direto
CLI053216;SMALL MARKET;MANUFACTURING AND NATURAL RESOURCES;BR;59,7;Direto
CLI053217;LARGE ENTERPRISE;RETAIL;BR;64,8;Direto
CLI053218;LARGE ENTERPRISE;BANKING AND INVESTMENT SERVICES;BR;49,0;Direto
CLI053219;GLOBAL ACCOUNT;MANUFACTURING AND NATURAL RESOURCES;BR;64,8;Direto
CLI053220;MID MARKET;MANUFACTURING AND NATURAL RESOURCES;BR;18,6;Direto
CLI053221;LARGE ENTERPRISE;TRANSPORTATION;BR;6,4;Direto
CLI053222;GLOBAL ACCOUNT;COMMUNICATIONS, MEDIA AND SERVICES;BR;45,4;Direto
CLI053223;MID MARKET;OIL AND GAS;BR;11,2;Direto
CLI053224;PUBLIC SECTOR;EDUCATION;BR;32,9;Direto
CLI053225;MID MARKET;COMMUNICATIONS, MEDIA AND SERVICES;CO;25,8;Direto
CLI053226;LARGE ENTERPRISE;TRANSPORTATION;AR;49,4;Direto
CLI053227;PUBLIC SECTOR;GOVERNMENT;BR;59,5;Direto
CLI053228;MID MARKET;COMMUNICATIONS, MEDIA AND SERVICES;BR;38,9;Direto
CLI053229;MID MARKET;COMMUNICATIONS, MEDIA AND SERVICES;BR;3,5;Direto
CLI053230;LARGE ENTERPRISE;UNCLASSIFIED;CO;57,3;Direto
CLI053231;LARGE ENTERPRISE;POWER AND UTILITIES;BR;65,1;Direto
CLI053232;GLOBAL ACCOUNT;RETAIL;CO;65,0;Direto
CLI053233;MID MARKET;COMMUNICATIONS, MEDIA AND SERVICES;BR;22,4;Direto
CLI053234;MID MARKET;TRANSPORTATION;BR;22,9;Direto
CLI053235;SMALL MARKET;UNCLASSIFIED;MX;37,8;Direto
CLI053236;LARGE ENTERPRISE;MANUFACTURING AND NATURAL RESOURCES;BR;32,8;Direto
CLI053237;GLOBAL ACCOUNT;MANUFACTURING AND NATURAL RESOURCES;AR;55,7;Direto
CLI053238;PUBLIC SECTOR;GOVERNMENT;BR;44,7;Direto
CLI053239;LARGE ENTERPRISE;POWER AND UTILITIES;BR;53,4;Direto
CLI053240;GLOBAL ACCOUNT;COMMUNICATIONS, MEDIA AND SERVICES;BR;63,3;Direto
CLI053241;LARGE ENTERPRISE;HEALTHCARE AND LIFE SCIENCES;BR;57,0;Direto
CLI053242;LARGE ENTERPRISE;COMMUNICATIONS, MEDIA AND SERVICES;BR;46,1;Direto
CLI053243;GLOBAL ACCOUNT;BANKING AND INVESTMENT SERVICES;AR;60,8;Direto
CLI053244;MID MARKET;MANUFACTURING AND NATURAL RESOURCES;BR;40,3;Direto
CLI053245;GLOBAL ACCOUNT;MANUFACTURING AND NATURAL RESOURCES;AR;64,6;Direto
CLI053246;MID MARKET;MANUFACTURING AND NATURAL RESOURCES;BR;51,2;Direto
CLI053247;LARGE ENTERPRISE;MANUFACTURING AND NATURAL RESOURCES;BR;41,8;Direto
CLI053248;STRATEGIC ACCOUNT;RETAIL;BR;26,3;Direto
CLI053249;PUBLIC SECTOR;EDUCATION;BR;65,5;Direto
CLI053250;STRATEGIC ACCOUNT;COMMUNICATIONS, MEDIA AND SERVICES;BR;65,5;Direto
CLI053251;LARGE ENTERPRISE;MANUFACTURING AND NATURAL RESOURCES;BR;61,5;Direto
CLI053252;SMALL MARKET;COMMUNICATIONS, MEDIA AND SERVICES;BR;43,3;Direto
CLI053253;STRATEGIC ACCOUNT;COMMUNICATIONS, MEDIA AND SERVICES;BR;64,6;Direto
CLI053254;MID MARKET;COMMUNICATIONS, MEDIA AND SERVICES;BR;2,5;Direto
CLI053255;GLOBAL ACCOUNT;COMMUNICATIONS, MEDIA AND SERVICES;BR;61,7;Direto
CLI053256;MID MARKET;COMMUNICATIONS, MEDIA AND SERVICES;BR;39,7;Direto
CLI053257;PUBLIC SECTOR;HEALTHCARE AND LIFE SCIENCES;BR;63,1;Direto
CLI053258;GLOBAL ACCOUNT;MANUFACTURING AND NATURAL RESOURCES;BR;64,8;Direto
CLI053259;STRATEGIC ACCOUNT;COMMUNICATIONS, MEDIA AND SERVICES;BR;38,0;Direto
CLI053260;GLOBAL ACCOUNT;COMMUNICATIONS, MEDIA AND SERVICES;PE;56,9;Direto
CLI053261;MID MARKET;MANUFACTURING AND NATURAL RESOURCES;BR;46,8;Direto
CLI053262;MID MARKET;MANUFACTURING AND NATURAL RESOURCES;BR;48,2;Direto
CLI053263;GLOBAL ACCOUNT;MANUFACTURING AND NATURAL RESOURCES;AR;48,6;Direto
CLI053264;MID MARKET;WHOLESALE TRADE;BR;40,1;Direto
CLI053265;LARGE ENTERPRISE;POWER AND UTILITIES;BR;54,5;Direto
CLI053266;LARGE ENTERPRISE;EDUCATION;CO;64,5;Direto
CLI053267;GLOBAL ACCOUNT;COMMUNICATIONS, MEDIA AND SERVICES;BR;43,8;Direto
CLI053268;PUBLIC SECTOR;GOVERNMENT;BR;41,7;Direto
CLI053269;MID MARKET;MANUFACTURING AND NATURAL RESOURCES;BR;60,1;Direto
CLI053270;MID MARKET;POWER AND UTILITIES;BR;49,0;Direto
CLI053271;LARGE ENTERPRISE;COMMUNICATIONS, MEDIA AND SERVICES;BR;65,6;Direto
CLI053272;LARGE ENTERPRISE;COMMUNICATIONS, MEDIA AND SERVICES;BR;65,5;Direto
CLI053273;PUBLIC SECTOR;GOVERNMENT;BR;26,4;Direto
CLI053274;LARGE ENTERPRISE;TRANSPORTATION;BR;2,0;Direto
CLI053275;LARGE ENTERPRISE;MANUFACTURING AND NATURAL RESOURCES;BR;62,3;Direto
CLI053276;MID MARKET;MANUFACTURING AND NATURAL RESOURCES;BR;54,0;Direto
CLI053277;GLOBAL ACCOUNT;COMMUNICATIONS, MEDIA AND SERVICES;MX;37,5;Direto
CLI053278;GLOBAL ACCOUNT;MANUFACTURING AND NATURAL RESOURCES;BR;65,3;Direto
CLI053279;GLOBAL ACCOUNT;MANUFACTURING AND NATURAL RESOURCES;BR;3,2;Direto
CLI053280;GLOBAL ACCOUNT;BANKING AND INVESTMENT SERVICES;MX;60,8;Direto
CLI053281;PUBLIC SECTOR;GOVERNMENT;BR;31,0;Direto
CLI053282;PUBLIC SECTOR;WHOLESALE TRADE;BR;64,3;Direto
CLI053283;LARGE ENTERPRISE;MANUFACTURING AND NATURAL RESOURCES;BR;55,0;Direto
CLI053284;SMALL MARKET;COMMUNICATIONS, MEDIA AND SERVICES;BR;33,8;Direto
CLI053285;MID MARKET;COMMUNICATIONS, MEDIA AND SERVICES;BR;46,8;Direto
CLI053286;MID MARKET;COMMUNICATIONS, MEDIA AND SERVICES;BR;52,0;Direto
CLI053287;MID MARKET;MANUFACTURING AND NATURAL RESOURCES;BR;65,6;Direto
CLI053288;GLOBAL ACCOUNT;WHOLESALE TRADE;CO;37,2;Direto
CLI053289;GLOBAL ACCOUNT;MANUFACTURING AND NATURAL RESOURCES;MX;36,5;Direto
CLI053290;MID MARKET;COMMUNICATIONS, MEDIA AND SERVICES;BR;52,9;Direto
CLI053291;GLOBAL ACCOUNT;WHOLESALE TRADE;CO;65,3;Direto
CLI053292;SMALL MARKET;COMMUNICATIONS, MEDIA AND SERVICES;BR;46,4;Direto
CLI053293;MID MARKET;MANUFACTURING AND NATURAL RESOURCES;BR;29,8;Direto
CLI053294;PUBLIC SECTOR;EDUCATION;BR;60,2;Direto
CLI053295;MID MARKET;WHOLESALE TRADE;BR;41,4;Direto
CLI053296;MID MARKET;COMMUNICATIONS, MEDIA AND SERVICES;BR;50,1;Direto
CLI053297;MID MARKET;RETAIL;BR;11,4;Direto
CLI053298;LARGE ENTERPRISE;COMMUNICATIONS, MEDIA AND SERVICES;CL;33,9;Direto
CLI053299;LARGE ENTERPRISE;COMMUNICATIONS, MEDIA AND SERVICES;AR;14,2;Direto
CLI053300;LARGE ENTERPRISE;COMMUNICATIONS, MEDIA AND SERVICES;BR;23,7;Direto
CLI053301;GLOBAL ACCOUNT;OIL AND GAS;AR;3,4;Direto
CLI053302;LARGE ENTERPRISE;BANKING AND INVESTMENT SERVICES;MX;64,1;Direto
CLI053303;GLOBAL ACCOUNT;COMMUNICATIONS, MEDIA AND SERVICES;CO;23,0;Direto
CLI053304;GLOBAL ACCOUNT;WHOLESALE TRADE;EC;64,0;Direto
CLI053305;MID MARKET;GOVERNMENT;BR;56,5;Direto
CLI053306;PUBLIC SECTOR;GOVERNMENT;BR;29,9;Direto
CLI053307;GLOBAL ACCOUNT;MANUFACTURING AND NATURAL RESOURCES;BR;19,0;Direto
CLI053308;GLOBAL ACCOUNT;OIL AND GAS;PE;38,4;Direto
CLI053309;LARGE ENTERPRISE;HEALTHCARE AND LIFE SCIENCES;AR;63,7;Direto
CLI053310;PUBLIC SECTOR;GOVERNMENT;BR;40,3;Direto
CLI053311;SMALL MARKET;COMMUNICATIONS, MEDIA AND SERVICES;PE;44,5;Direto
CLI053312;MID MARKET;HEALTHCARE AND LIFE SCIENCES;BR;41,5;Direto
CLI053313;LARGE ENTERPRISE;EDUCATION;CO;63,4;Direto
CLI053314;MID MARKET;COMMUNICATIONS, MEDIA AND SERVICES;BR;26,1;Direto
CLI053315;PUBLIC SECTOR;GOVERNMENT;BR;55,9;Direto
CLI053316;LARGE ENTERPRISE;OIL AND GAS;BR;64,1;Direto
CLI053317;GLOBAL ACCOUNT;COMMUNICATIONS, MEDIA AND SERVICES;AR;65,5;Direto
CLI053318;MID MARKET;COMMUNICATIONS, MEDIA AND SERVICES;BR;10,9;Direto
CLI053319;LARGE ENTERPRISE;WHOLESALE TRADE;BR;31,6;Direto
CLI053320;MID MARKET;COMMUNICATIONS, MEDIA AND SERVICES;BR;17,8;Direto
CLI053321;SMALL MARKET;MANUFACTURING AND NATURAL RESOURCES;BR;51,9;Direto
CLI053322;PUBLIC SECTOR;COMMUNICATIONS, MEDIA AND SERVICES;BR;65,3;Direto
CLI053323;MID MARKET;MANUFACTURING AND NATURAL RESOURCES;BR;65,5;Direto
CLI053324;GLOBAL ACCOUNT;RETAIL;CL;26,3;Direto
CLI053325;SMALL MARKET;COMMUNICATIONS, MEDIA AND SERVICES;BR;45,0;Direto
CLI053326;SMALL MARKET;COMMUNICATIONS, MEDIA AND SERVICES;BR;41,2;Direto
CLI053327;PUBLIC SECTOR;COMMUNICATIONS, MEDIA AND SERVICES;BR;42,1;Direto
CLI053328;LARGE ENTERPRISE;MANUFACTURING AND NATURAL RESOURCES;BR;20,6;Direto
CLI053329;PUBLIC SECTOR;GOVERNMENT;BR;29,8;Direto
CLI053330;LARGE ENTERPRISE;MANUFACTURING AND NATURAL RESOURCES;BR;4,1;Direto
CLI053331;MID MARKET;RETAIL;BR;52,1;Direto
CLI053332;GLOBAL ACCOUNT;WHOLESALE TRADE;CO;28,9;Direto
CLI053333;MID MARKET;RETAIL;BR;0,1;Direto
CLI053334;MID MARKET;RETAIL;BR;41,0;Direto
CLI053335;GLOBAL ACCOUNT;COMMUNICATIONS, MEDIA AND SERVICES;BR;65,6;Direto
CLI053336;MID MARKET;WHOLESALE TRADE;BR;49,9;Direto
CLI053337;PUBLIC SECTOR;EDUCATION;BR;44,6;Direto
CLI053338;LARGE ENTERPRISE;MANUFACTURING AND NATURAL RESOURCES;BR;5,2;Direto
CLI053339;LARGE ENTERPRISE;MANUFACTURING AND NATURAL RESOURCES;BR;64,6;Direto
CLI053340;STRATEGIC ACCOUNT;MANUFACTURING AND NATURAL RESOURCES;BR;4,9;Direto
CLI053341;SMALL MARKET;COMMUNICATIONS, MEDIA AND SERVICES;BR;49,9;Direto
CLI053342;GLOBAL ACCOUNT;COMMUNICATIONS, MEDIA AND SERVICES;BR;60,3;Direto
CLI053343;MID MARKET;TRANSPORTATION;PE;63,2;Direto
CLI053344;LARGE ENTERPRISE;COMMUNICATIONS, MEDIA AND SERVICES;BR;39,2;Direto
CLI053345;MID MARKET;TRANSPORTATION;BR;54,1;Direto
CLI053346;LARGE ENTERPRISE;COMMUNICATIONS, MEDIA AND SERVICES;PE;62,1;Direto
CLI053347;SMALL MARKET;COMMUNICATIONS, MEDIA AND SERVICES;PE;57,8;Direto
CLI053348;PUBLIC SECTOR;COMMUNICATIONS, MEDIA AND SERVICES;BR;2,5;Direto
CLI053349;PUBLIC SECTOR;GOVERNMENT;BR;39,9;Direto
CLI053350;LARGE ENTERPRISE;COMMUNICATIONS, MEDIA AND SERVICES;CO;56,8;Direto
CLI053351;LARGE ENTERPRISE;BANKING AND INVESTMENT SERVICES;BR;20,3;Direto
CLI053352;PUBLIC SECTOR;EDUCATION;BR;47,4;Direto
CLI053353;LARGE ENTERPRISE;INSURANCE;BR;11,0;Direto
CLI053354;MID MARKET;EDUCATION;BR;47,5;Direto
CLI053355;MID MARKET;RETAIL;BR;61,3;Direto
CLI053356;PUBLIC SECTOR;GOVERNMENT;BR;57,8;Direto
CLI053357;MID MARKET;MANUFACTURING AND NATURAL RESOURCES;BR;41,5;Direto
CLI053358;MID MARKET;COMMUNICATIONS, MEDIA AND SERVICES;BR;53,7;Direto
CLI053359;LARGE ENTERPRISE;COMMUNICATIONS, MEDIA AND SERVICES;MX;65,5;Direto
CLI053360;GLOBAL ACCOUNT;COMMUNICATIONS, MEDIA AND SERVICES;CO;39,8;Direto
CLI053361;SMALL MARKET;RETAIL;BR;2,0;Direto
CLI053362;LARGE ENTERPRISE;MANUFACTURING AND NATURAL RESOURCES;AR;63,4;Direto
CLI053363;LARGE ENTERPRISE;COMMUNICATIONS, MEDIA AND SERVICES;BR;2,2;Direto
CLI053364;GLOBAL ACCOUNT;COMMUNICATIONS, MEDIA AND SERVICES;BR;62,8;Direto
CLI053365;PUBLIC SECTOR;GOVERNMENT;BR;54,7;Direto
CLI053366;LARGE ENTERPRISE;MANUFACTURING AND NATURAL RESOURCES;BR;53,6;Direto
CLI053367;SMALL MARKET;COMMUNICATIONS, MEDIA AND SERVICES;AR;56,8;Direto
CLI053368;PUBLIC SECTOR;GOVERNMENT;BR;33,2;Direto
CLI053369;LARGE ENTERPRISE;MANUFACTURING AND NATURAL RESOURCES;BR;65,4;Direto
CLI053370;LARGE ENTERPRISE;POWER AND UTILITIES;BR;41,9;Direto
CLI053371;LARGE ENTERPRISE;INSURANCE;BR;37,7;Direto
CLI053372;STRATEGIC ACCOUNT;COMMUNICATIONS, MEDIA AND SERVICES;BR;5,4;Direto
CLI053373;GLOBAL ACCOUNT;MANUFACTURING AND NATURAL RESOURCES;BR;65,5;Direto
CLI053374;MID MARKET;MANUFACTURING AND NATURAL RESOURCES;BR;62,1;Direto
CLI053375;MID MARKET;POWER AND UTILITIES;BR;33,0;Direto
CLI053376;LARGE ENTERPRISE;WHOLESALE TRADE;MX;54,2;Direto
CLI053377;PUBLIC SECTOR;HEALTHCARE AND LIFE SCIENCES;BR;41,1;Direto
CLI053378;GLOBAL ACCOUNT;WHOLESALE TRADE;MX;60,3;Direto
CLI053379;PUBLIC SECTOR;GOVERNMENT;MX;55,4;Direto
CLI053380;PUBLIC SECTOR;GOVERNMENT;BR;34,8;Direto
CLI053381;MID MARKET;COMMUNICATIONS, MEDIA AND SERVICES;BR;63,5;Direto
CLI053382;PUBLIC SECTOR;EDUCATION;BR;49,1;Direto
CLI053383;PUBLIC SECTOR;EDUCATION;BR;2,2;Direto
CLI053384;LARGE ENTERPRISE;BANKING AND INVESTMENT SERVICES;AR;35,5;Direto
CLI053385;SMALL MARKET;COMMUNICATIONS, MEDIA AND SERVICES;AR;37,2;Direto
CLI053386;LARGE ENTERPRISE;MANUFACTURING AND NATURAL RESOURCES;BR;23,8;Direto
CLI053387;LARGE ENTERPRISE;INSURANCE;BR;38,7;Direto
CLI053388;LARGE ENTERPRISE;WHOLESALE TRADE;BR;8,3;Direto
CLI053389;MID MARKET;COMMUNICATIONS, MEDIA AND SERVICES;BR;36,8;Direto
CLI053390;LARGE ENTERPRISE;COMMUNICATIONS, MEDIA AND SERVICES;BR;64,1;Direto
CLI053391;MID MARKET;RETAIL;BR;64,3;Direto
CLI053392;SMALL MARKET;MANUFACTURING AND NATURAL RESOURCES;BR;62,5;Direto
CLI053393;GLOBAL ACCOUNT;MANUFACTURING AND NATURAL RESOURCES;BR;65,6;Direto
CLI053394;MID MARKET;MANUFACTURING AND NATURAL RESOURCES;BR;44,3;Direto
CLI053395;LARGE ENTERPRISE;COMMUNICATIONS, MEDIA AND SERVICES;BR;62,2;Direto
CLI053396;LARGE ENTERPRISE;WHOLESALE TRADE;BR;58,2;Direto
CLI053397;SMALL MARKET;COMMUNICATIONS, MEDIA AND SERVICES;BR;54,3;Direto
CLI053398;GLOBAL ACCOUNT;WHOLESALE TRADE;BR;65,3;Direto
CLI053399;LARGE ENTERPRISE;COMMUNICATIONS, MEDIA AND SERVICES;MX;26,8;Direto
CLI053400;MID MARKET;MANUFACTURING AND NATURAL RESOURCES;BR;39,4;Direto
CLI053401;SMALL MARKET;COMMUNICATIONS, MEDIA AND SERVICES;BR;58,6;Direto
CLI053402;MID MARKET;COMMUNICATIONS, MEDIA AND SERVICES;BR;17,8;Direto
CLI053403;PUBLIC SECTOR;COMMUNICATIONS, MEDIA AND SERVICES;BR;60,6;Direto
CLI053404;PUBLIC SECTOR;GOVERNMENT;BR;40,2;Direto
CLI053405;SMALL MARKET;COMMUNICATIONS, MEDIA AND SERVICES;BR;40,5;Direto
CLI053406;PUBLIC SECTOR;POWER AND UTILITIES;BR;27,7;Direto
CLI053407;PUBLIC SECTOR;COMMUNICATIONS, MEDIA AND SERVICES;BR;45,2;Direto
CLI053408;MID MARKET;TRANSPORTATION;BR;5,2;Direto
CLI053409;PUBLIC SECTOR;COMMUNICATIONS, MEDIA AND SERVICES;BR;64,3;Direto
CLI053410;LARGE ENTERPRISE;MANUFACTURING AND NATURAL RESOURCES;MX;64,8;Direto
CLI053411;MID MARKET;MANUFACTURING AND NATURAL RESOURCES;BR;10,0;Direto
CLI053412;PUBLIC SECTOR;EDUCATION;BR;32,8;Direto
CLI053413;LARGE ENTERPRISE;MANUFACTURING AND NATURAL RESOURCES;AR;44,1;Direto
CLI053414;SMALL MARKET;COMMUNICATIONS, MEDIA AND SERVICES;BR;54,3;Direto
CLI053415;MID MARKET;COMMUNICATIONS, MEDIA AND SERVICES;BR;43,3;Direto
CLI053416;GLOBAL ACCOUNT;INSURANCE;BR;64,0;Direto
CLI053417;PUBLIC SECTOR;GOVERNMENT;BR;53,1;Direto
CLI053418;MID MARKET;RETAIL;BR;65,3;Direto
CLI053419;MID MARKET;COMMUNICATIONS, MEDIA AND SERVICES;BR;65,0;Direto
CLI053420;MID MARKET;COMMUNICATIONS, MEDIA AND SERVICES;BR;29,5;Direto
CLI053421;GLOBAL ACCOUNT;RETAIL;CO;60,1;Direto
CLI053422;SMALL MARKET;COMMUNICATIONS, MEDIA AND SERVICES;PE;64,6;Direto
CLI053423;LARGE ENTERPRISE;COMMUNICATIONS, MEDIA AND SERVICES;BR;30,7;Direto
CLI053424;SMALL MARKET;POWER AND UTILITIES;BR;63,1;Direto
CLI053425;MID MARKET;COMMUNICATIONS, MEDIA AND SERVICES;BR;4,3;Direto
CLI053426;SMALL MARKET;COMMUNICATIONS, MEDIA AND SERVICES;BR;48,0;Direto
CLI053427;SMALL MARKET;WHOLESALE TRADE;BR;55,9;Direto
CLI053428;LARGE ENTERPRISE;COMMUNICATIONS, MEDIA AND SERVICES;BR;60,2;Direto
CLI053429;LARGE ENTERPRISE;BANKING AND INVESTMENT SERVICES;AR;31,0;Direto
CLI053430;SMALL MARKET;RETAIL;BR;44,7;Direto
CLI053431;SMALL MARKET;MANUFACTURING AND NATURAL RESOURCES;BR;41,5;Direto
CLI053432;MID MARKET;MANUFACTURING AND NATURAL RESOURCES;BR;59,2;Direto
CLI053433;SMALL MARKET;COMMUNICATIONS, MEDIA AND SERVICES;BR;48,6;Direto
CLI053434;MID MARKET;BANKING AND INVESTMENT SERVICES;BR;17,5;Direto
CLI053435;PUBLIC SECTOR;GOVERNMENT;BR;65,5;Direto
CLI053436;PUBLIC SECTOR;COMMUNICATIONS, MEDIA AND SERVICES;BR;42,4;Direto
CLI053437;LARGE ENTERPRISE;MANUFACTURING AND NATURAL RESOURCES;BR;4,1;Direto
CLI053438;LARGE ENTERPRISE;MANUFACTURING AND NATURAL RESOURCES;BR;46,1;Direto
CLI053439;GLOBAL ACCOUNT;COMMUNICATIONS, MEDIA AND SERVICES;AR;62,5;Direto
CLI053440;STRATEGIC ACCOUNT;BANKING AND INVESTMENT SERVICES;BR;26,0;Direto
CLI053441;GLOBAL ACCOUNT;COMMUNICATIONS, MEDIA AND SERVICES;MX;65,0;Direto
CLI053442;MID MARKET;WHOLESALE TRADE;BR;64,6;Direto
CLI053443;LARGE ENTERPRISE;MANUFACTURING AND NATURAL RESOURCES;BR;61,1;Direto
CLI053444;GLOBAL ACCOUNT;TRANSPORTATION;BR;2,4;Direto
CLI053445;MID MARKET;RETAIL;BR;49,9;Direto
CLI053446;LARGE ENTERPRISE;COMMUNICATIONS, MEDIA AND SERVICES;AR;29,6;Direto
CLI053447;GLOBAL ACCOUNT;COMMUNICATIONS, MEDIA AND SERVICES;CO;27,0;Direto
CLI053448;MID MARKET;COMMUNICATIONS, MEDIA AND SERVICES;BR;35,9;Direto
CLI053449;SMALL MARKET;WHOLESALE TRADE;BR;40,7;Direto
CLI053450;MID MARKET;COMMUNICATIONS, MEDIA AND SERVICES;BR;6,9;Direto
CLI053451;MID MARKET;COMMUNICATIONS, MEDIA AND SERVICES;BR;52,3;Direto
CLI053452;LARGE ENTERPRISE;COMMUNICATIONS, MEDIA AND SERVICES;BR;2,5;Direto
CLI053453;MID MARKET;COMMUNICATIONS, MEDIA AND SERVICES;BR;48,4;Direto
CLI053454;LARGE ENTERPRISE;COMMUNICATIONS, MEDIA AND SERVICES;BR;55,5;Direto
CLI053455;MID MARKET;RETAIL;BR;35,4;Direto
CLI053456;LARGE ENTERPRISE;WHOLESALE TRADE;BR;7,2;Direto
CLI053457;SMALL MARKET;TRANSPORTATION;BR;63,9;Direto
CLI053458;MID MARKET;RETAIL;BR;50,7;Direto
CLI053459;MID MARKET;COMMUNICATIONS, MEDIA AND SERVICES;AR;62,3;Direto
CLI053460;GLOBAL ACCOUNT;WHOLESALE TRADE;BR;2,8;Direto
CLI053461;PUBLIC SECTOR;GOVERNMENT;BR;29,7;Direto
CLI053462;PUBLIC SECTOR;POWER AND UTILITIES;BR;6,2;Direto
CLI053463;LARGE ENTERPRISE;RETAIL;BR;4,3;Direto
CLI053464;STRATEGIC ACCOUNT;BANKING AND INVESTMENT SERVICES;BR;13,2;Direto
CLI053465;PUBLIC SECTOR;GOVERNMENT;BR;17,1;Direto
CLI053466;LARGE ENTERPRISE;COMMUNICATIONS, MEDIA AND SERVICES;BR;63,4;Direto
CLI053467;GLOBAL ACCOUNT;COMMUNICATIONS, MEDIA AND SERVICES;BR;30,0;Direto
CLI053468;MID MARKET;EDUCATION;CO;29,8;Direto
CLI053469;MID MARKET;COMMUNICATIONS, MEDIA AND SERVICES;BR;60,5;Direto
CLI053470;LARGE ENTERPRISE;MANUFACTURING AND NATURAL RESOURCES;BR;17,7;Direto
CLI053471;LARGE ENTERPRISE;COMMUNICATIONS, MEDIA AND SERVICES;BR;5,1;Direto
CLI053472;GLOBAL ACCOUNT;MANUFACTURING AND NATURAL RESOURCES;BR;53,8;Direto
CLI053473;PUBLIC SECTOR;GOVERNMENT;BR;35,4;Direto
CLI053474;LARGE ENTERPRISE;COMMUNICATIONS, MEDIA AND SERVICES;AR;9,7;Direto
CLI053475;MID MARKET;WHOLESALE TRADE;BR;35,5;Direto
CLI053476;SMALL MARKET;RETAIL;BR;51,7;Direto
CLI053477;GLOBAL ACCOUNT;COMMUNICATIONS, MEDIA AND SERVICES;BR;53,1;Direto
CLI053478;MID MARKET;WHOLESALE TRADE;BR;37,8;Direto
CLI053479;SMALL MARKET;COMMUNICATIONS, MEDIA AND SERVICES;BR;52,0;Direto
CLI053480;SMALL MARKET;UNCLASSIFIED;MX;18,3;Direto
CLI053481;MID MARKET;WHOLESALE TRADE;BR;60,9;Direto
CLI053482;MID MARKET;TRANSPORTATION;BR;38,2;Direto
CLI053483;GLOBAL ACCOUNT;INSURANCE;BR;44,9;Direto
CLI053484;MID MARKET;COMMUNICATIONS, MEDIA AND SERVICES;BR;52,0;Direto
CLI053485;PUBLIC SECTOR;GOVERNMENT;BR;40,0;Direto
CLI053486;GLOBAL ACCOUNT;COMMUNICATIONS, MEDIA AND SERVICES;CO;64,5;Direto
CLI053487;GLOBAL ACCOUNT;COMMUNICATIONS, MEDIA AND SERVICES;AR;65,5;Direto
CLI053488;GLOBAL ACCOUNT;COMMUNICATIONS, MEDIA AND SERVICES;BR;54,1;Direto
CLI053489;STRATEGIC ACCOUNT;TRANSPORTATION;BR;24,7;Direto
CLI053490;MID MARKET;COMMUNICATIONS, MEDIA AND SERVICES;BR;37,2;Direto
CLI053491;MID MARKET;RETAIL;BR;0,6;Direto
CLI053492;LARGE ENTERPRISE;MANUFACTURING AND NATURAL RESOURCES;BR;6,7;Direto
CLI053493;MID MARKET;MANUFACTURING AND NATURAL RESOURCES;BR;44,5;Direto
CLI053494;STRATEGIC ACCOUNT;COMMUNICATIONS, MEDIA AND SERVICES;BR;35,9;Direto
CLI053495;GLOBAL ACCOUNT;WHOLESALE TRADE;CO;54,8;Direto
CLI053496;LARGE ENTERPRISE;COMMUNICATIONS, MEDIA AND SERVICES;BR;40,5;Direto
CLI053497;MID MARKET;MANUFACTURING AND NATURAL RESOURCES;BR;6,0;Direto
CLI053498;STRATEGIC ACCOUNT;BANKING AND INVESTMENT SERVICES;BR;65,2;Direto
CLI053499;LARGE ENTERPRISE;BANKING AND INVESTMENT SERVICES;AR;21,4;Direto
CLI053500;MID MARKET;TRANSPORTATION;BR;6,2;Direto
CLI053501;LARGE ENTERPRISE;MANUFACTURING AND NATURAL RESOURCES;BR;62,9;Direto
CLI053502;SMALL MARKET;RETAIL;BR;38,4;Direto
CLI053503;GLOBAL ACCOUNT;COMMUNICATIONS, MEDIA AND SERVICES;AR;34,4;Direto
CLI053504;MID MARKET;COMMUNICATIONS, MEDIA AND SERVICES;BR;3,0;Direto
CLI053505;GLOBAL ACCOUNT;HEALTHCARE AND LIFE SCIENCES;MX;55,9;Direto
CLI053506;MID MARKET;RETAIL;BR;46,2;Direto
CLI053507;SMALL MARKET;COMMUNICATIONS, MEDIA AND SERVICES;BR;49,0;Direto
CLI053508;PUBLIC SECTOR;GOVERNMENT;BR;43,1;Direto
CLI053509;MID MARKET;MANUFACTURING AND NATURAL RESOURCES;MX;40,7;Direto
CLI053510;SMALL MARKET;WHOLESALE TRADE;BR;44,8;Direto
CLI053511;MID MARKET;COMMUNICATIONS, MEDIA AND SERVICES;BR;15,6;Direto
CLI053512;SMALL MARKET;COMMUNICATIONS, MEDIA AND SERVICES;BR;39,2;Direto
CLI053513;MID MARKET;COMMUNICATIONS, MEDIA AND SERVICES;BR;33,0;Direto
CLI053514;LARGE ENTERPRISE;COMMUNICATIONS, MEDIA AND SERVICES;BR;62,7;Direto
CLI053515;LARGE ENTERPRISE;COMMUNICATIONS, MEDIA AND SERVICES;CO;1,3;Direto
CLI053516;MID MARKET;MANUFACTURING AND NATURAL RESOURCES;BR;55,2;Direto
CLI053517;MID MARKET;GOVERNMENT;PE;58,0;Direto
CLI053518;MID MARKET;EDUCATION;PE;64,5;Direto
CLI053519;MID MARKET;COMMUNICATIONS, MEDIA AND SERVICES;BR;36,9;Direto
CLI053520;SMALL MARKET;BANKING AND INVESTMENT SERVICES;BR;42,6;Direto
CLI053521;SMALL MARKET;COMMUNICATIONS, MEDIA AND SERVICES;BR;33,7;Direto
CLI053522;MID MARKET;COMMUNICATIONS, MEDIA AND SERVICES;BR;65,7;Direto
CLI053523;MID MARKET;MANUFACTURING AND NATURAL RESOURCES;BR;8,9;Direto
CLI053524;LARGE ENTERPRISE;COMMUNICATIONS, MEDIA AND SERVICES;BR;60,2;Direto
CLI053525;SMALL MARKET;COMMUNICATIONS, MEDIA AND SERVICES;BR;41,8;Direto
CLI053526;STRATEGIC ACCOUNT;COMMUNICATIONS, MEDIA AND SERVICES;BR;48,5;Direto
CLI053527;GLOBAL ACCOUNT;BANKING AND INVESTMENT SERVICES;BR;59,1;Direto
CLI053528;LARGE ENTERPRISE;TRANSPORTATION;MX;29,6;Direto
CLI053529;MID MARKET;MANUFACTURING AND NATURAL RESOURCES;BR;39,6;Direto
CLI053530;GLOBAL ACCOUNT;RETAIL;AR;63,1;Direto
CLI053531;STRATEGIC ACCOUNT;COMMUNICATIONS, MEDIA AND SERVICES;BR;18,1;Direto
CLI053532;GLOBAL ACCOUNT;COMMUNICATIONS, MEDIA AND SERVICES;BR;46,1;Direto
CLI053533;MID MARKET;COMMUNICATIONS, MEDIA AND SERVICES;BR;64,3;Direto
CLI053534;MID MARKET;COMMUNICATIONS, MEDIA AND SERVICES;BR;48,8;Direto
CLI053535;MID MARKET;WHOLESALE TRADE;BR;43,6;Direto
CLI053536;LARGE ENTERPRISE;TRANSPORTATION;BR;32,9;Direto
CLI053537;LARGE ENTERPRISE;COMMUNICATIONS, MEDIA AND SERVICES;BR;60,8;Direto
CLI053538;GLOBAL ACCOUNT;WHOLESALE TRADE;BR;65,3;Direto
CLI053539;STRATEGIC ACCOUNT;COMMUNICATIONS, MEDIA AND SERVICES;BR;57,4;Direto
CLI053540;MID MARKET;MANUFACTURING AND NATURAL RESOURCES;BR;17,2;Direto
CLI053541;MID MARKET;MANUFACTURING AND NATURAL RESOURCES;BR;53,9;Direto
CLI053542;SMALL MARKET;;MX;65,2;Direto
CLI053543;MID MARKET;COMMUNICATIONS, MEDIA AND SERVICES;PE;64,6;Direto
CLI053544;GLOBAL ACCOUNT;MANUFACTURING AND NATURAL RESOURCES;BR;46,1;Direto
CLI053545;MID MARKET;COMMUNICATIONS, MEDIA AND SERVICES;BR;58,8;Direto
CLI053546;PUBLIC SECTOR;COMMUNICATIONS, MEDIA AND SERVICES;BR;65,2;Direto
CLI053547;STRATEGIC ACCOUNT;BANKING AND INVESTMENT SERVICES;BR;61,3;Direto
CLI053548;LARGE ENTERPRISE;COMMUNICATIONS, MEDIA AND SERVICES;BR;49,9;Direto
CLI053549;MID MARKET;EDUCATION;BR;55,7;Direto
CLI053550;MID MARKET;WHOLESALE TRADE;BR;8,6;Direto
CLI053551;GLOBAL ACCOUNT;WHOLESALE TRADE;MX;56,1;Direto
CLI053552;SMALL MARKET;WHOLESALE TRADE;BR;51,8;Direto
CLI053553;SMALL MARKET;RETAIL;BR;4,3;Direto
CLI053554;SMALL MARKET;INSURANCE;BR;23,7;Direto
CLI053555;LARGE ENTERPRISE;MANUFACTURING AND NATURAL RESOURCES;BR;64,3;Direto
CLI053556;LARGE ENTERPRISE;COMMUNICATIONS, MEDIA AND SERVICES;BR;40,3;Direto
CLI053557;MID MARKET;BANKING AND INVESTMENT SERVICES;BR;51,7;Direto
CLI053558;PUBLIC SECTOR;EDUCATION;BR;12,6;Direto
CLI053559;LARGE ENTERPRISE;HEALTHCARE AND LIFE SCIENCES;BR;47,7;Direto
CLI053560;MID MARKET;HEALTHCARE AND LIFE SCIENCES;BR;53,1;Direto
CLI053561;MID MARKET;COMMUNICATIONS, MEDIA AND SERVICES;BR;46,8;Direto
CLI053562;GLOBAL ACCOUNT;MANUFACTURING AND NATURAL RESOURCES;BR;44,5;Direto
CLI053563;STRATEGIC ACCOUNT;HEALTHCARE AND LIFE SCIENCES;BR;65,3;Direto
CLI053564;MID MARKET;TRANSPORTATION;BR;41,0;Direto
CLI053565;SMALL MARKET;RETAIL;BR;23,8;Direto
CLI053566;LARGE ENTERPRISE;POWER AND UTILITIES;BR;12,6;Direto
CLI053567;STRATEGIC ACCOUNT;COMMUNICATIONS, MEDIA AND SERVICES;BR;55,2;Direto
CLI053568;SMALL MARKET;COMMUNICATIONS, MEDIA AND SERVICES;BR;59,0;Direto
CLI053569;STRATEGIC ACCOUNT;COMMUNICATIONS, MEDIA AND SERVICES;BR;59,7;Direto
CLI053570;SMALL MARKET;COMMUNICATIONS, MEDIA AND SERVICES;BR;55,1;Direto
CLI053571;MID MARKET;COMMUNICATIONS, MEDIA AND SERVICES;BR;47,5;Direto
CLI053572;MID MARKET;COMMUNICATIONS, MEDIA AND SERVICES;BR;36,1;Direto
CLI053573;SMALL MARKET;COMMUNICATIONS, MEDIA AND SERVICES;BR;45,7;Direto
CLI053574;MID MARKET;COMMUNICATIONS, MEDIA AND SERVICES;BR;51,2;Direto
CLI053575;MID MARKET;RETAIL;BR;58,3;Direto
CLI053576;MID MARKET;WHOLESALE TRADE;MX;37,0;Direto
CLI053577;LARGE ENTERPRISE;MANUFACTURING AND NATURAL RESOURCES;BR;61,0;Direto
CLI053578;MID MARKET;MANUFACTURING AND NATURAL RESOURCES;BR;4,9;Direto
CLI053579;MID MARKET;HEALTHCARE AND LIFE SCIENCES;BR;33,3;Direto
CLI053580;LARGE ENTERPRISE;EDUCATION;CO;5,9;Direto
CLI053581;MID MARKET;COMMUNICATIONS, MEDIA AND SERVICES;BR;65,6;Direto
CLI053582;PUBLIC SECTOR;GOVERNMENT;BR;44,8;Direto
CLI053583;MID MARKET;HEALTHCARE AND LIFE SCIENCES;BR;25,6;Direto
CLI053584;SMALL MARKET;WHOLESALE TRADE;BR;65,3;Direto
CLI053585;GLOBAL ACCOUNT;COMMUNICATIONS, MEDIA AND SERVICES;BR;38,6;Direto
CLI053586;MID MARKET;COMMUNICATIONS, MEDIA AND SERVICES;BR;48,7;Direto
CLI053587;PUBLIC SECTOR;GOVERNMENT;BR;33,2;Direto
CLI053588;LARGE ENTERPRISE;INSURANCE;BR;5,5;Direto
CLI053589;MID MARKET;COMMUNICATIONS, MEDIA AND SERVICES;BR;0,5;Direto
CLI053590;MID MARKET;MANUFACTURING AND NATURAL RESOURCES;BR;4,3;Direto
CLI053591;GLOBAL ACCOUNT;COMMUNICATIONS, MEDIA AND SERVICES;BR;60,8;Direto
CLI053592;PUBLIC SECTOR;GOVERNMENT;BR;42,9;Direto
CLI053593;MID MARKET;COMMUNICATIONS, MEDIA AND SERVICES;BR;27,0;Direto
CLI053594;LARGE ENTERPRISE;BANKING AND INVESTMENT SERVICES;BR;23,1;Direto
CLI053595;STRATEGIC ACCOUNT;COMMUNICATIONS, MEDIA AND SERVICES;BR;62,8;Direto
CLI053596;LARGE ENTERPRISE;BANKING AND INVESTMENT SERVICES;BR;2,0;Direto
CLI053597;MID MARKET;WHOLESALE TRADE;BR;49,5;Direto
CLI053598;MID MARKET;MANUFACTURING AND NATURAL RESOURCES;BR;20,6;Direto
CLI053599;GLOBAL ACCOUNT;COMMUNICATIONS, MEDIA AND SERVICES;CL;62,9;Direto
CLI053600;GLOBAL ACCOUNT;BANKING AND INVESTMENT SERVICES;BR;8,5;Direto
CLI053601;LARGE ENTERPRISE;COMMUNICATIONS, MEDIA AND SERVICES;BR;60,2;Direto
CLI053602;STRATEGIC ACCOUNT;TRANSPORTATION;BR;56,3;Direto
CLI053603;SMALL MARKET;BANKING AND INVESTMENT SERVICES;AR;7,4;Direto
CLI053604;MID MARKET;COMMUNICATIONS, MEDIA AND SERVICES;BR;14,3;Direto
CLI053605;GLOBAL ACCOUNT;MANUFACTURING AND NATURAL RESOURCES;BR;1,1;Direto
CLI053606;MID MARKET;BANKING AND INVESTMENT SERVICES;BR;50,3;Direto
CLI053607;LARGE ENTERPRISE;COMMUNICATIONS, MEDIA AND SERVICES;BR;63,7;Direto
CLI053608;LARGE ENTERPRISE;WHOLESALE TRADE;PE;65,3;Direto
CLI053609;SMALL MARKET;RETAIL;BR;6,7;Direto
CLI053610;PUBLIC SECTOR;GOVERNMENT;BR;35,5;Direto
CLI053611;PUBLIC SECTOR;EDUCATION;BR;63,5;Direto
CLI053612;PUBLIC SECTOR;EDUCATION;BR;37,2;Direto
CLI053613;GLOBAL ACCOUNT;BANKING AND INVESTMENT SERVICES;CL;63,2;Direto
CLI053614;SMALL MARKET;GOVERNMENT;PE;62,9;Direto
CLI053615;LARGE ENTERPRISE;INSURANCE;CO;48,8;Direto
CLI053616;LARGE ENTERPRISE;RETAIL;CO;63,4;Direto
CLI053617;PUBLIC SECTOR;EDUCATION;BR;20,7;Direto
CLI053618;LARGE ENTERPRISE;BANKING AND INVESTMENT SERVICES;BR;40,1;Direto
CLI053619;GLOBAL ACCOUNT;COMMUNICATIONS, MEDIA AND SERVICES;BR;20,7;Direto
CLI053620;GLOBAL ACCOUNT;COMMUNICATIONS, MEDIA AND SERVICES;BR;21,7;Direto
CLI053621;MID MARKET;HEALTHCARE AND LIFE SCIENCES;BR;20,6;Direto
CLI053622;GLOBAL ACCOUNT;WHOLESALE TRADE;BR;8,2;Direto
CLI053623;SMALL MARKET;RETAIL;BR;50,1;Direto
CLI053624;LARGE ENTERPRISE;BANKING AND INVESTMENT SERVICES;BR;61,8;Direto
CLI053625;PUBLIC SECTOR;RETAIL;BR;50,5;Direto
CLI053626;LARGE ENTERPRISE;HEALTHCARE AND LIFE SCIENCES;MX;64,8;Direto
CLI053627;MID MARKET;MANUFACTURING AND NATURAL RESOURCES;BR;2,4;Direto
CLI053628;SMALL MARKET;POWER AND UTILITIES;BR;0,4;Direto
CLI053629;PUBLIC SECTOR;GOVERNMENT;BR;18,3;Direto
CLI053630;GLOBAL ACCOUNT;MANUFACTURING AND NATURAL RESOURCES;BR;7,9;Direto
CLI053631;MID MARKET;COMMUNICATIONS, MEDIA AND SERVICES;MX;25,8;Direto
CLI053632;MID MARKET;COMMUNICATIONS, MEDIA AND SERVICES;BR;8,6;Direto
CLI053633;SMALL MARKET;POWER AND UTILITIES;BR;63,1;Direto
CLI053634;MID MARKET;COMMUNICATIONS, MEDIA AND SERVICES;BR;42,4;Direto
CLI053635;SMALL MARKET;COMMUNICATIONS, MEDIA AND SERVICES;MX;63,2;Direto
CLI053636;LARGE ENTERPRISE;TRANSPORTATION;BR;11,1;Direto
CLI053637;GLOBAL ACCOUNT;MANUFACTURING AND NATURAL RESOURCES;MX;54,8;Direto
CLI053638;PUBLIC SECTOR;EDUCATION;BR;55,3;Direto
CLI053639;SMALL MARKET;MANUFACTURING AND NATURAL RESOURCES;BR;50,9;Direto
CLI053640;MID MARKET;RETAIL;BR;34,4;Direto
CLI053641;SMALL MARKET;WHOLESALE TRADE;BR;49,2;Direto
CLI053642;LARGE ENTERPRISE;COMMUNICATIONS, MEDIA AND SERVICES;BR;14,6;Direto
CLI053643;GLOBAL ACCOUNT;COMMUNICATIONS, MEDIA AND SERVICES;BR;21,1;Direto
CLI053644;MID MARKET;COMMUNICATIONS, MEDIA AND SERVICES;BR;59,9;Direto
CLI053645;PUBLIC SECTOR;COMMUNICATIONS, MEDIA AND SERVICES;BR;56,4;Direto
CLI053646;SMALL MARKET;COMMUNICATIONS, MEDIA AND SERVICES;BR;17,1;Direto
CLI053647;SMALL MARKET;MANUFACTURING AND NATURAL RESOURCES;BR;52,6;Direto
CLI053648;MID MARKET;WHOLESALE TRADE;BR;65,5;Direto
CLI053649;LARGE ENTERPRISE;RETAIL;BR;63,0;Direto
CLI053650;LARGE ENTERPRISE;MANUFACTURING AND NATURAL RESOURCES;BR;27,4;Direto
CLI053651;LARGE ENTERPRISE;RETAIL;CL;59,6;Direto
CLI053652;MID MARKET;INSURANCE;BR;11,6;Direto
CLI053653;MID MARKET;MANUFACTURING AND NATURAL RESOURCES;BR;11,4;Direto
CLI053654;PUBLIC SECTOR;OIL AND GAS;BR;9,9;Direto
CLI053655;MID MARKET;COMMUNICATIONS, MEDIA AND SERVICES;BR;23,5;Direto
CLI053656;LARGE ENTERPRISE;MANUFACTURING AND NATURAL RESOURCES;BR;55,5;Direto
CLI053657;MID MARKET;COMMUNICATIONS, MEDIA AND SERVICES;BR;31,2;Direto
CLI053658;PUBLIC SECTOR;COMMUNICATIONS, MEDIA AND SERVICES;BR;21,1;Direto
CLI053659;SMALL MARKET;EDUCATION;CO;54,4;Direto
CLI053660;GLOBAL ACCOUNT;COMMUNICATIONS, MEDIA AND SERVICES;BR;57,4;Direto
CLI053661;GLOBAL ACCOUNT;MANUFACTURING AND NATURAL RESOURCES;MX;45,5;Direto
CLI053662;SMALL MARKET;COMMUNICATIONS, MEDIA AND SERVICES;BR;12,5;Direto
CLI053663;MID MARKET;EDUCATION;BR;8,4;Direto
CLI053664;PUBLIC SECTOR;GOVERNMENT;BR;38,9;Direto
CLI053665;LARGE ENTERPRISE;COMMUNICATIONS, MEDIA AND SERVICES;BR;59,9;Direto
CLI053666;MID MARKET;COMMUNICATIONS, MEDIA AND SERVICES;BR;55,8;Direto
CLI053667;MID MARKET;COMMUNICATIONS, MEDIA AND SERVICES;BR;40,5;Direto
CLI053668;GLOBAL ACCOUNT;POWER AND UTILITIES;PE;37,1;Direto
CLI053669;MID MARKET;COMMUNICATIONS, MEDIA AND SERVICES;BR;22,6;Direto
CLI053670;LARGE ENTERPRISE;BANKING AND INVESTMENT SERVICES;BR;16,5;Direto
CLI053671;SMALL MARKET;MANUFACTURING AND NATURAL RESOURCES;BR;17,6;Direto
CLI053672;MID MARKET;MANUFACTURING AND NATURAL RESOURCES;BR;1,9;Direto
CLI053673;LARGE ENTERPRISE;INSURANCE;BR;48,2;Direto
CLI053674;PUBLIC SECTOR;GOVERNMENT;BR;56,4;Direto
CLI053675;MID MARKET;WHOLESALE TRADE;BR;40,0;Direto
CLI053676;MID MARKET;MANUFACTURING AND NATURAL RESOURCES;BR;29,6;Direto
CLI053677;LARGE ENTERPRISE;EDUCATION;PE;63,9;Direto
CLI053678;PUBLIC SECTOR;TRANSPORTATION;BR;57,8;Direto
CLI053679;MID MARKET;WHOLESALE TRADE;BR;49,6;Direto
CLI053680;SMALL MARKET;BANKING AND INVESTMENT SERVICES;BR;6,0;Direto
CLI053681;MID MARKET;MANUFACTURING AND NATURAL RESOURCES;AR;11,2;Direto
CLI053682;MID MARKET;COMMUNICATIONS, MEDIA AND SERVICES;BR;11,1;Direto
CLI053683;PUBLIC SECTOR;EDUCATION;BR;61,6;Direto
CLI053684;MID MARKET;EDUCATION;BR;17,7;Direto
CLI053685;LARGE ENTERPRISE;COMMUNICATIONS, MEDIA AND SERVICES;MX;3,0;Direto
CLI053686;MID MARKET;WHOLESALE TRADE;BR;61,8;Direto
CLI053687;LARGE ENTERPRISE;MANUFACTURING AND NATURAL RESOURCES;MX;20,6;Direto
CLI053688;MID MARKET;COMMUNICATIONS, MEDIA AND SERVICES;BR;40,5;Direto
CLI053689;LARGE ENTERPRISE;COMMUNICATIONS, MEDIA AND SERVICES;AR;44,4;Direto
CLI053690;LARGE ENTERPRISE;RETAIL;BR;48,4;Direto
CLI053691;SMALL MARKET;MANUFACTURING AND NATURAL RESOURCES;BR;50,5;Direto
CLI053692;MID MARKET;TRANSPORTATION;BR;54,0;Direto
CLI053693;MID MARKET;BANKING AND INVESTMENT SERVICES;BR;44,5;Direto
CLI053694;GLOBAL ACCOUNT;COMMUNICATIONS, MEDIA AND SERVICES;BR;50,1;Direto
CLI053695;GLOBAL ACCOUNT;RETAIL;CL;5,5;Direto
CLI053696;LARGE ENTERPRISE;MANUFACTURING AND NATURAL RESOURCES;BR;7,9;Direto
CLI053697;PUBLIC SECTOR;GOVERNMENT;BR;44,5;Direto
CLI053698;SMALL MARKET;COMMUNICATIONS, MEDIA AND SERVICES;BR;61,2;Direto
CLI053699;SMALL MARKET;HEALTHCARE AND LIFE SCIENCES;BR;34,2;Direto
CLI053700;MID MARKET;WHOLESALE TRADE;BR;29,8;Direto
CLI053701;GLOBAL ACCOUNT;WHOLESALE TRADE;CO;53,4;Direto
CLI053702;LARGE ENTERPRISE;MANUFACTURING AND NATURAL RESOURCES;BR;45,9;Direto
CLI053703;LARGE ENTERPRISE;HEALTHCARE AND LIFE SCIENCES;BR;65,3;Direto
CLI053704;PUBLIC SECTOR;GOVERNMENT;BR;39,6;Direto
CLI053705;MID MARKET;BANKING AND INVESTMENT SERVICES;BR;15,6;Direto
CLI053706;MID MARKET;COMMUNICATIONS, MEDIA AND SERVICES;BR;17,0;Direto
CLI053707;PUBLIC SECTOR;GOVERNMENT;BR;57,0;Direto
CLI053708;MID MARKET;WHOLESALE TRADE;BR;40,3;Direto
CLI053709;MID MARKET;MANUFACTURING AND NATURAL RESOURCES;BR;11,2;Direto
CLI053710;LARGE ENTERPRISE;MANUFACTURING AND NATURAL RESOURCES;BR;41,1;Direto
CLI053711;GLOBAL ACCOUNT;MANUFACTURING AND NATURAL RESOURCES;CO;34,7;Direto
CLI053712;MID MARKET;WHOLESALE TRADE;BR;14,6;Direto
CLI053713;MID MARKET;MANUFACTURING AND NATURAL RESOURCES;BR;2,2;Direto
CLI053714;MID MARKET;COMMUNICATIONS, MEDIA AND SERVICES;BR;44,9;Direto
CLI053715;MID MARKET;MANUFACTURING AND NATURAL RESOURCES;BR;8,6;Direto
CLI053716;SMALL MARKET;HEALTHCARE AND LIFE SCIENCES;BR;33,7;Direto
CLI053717;PUBLIC SECTOR;BANKING AND INVESTMENT SERVICES;AR;6,7;Direto
CLI053718;SMALL MARKET;COMMUNICATIONS, MEDIA AND SERVICES;BR;58,9;Direto
CLI053719;GLOBAL ACCOUNT;MANUFACTURING AND NATURAL RESOURCES;BR;60,2;Direto
CLI053720;SMALL MARKET;;AR;53,6;Direto
CLI053721;SMALL MARKET;GOVERNMENT;PE;34,0;Direto
CLI053722;PUBLIC SECTOR;EDUCATION;BR;64,3;Direto
CLI053723;MID MARKET;MANUFACTURING AND NATURAL RESOURCES;BR;3,5;Direto
CLI053724;MID MARKET;MANUFACTURING AND NATURAL RESOURCES;BR;14,0;Direto
CLI053725;LARGE ENTERPRISE;MANUFACTURING AND NATURAL RESOURCES;PE;61,3;Direto
CLI053726;MID MARKET;COMMUNICATIONS, MEDIA AND SERVICES;BR;65,3;Direto
CLI053727;SMALL MARKET;COMMUNICATIONS, MEDIA AND SERVICES;BR;50,8;Direto
CLI053728;STRATEGIC ACCOUNT;BANKING AND INVESTMENT SERVICES;BR;51,1;Direto
CLI053729;LARGE ENTERPRISE;MANUFACTURING AND NATURAL RESOURCES;BR;9,9;Direto
CLI053730;PUBLIC SECTOR;GOVERNMENT;BR;8,1;Direto
CLI053731;STRATEGIC ACCOUNT;POWER AND UTILITIES;BR;50,8;Direto
CLI053732;LARGE ENTERPRISE;BANKING AND INVESTMENT SERVICES;PE;16,5;Direto
CLI053733;LARGE ENTERPRISE;MANUFACTURING AND NATURAL RESOURCES;BR;22,6;Direto
CLI053734;MID MARKET;MANUFACTURING AND NATURAL RESOURCES;BR;24,7;Direto
CLI053735;MID MARKET;MANUFACTURING AND NATURAL RESOURCES;BR;3,1;Direto
CLI053736;LARGE ENTERPRISE;MANUFACTURING AND NATURAL RESOURCES;BR;60,1;Direto
CLI053737;GLOBAL ACCOUNT;COMMUNICATIONS, MEDIA AND SERVICES;CO;40,1;Direto
CLI053738;GLOBAL ACCOUNT;COMMUNICATIONS, MEDIA AND SERVICES;BR;37,3;Direto
CLI053739;SMALL MARKET;COMMUNICATIONS, MEDIA AND SERVICES;BR;51,8;Direto
CLI053740;PUBLIC SECTOR;EDUCATION;BR;63,2;Direto
CLI053741;MID MARKET;MANUFACTURING AND NATURAL RESOURCES;BR;41,8;Direto
CLI053742;LARGE ENTERPRISE;HEALTHCARE AND LIFE SCIENCES;BR;12,3;Direto
CLI053743;MID MARKET;EDUCATION;BR;18,1;Direto
CLI053744;MID MARKET;COMMUNICATIONS, MEDIA AND SERVICES;BR;53,8;Direto
CLI053745;MID MARKET;RETAIL;BR;1,9;Direto
CLI053746;SMALL MARKET;WHOLESALE TRADE;BR;44,7;Direto
CLI053747;PUBLIC SECTOR;GOVERNMENT;BR;49,4;Direto
CLI053748;STRATEGIC ACCOUNT;COMMUNICATIONS, MEDIA AND SERVICES;BR;60,9;Direto
CLI053749;GLOBAL ACCOUNT;COMMUNICATIONS, MEDIA AND SERVICES;BR;34,0;Direto
CLI053750;GLOBAL ACCOUNT;MANUFACTURING AND NATURAL RESOURCES;BR;17,8;Direto
CLI053751;MID MARKET;HEALTHCARE AND LIFE SCIENCES;CO;31,3;Direto
CLI053752;PUBLIC SECTOR;GOVERNMENT;BR;36,1;Direto
CLI053753;MID MARKET;COMMUNICATIONS, MEDIA AND SERVICES;BR;48,0;Direto
CLI053754;SMALL MARKET;COMMUNICATIONS, MEDIA AND SERVICES;BR;50,7;Direto
CLI053755;LARGE ENTERPRISE;MANUFACTURING AND NATURAL RESOURCES;MX;65,3;Direto
CLI053756;MID MARKET;COMMUNICATIONS, MEDIA AND SERVICES;BR;34,7;Direto
CLI053757;MID MARKET;COMMUNICATIONS, MEDIA AND SERVICES;BR;64,1;Direto
CLI053758;MID MARKET;MANUFACTURING AND NATURAL RESOURCES;BR;42,0;Direto
CLI053759;MID MARKET;MANUFACTURING AND NATURAL RESOURCES;BR;43,6;Direto
CLI053760;MID MARKET;BANKING AND INVESTMENT SERVICES;BR;18,1;Direto
CLI053761;LARGE ENTERPRISE;WHOLESALE TRADE;BR;63,1;Direto
CLI053762;SMALL MARKET;RETAIL;BR;36,1;Direto
CLI053763;GLOBAL ACCOUNT;COMMUNICATIONS, MEDIA AND SERVICES;CO;59,3;Direto
CLI053764;PUBLIC SECTOR;COMMUNICATIONS, MEDIA AND SERVICES;BR;14,6;Direto
CLI053765;PUBLIC SECTOR;WHOLESALE TRADE;CO;3,5;Direto
CLI053766;GLOBAL ACCOUNT;MANUFACTURING AND NATURAL RESOURCES;AR;41,5;Direto
CLI053767;MID MARKET;HEALTHCARE AND LIFE SCIENCES;BR;25,8;Direto
CLI053768;MID MARKET;COMMUNICATIONS, MEDIA AND SERVICES;BR;16,7;Direto
CLI053769;LARGE ENTERPRISE;MANUFACTURING AND NATURAL RESOURCES;BR;9,7;Direto
CLI053770;STRATEGIC ACCOUNT;COMMUNICATIONS, MEDIA AND SERVICES;BR;54,8;Direto
CLI053771;MID MARKET;HEALTHCARE AND LIFE SCIENCES;CO;31,4;Direto
CLI053772;LARGE ENTERPRISE;INSURANCE;BR;61,5;Direto
CLI053773;SMALL MARKET;WHOLESALE TRADE;MX;63,6;Direto
CLI053774;PUBLIC SECTOR;GOVERNMENT;BR;57,8;Direto
CLI053775;MID MARKET;MANUFACTURING AND NATURAL RESOURCES;BR;3,9;Direto
CLI053776;MID MARKET;MANUFACTURING AND NATURAL RESOURCES;BR;35,5;Direto
CLI053777;MID MARKET;COMMUNICATIONS, MEDIA AND SERVICES;BR;25,1;Direto
CLI053778;LARGE ENTERPRISE;COMMUNICATIONS, MEDIA AND SERVICES;CO;57,1;Direto
CLI053779;PUBLIC SECTOR;GOVERNMENT;BR;24,7;Direto
CLI053780;GLOBAL ACCOUNT;COMMUNICATIONS, MEDIA AND SERVICES;BR;39,8;Direto
CLI053781;MID MARKET;WHOLESALE TRADE;BR;47,7;Direto
CLI053782;GLOBAL ACCOUNT;MANUFACTURING AND NATURAL RESOURCES;CL;60,1;Direto
CLI053783;SMALL MARKET;MANUFACTURING AND NATURAL RESOURCES;BR;55,5;Direto
CLI053784;LARGE ENTERPRISE;UNCLASSIFIED;CO;20,4;Direto
CLI053785;MID MARKET;HEALTHCARE AND LIFE SCIENCES;BR;13,7;Direto
CLI053786;STRATEGIC ACCOUNT;TRANSPORTATION;BR;64,0;Direto
CLI053787;MID MARKET;COMMUNICATIONS, MEDIA AND SERVICES;BR;54,0;Direto
CLI053788;LARGE ENTERPRISE;TRANSPORTATION;BR;61,6;Direto
CLI053789;MID MARKET;COMMUNICATIONS, MEDIA AND SERVICES;BR;65,1;Direto
CLI053790;LARGE ENTERPRISE;WHOLESALE TRADE;AR;14,1;Direto
CLI053791;MID MARKET;WHOLESALE TRADE;BR;26,5;Direto
CLI053792;STRATEGIC ACCOUNT;COMMUNICATIONS, MEDIA AND SERVICES;BR;20,9;Direto
CLI053793;LARGE ENTERPRISE;TRANSPORTATION;AR;55,2;Direto
CLI053794;PUBLIC SECTOR;GOVERNMENT;BR;44,3;Direto
CLI053795;PUBLIC SECTOR;EDUCATION;BR;57,3;Direto
CLI053796;SMALL MARKET;COMMUNICATIONS, MEDIA AND SERVICES;BR;11,6;Direto
CLI053797;PUBLIC SECTOR;COMMUNICATIONS, MEDIA AND SERVICES;BR;51,5;Direto
CLI053798;GLOBAL ACCOUNT;RETAIL;PE;64,1;Direto
CLI053799;MID MARKET;INSURANCE;BR;59,9;Direto
CLI053800;MID MARKET;HEALTHCARE AND LIFE SCIENCES;BR;1,3;Direto
CLI053801;GLOBAL ACCOUNT;COMMUNICATIONS, MEDIA AND SERVICES;CL;48,7;Direto
CLI053802;LARGE ENTERPRISE;WHOLESALE TRADE;BR;40,6;Direto
CLI053803;LARGE ENTERPRISE;COMMUNICATIONS, MEDIA AND SERVICES;BR;43,8;Direto
CLI053804;LARGE ENTERPRISE;MANUFACTURING AND NATURAL RESOURCES;BR;21,7;Direto
CLI053805;MID MARKET;HEALTHCARE AND LIFE SCIENCES;BR;3,4;Direto
CLI053806;GLOBAL ACCOUNT;WHOLESALE TRADE;PE;60,8;Direto
CLI053807;STRATEGIC ACCOUNT;MANUFACTURING AND NATURAL RESOURCES;BR;21,9;Direto
CLI053808;MID MARKET;COMMUNICATIONS, MEDIA AND SERVICES;BR;50,7;Direto
CLI053809;STRATEGIC ACCOUNT;TRANSPORTATION;BR;38,7;Direto
CLI053810;PUBLIC SECTOR;EDUCATION;BR;42,1;Direto
CLI053811;GLOBAL ACCOUNT;MANUFACTURING AND NATURAL RESOURCES;MX;24,7;Direto
CLI053812;SMALL MARKET;HEALTHCARE AND LIFE SCIENCES;BR;58,0;Direto
CLI053813;LARGE ENTERPRISE;COMMUNICATIONS, MEDIA AND SERVICES;BR;0,1;Direto
CLI053814;SMALL MARKET;COMMUNICATIONS, MEDIA AND SERVICES;BR;48,7;Direto
CLI053815;MID MARKET;COMMUNICATIONS, MEDIA AND SERVICES;BR;42,8;Direto
CLI053816;GLOBAL ACCOUNT;MANUFACTURING AND NATURAL RESOURCES;MX;65,6;Direto
CLI053817;MID MARKET;COMMUNICATIONS, MEDIA AND SERVICES;BR;35,9;Direto
CLI053818;SMALL MARKET;BANKING AND INVESTMENT SERVICES;BR;51,8;Direto
CLI053819;GLOBAL ACCOUNT;COMMUNICATIONS, MEDIA AND SERVICES;PE;7,0;Direto
CLI053820;LARGE ENTERPRISE;WHOLESALE TRADE;BR;14,8;Direto
CLI053821;LARGE ENTERPRISE;TRANSPORTATION;BR;28,0;Direto
CLI053822;GLOBAL ACCOUNT;WHOLESALE TRADE;PE;55,3;Direto
CLI053823;PUBLIC SECTOR;BANKING AND INVESTMENT SERVICES;BR;25,1;Direto
CLI053824;MID MARKET;MANUFACTURING AND NATURAL RESOURCES;BR;8,8;Direto
CLI053825;MID MARKET;COMMUNICATIONS, MEDIA AND SERVICES;MX;57,0;Direto
CLI053826;PUBLIC SECTOR;EDUCATION;BR;59,7;Direto
CLI053827;LARGE ENTERPRISE;POWER AND UTILITIES;CO;34,0;Direto
CLI053828;LARGE ENTERPRISE;COMMUNICATIONS, MEDIA AND SERVICES;BR;34,9;Direto
CLI053829;MID MARKET;MANUFACTURING AND NATURAL RESOURCES;BR;49,7;Direto
CLI053830;MID MARKET;COMMUNICATIONS, MEDIA AND SERVICES;BR;34,7;Direto
CLI053831;MID MARKET;WHOLESALE TRADE;BR;63,7;Direto
CLI053832;LARGE ENTERPRISE;BANKING AND INVESTMENT SERVICES;AR;5,6;Direto
CLI053833;MID MARKET;WHOLESALE TRADE;BR;51,4;Direto
CLI053834;SMALL MARKET;COMMUNICATIONS, MEDIA AND SERVICES;BR;45,9;Direto
CLI053835;LARGE ENTERPRISE;TRANSPORTATION;BR;12,9;Direto
CLI053836;GLOBAL ACCOUNT;MANUFACTURING AND NATURAL RESOURCES;AR;18,8;Direto
CLI053837;MID MARKET;POWER AND UTILITIES;BR;63,1;Direto
CLI053838;SMALL MARKET;COMMUNICATIONS, MEDIA AND SERVICES;MX;40,7;Direto
CLI053839;SMALL MARKET;BANKING AND INVESTMENT SERVICES;BR;36,5;Direto
CLI053840;LARGE ENTERPRISE;MANUFACTURING AND NATURAL RESOURCES;BR;22,6;Direto
CLI053841;PUBLIC SECTOR;INSURANCE;BR;18,3;Direto
CLI053842;SMALL MARKET;MANUFACTURING AND NATURAL RESOURCES;BR;51,7;Direto
CLI053843;LARGE ENTERPRISE;COMMUNICATIONS, MEDIA AND SERVICES;BR;37,5;Direto
CLI053844;LARGE ENTERPRISE;MANUFACTURING AND NATURAL RESOURCES;CO;52,4;Direto
CLI053845;SMALL MARKET;BANKING AND INVESTMENT SERVICES;BR;39,8;Direto
CLI053846;MID MARKET;BANKING AND INVESTMENT SERVICES;BR;36,2;Direto
CLI053847;GLOBAL ACCOUNT;MANUFACTURING AND NATURAL RESOURCES;AR;61,5;Direto
CLI053848;MID MARKET;COMMUNICATIONS, MEDIA AND SERVICES;AR;2,9;Direto
CLI053849;GLOBAL ACCOUNT;WHOLESALE TRADE;PE;64,3;Direto
CLI053850;MID MARKET;BANKING AND INVESTMENT SERVICES;BR;50,1;Direto
CLI053851;GLOBAL ACCOUNT;WHOLESALE TRADE;VE;62,0;Direto
CLI053852;SMALL MARKET;WHOLESALE TRADE;BR;50,5;Direto
CLI053853;MID MARKET;WHOLESALE TRADE;BR;32,8;Direto
CLI053854;MID MARKET;COMMUNICATIONS, MEDIA AND SERVICES;BR;8,4;Direto
CLI053855;SMALL MARKET;COMMUNICATIONS, MEDIA AND SERVICES;BR;63,4;Direto
CLI053856;MID MARKET;MANUFACTURING AND NATURAL RESOURCES;BR;22,8;Direto
CLI053857;GLOBAL ACCOUNT;COMMUNICATIONS, MEDIA AND SERVICES;BR;0,4;Direto
CLI053858;LARGE ENTERPRISE;COMMUNICATIONS, MEDIA AND SERVICES;BR;14,9;Direto
CLI053859;MID MARKET;WHOLESALE TRADE;BR;32,8;Direto
CLI053860;GLOBAL ACCOUNT;COMMUNICATIONS, MEDIA AND SERVICES;BR;23,0;Direto
CLI053861;PUBLIC SECTOR;GOVERNMENT;BR;46,7;Direto
CLI053862;GLOBAL ACCOUNT;COMMUNICATIONS, MEDIA AND SERVICES;MX;60,9;Direto
CLI053863;LARGE ENTERPRISE;MANUFACTURING AND NATURAL RESOURCES;BR;1,9;Direto
CLI053864;PUBLIC SECTOR;GOVERNMENT;BR;46,8;Direto
CLI053865;PUBLIC SECTOR;GOVERNMENT;BR;56,8;Direto
CLI053866;PUBLIC SECTOR;GOVERNMENT;BR;48,7;Direto
CLI053867;GLOBAL ACCOUNT;COMMUNICATIONS, MEDIA AND SERVICES;BR;0,4;Direto
CLI053868;MID MARKET;MANUFACTURING AND NATURAL RESOURCES;BR;55,2;Direto
CLI053869;MID MARKET;RETAIL;BR;11,2;Direto
CLI053870;PUBLIC SECTOR;GOVERNMENT;BR;31,7;Direto
CLI053871;LARGE ENTERPRISE;HEALTHCARE AND LIFE SCIENCES;BR;64,5;Direto
CLI053872;PUBLIC SECTOR;EDUCATION;BR;41,1;Direto
CLI053873;PUBLIC SECTOR;GOVERNMENT;BR;52,0;Direto
CLI053874;PUBLIC SECTOR;EDUCATION;BR;62,2;Direto
CLI053875;LARGE ENTERPRISE;OIL AND GAS;BR;17,1;Direto
CLI053876;SMALL MARKET;RETAIL;BR;51,7;Direto
CLI053877;MID MARKET;COMMUNICATIONS, MEDIA AND SERVICES;MX;39,8;Direto
CLI053878;SMALL MARKET;COMMUNICATIONS, MEDIA AND SERVICES;BR;49,7;Direto
CLI053879;PUBLIC SECTOR;EDUCATION;BR;9,8;Direto
CLI053880;LARGE ENTERPRISE;TRANSPORTATION;BR;3,0;Direto
CLI053881;MID MARKET;MANUFACTURING AND NATURAL RESOURCES;BR;54,3;Direto
CLI053882;MID MARKET;COMMUNICATIONS, MEDIA AND SERVICES;BR;49,6;Direto
CLI053883;MID MARKET;HEALTHCARE AND LIFE SCIENCES;BR;5,8;Direto
CLI053884;SMALL MARKET;INSURANCE;AR;26,5;Direto
CLI053885;GLOBAL ACCOUNT;WHOLESALE TRADE;PE;53,7;Direto
CLI053886;MID MARKET;MANUFACTURING AND NATURAL RESOURCES;BR;31,3;Direto
CLI053887;MID MARKET;HEALTHCARE AND LIFE SCIENCES;BR;25,7;Direto
CLI053888;SMALL MARKET;TRANSPORTATION;BR;57,6;Direto
CLI053889;MID MARKET;MANUFACTURING AND NATURAL RESOURCES;BR;4,1;Direto
CLI053890;PUBLIC SECTOR;COMMUNICATIONS, MEDIA AND SERVICES;BR;3,5;Direto
CLI053891;MID MARKET;COMMUNICATIONS, MEDIA AND SERVICES;BR;29,7;Direto
CLI053892;LARGE ENTERPRISE;TRANSPORTATION;MX;65,5;Direto
CLI053893;LARGE ENTERPRISE;MANUFACTURING AND NATURAL RESOURCES;BR;52,0;Direto
CLI053894;GLOBAL ACCOUNT;OIL AND GAS;BR;18,3;Direto
CLI053895;MID MARKET;TRANSPORTATION;BR;61,5;Direto
CLI053896;MID MARKET;EDUCATION;BR;4,5;Direto
CLI053897;MID MARKET;WHOLESALE TRADE;BR;49,9;Direto
CLI053898;MID MARKET;COMMUNICATIONS, MEDIA AND SERVICES;BR;55,9;Direto
CLI053899;SMALL MARKET;BANKING AND INVESTMENT SERVICES;BR;33,3;Direto
CLI053900;LARGE ENTERPRISE;MANUFACTURING AND NATURAL RESOURCES;BR;55,4;Direto
CLI053901;LARGE ENTERPRISE;MANUFACTURING AND NATURAL RESOURCES;MX;58,4;Direto
CLI053902;PUBLIC SECTOR;EDUCATION;BR;64,5;Direto
CLI053903;PUBLIC SECTOR;GOVERNMENT;BR;54,7;Direto
CLI053904;MID MARKET;COMMUNICATIONS, MEDIA AND SERVICES;BR;55,9;Direto
CLI053905;GLOBAL ACCOUNT;HEALTHCARE AND LIFE SCIENCES;MX;5,6;Direto
CLI053906;MID MARKET;WHOLESALE TRADE;BR;0,2;Direto
CLI053907;MID MARKET;BANKING AND INVESTMENT SERVICES;BR;29,8;Direto
CLI053908;MID MARKET;RETAIL;BR;44,8;Direto
CLI053909;MID MARKET;WHOLESALE TRADE;BR;40,1;Direto
CLI053910;MID MARKET;WHOLESALE TRADE;BR;55,2;Direto
CLI053911;GLOBAL ACCOUNT;OIL AND GAS;BR;44,9;Direto
CLI053912;MID MARKET;EDUCATION;BR;32,3;Direto
CLI053913;PUBLIC SECTOR;GOVERNMENT;BR;43,1;Direto
CLI053914;GLOBAL ACCOUNT;RETAIL;CL;53,8;Direto
CLI053915;MID MARKET;MANUFACTURING AND NATURAL RESOURCES;BR;61,6;Direto
CLI053916;MID MARKET;MANUFACTURING AND NATURAL RESOURCES;BR;54,4;Direto
CLI053917;MID MARKET;RETAIL;BR;60,2;Direto
CLI053918;PUBLIC SECTOR;COMMUNICATIONS, MEDIA AND SERVICES;BR;41,3;Direto
CLI053919;GLOBAL ACCOUNT;COMMUNICATIONS, MEDIA AND SERVICES;CO;51,0;Direto
CLI053920;GLOBAL ACCOUNT;MANUFACTURING AND NATURAL RESOURCES;CO;44,5;Direto
CLI053921;MID MARKET;COMMUNICATIONS, MEDIA AND SERVICES;BR;9,1;Direto
CLI053922;MID MARKET;MANUFACTURING AND NATURAL RESOURCES;BR;49,0;Direto
CLI053923;LARGE ENTERPRISE;MANUFACTURING AND NATURAL RESOURCES;BR;36,8;Direto
CLI053924;SMALL MARKET;RETAIL;BR;43,6;Direto
CLI053925;SMALL MARKET;COMMUNICATIONS, MEDIA AND SERVICES;BR;50,0;Direto
CLI053926;GLOBAL ACCOUNT;BANKING AND INVESTMENT SERVICES;CL;3,7;Direto
CLI053927;MID MARKET;BANKING AND INVESTMENT SERVICES;BR;29,4;Direto
CLI053928;SMALL MARKET;COMMUNICATIONS, MEDIA AND SERVICES;BR;50,1;Direto
CLI053929;MID MARKET;MANUFACTURING AND NATURAL RESOURCES;AR;62,4;Direto
CLI053930;MID MARKET;COMMUNICATIONS, MEDIA AND SERVICES;BR;28,6;Direto
CLI053931;MID MARKET;WHOLESALE TRADE;BR;40,6;Direto
CLI053932;SMALL MARKET;BANKING AND INVESTMENT SERVICES;BR;49,3;Direto
CLI053933;STRATEGIC ACCOUNT;COMMUNICATIONS, MEDIA AND SERVICES;BR;18,8;Direto
CLI053934;SMALL MARKET;RETAIL;BR;49,9;Direto
CLI053935;SMALL MARKET;COMMUNICATIONS, MEDIA AND SERVICES;BR;14,7;Direto
CLI053936;LARGE ENTERPRISE;TRANSPORTATION;BR;52,5;Direto
CLI053937;LARGE ENTERPRISE;OIL AND GAS;AR;60,9;Direto
CLI053938;SMALL MARKET;WHOLESALE TRADE;BR;39,1;Direto
CLI053939;MID MARKET;WHOLESALE TRADE;BR;48,7;Direto
CLI053940;PUBLIC SECTOR;BANKING AND INVESTMENT SERVICES;CO;54,5;Direto
CLI053941;MID MARKET;COMMUNICATIONS, MEDIA AND SERVICES;BR;16,5;Direto
CLI053942;LARGE ENTERPRISE;MANUFACTURING AND NATURAL RESOURCES;AR;63,8;Direto
CLI053943;MID MARKET;RETAIL;BR;2,8;Direto
CLI053944;PUBLIC SECTOR;GOVERNMENT;BR;44,5;Direto
CLI053945;GLOBAL ACCOUNT;MANUFACTURING AND NATURAL RESOURCES;BR;52,0;Direto
CLI053946;MID MARKET;POWER AND UTILITIES;BR;1,2;Direto
CLI053947;LARGE ENTERPRISE;MANUFACTURING AND NATURAL RESOURCES;BR;54,8;Direto
CLI053948;GLOBAL ACCOUNT;COMMUNICATIONS, MEDIA AND SERVICES;BR;57,2;Direto
CLI053949;LARGE ENTERPRISE;COMMUNICATIONS, MEDIA AND SERVICES;BR;48,4;Direto
CLI053950;SMALL MARKET;COMMUNICATIONS, MEDIA AND SERVICES;BR;26,3;Direto
CLI053951;PUBLIC SECTOR;EDUCATION;BR;63,4;Direto
CLI053952;LARGE ENTERPRISE;HEALTHCARE AND LIFE SCIENCES;BR;64,3;Direto
CLI053953;LARGE ENTERPRISE;MANUFACTURING AND NATURAL RESOURCES;BR;47,7;Direto
CLI053954;GLOBAL ACCOUNT;BANKING AND INVESTMENT SERVICES;AR;8,8;Direto
CLI053955;GLOBAL ACCOUNT;COMMUNICATIONS, MEDIA AND SERVICES;CL;20,3;Direto
CLI053956;GLOBAL ACCOUNT;COMMUNICATIONS, MEDIA AND SERVICES;CO;62,0;Direto
CLI053957;MID MARKET;INSURANCE;BR;63,7;Direto
CLI053958;MID MARKET;RETAIL;BR;64,3;Direto
CLI053959;PUBLIC SECTOR;EDUCATION;BR;13,9;Direto
CLI053960;MID MARKET;COMMUNICATIONS, MEDIA AND SERVICES;BR;62,5;Direto
CLI053961;LARGE ENTERPRISE;COMMUNICATIONS, MEDIA AND SERVICES;BR;52,4;Direto
CLI053962;LARGE ENTERPRISE;WHOLESALE TRADE;BR;3,0;Direto
CLI053963;SMALL MARKET;COMMUNICATIONS, MEDIA AND SERVICES;BR;4,1;Direto
CLI053964;GLOBAL ACCOUNT;RETAIL;MX;65,0;Direto
CLI053965;MID MARKET;WHOLESALE TRADE;BR;7,1;Direto
CLI053966;LARGE ENTERPRISE;INSURANCE;BR;5,7;Direto
CLI053967;PUBLIC SECTOR;GOVERNMENT;BR;43,6;Direto
CLI053968;SMALL MARKET;WHOLESALE TRADE;BR;24,7;Direto
CLI053969;PUBLIC SECTOR;COMMUNICATIONS, MEDIA AND SERVICES;BR;35,9;Direto
CLI053970;SMALL MARKET;BANKING AND INVESTMENT SERVICES;BR;62,7;Direto
CLI053971;PUBLIC SECTOR;OIL AND GAS;BR;0,4;Direto
CLI053972;MID MARKET;COMMUNICATIONS, MEDIA AND SERVICES;BR;8,4;Direto
CLI053973;PUBLIC SECTOR;GOVERNMENT;BR;45,3;Direto
CLI053974;GLOBAL ACCOUNT;MANUFACTURING AND NATURAL RESOURCES;BR;8,1;Direto
CLI053975;SMALL MARKET;HEALTHCARE AND LIFE SCIENCES;CO;47,3;Direto
CLI053976;SMALL MARKET;COMMUNICATIONS, MEDIA AND SERVICES;BR;48,5;Direto
CLI053977;LARGE ENTERPRISE;HEALTHCARE AND LIFE SCIENCES;BR;62,8;Direto
CLI053978;LARGE ENTERPRISE;BANKING AND INVESTMENT SERVICES;BR;31,1;Direto
CLI053979;MID MARKET;COMMUNICATIONS, MEDIA AND SERVICES;BR;39,6;Direto
CLI053980;LARGE ENTERPRISE;MANUFACTURING AND NATURAL RESOURCES;BR;49,2;Direto
CLI053981;PUBLIC SECTOR;GOVERNMENT;BR;34,9;Direto
CLI053982;PUBLIC SECTOR;EDUCATION;BR;42,3;Direto
CLI053983;GLOBAL ACCOUNT;COMMUNICATIONS, MEDIA AND SERVICES;BR;64,1;Direto
CLI053984;SMALL MARKET;COMMUNICATIONS, MEDIA AND SERVICES;BR;46,2;Direto
CLI053985;SMALL MARKET;COMMUNICATIONS, MEDIA AND SERVICES;BR;41,5;Direto
CLI053986;GLOBAL ACCOUNT;COMMUNICATIONS, MEDIA AND SERVICES;BR;44,9;Direto
CLI053987;GLOBAL ACCOUNT;WHOLESALE TRADE;BR;51,1;Direto
CLI053988;LARGE ENTERPRISE;COMMUNICATIONS, MEDIA AND SERVICES;CO;52,1;Direto
CLI053989;LARGE ENTERPRISE;COMMUNICATIONS, MEDIA AND SERVICES;CL;35,6;Direto
CLI053990;SMALL MARKET;COMMUNICATIONS, MEDIA AND SERVICES;PE;52,0;Direto
CLI053991;MID MARKET;COMMUNICATIONS, MEDIA AND SERVICES;BR;59,9;Direto
CLI053992;GLOBAL ACCOUNT;COMMUNICATIONS, MEDIA AND SERVICES;AR;58,8;Direto
CLI053993;SMALL MARKET;WHOLESALE TRADE;BR;58,3;Direto
CLI053994;GLOBAL ACCOUNT;MANUFACTURING AND NATURAL RESOURCES;BR;27,2;Direto
CLI053995;LARGE ENTERPRISE;RETAIL;BR;42,2;Direto
CLI053996;STRATEGIC ACCOUNT;BANKING AND INVESTMENT SERVICES;BR;53,2;Direto
CLI053997;LARGE ENTERPRISE;HEALTHCARE AND LIFE SCIENCES;BR;0,2;Direto
CLI053998;SMALL MARKET;;PE;58,7;Direto
CLI053999;SMALL MARKET;COMMUNICATIONS, MEDIA AND SERVICES;BR;40,1;Direto
CLI054000;MID MARKET;WHOLESALE TRADE;BR;40,8;Direto
CLI054001;GLOBAL ACCOUNT;COMMUNICATIONS, MEDIA AND SERVICES;BR;61,7;Direto
CLI054002;GLOBAL ACCOUNT;RETAIL;CL;48,2;Direto
CLI054003;MID MARKET;POWER AND UTILITIES;BR;63,1;Direto
CLI054004;STRATEGIC ACCOUNT;BANKING AND INVESTMENT SERVICES;BR;34,2;Direto
CLI054005;MID MARKET;RETAIL;BR;47,5;Direto
CLI054006;MID MARKET;COMMUNICATIONS, MEDIA AND SERVICES;BR;2,1;Direto
CLI054007;GLOBAL ACCOUNT;MANUFACTURING AND NATURAL RESOURCES;AR;1,1;Direto
CLI054008;PUBLIC SECTOR;GOVERNMENT;BR;17,7;Direto
CLI054009;SMALL MARKET;MANUFACTURING AND NATURAL RESOURCES;BR;58,6;Direto
CLI054010;MID MARKET;COMMUNICATIONS, MEDIA AND SERVICES;BR;50,6;Direto
CLI054011;MID MARKET;COMMUNICATIONS, MEDIA AND SERVICES;BR;64,3;Direto
CLI054012;MID MARKET;WHOLESALE TRADE;BR;39,6;Direto
CLI054013;LARGE ENTERPRISE;OIL AND GAS;BR;2,3;Direto
CLI054014;SMALL MARKET;HEALTHCARE AND LIFE SCIENCES;BR;63,9;Direto
CLI054015;MID MARKET;RETAIL;BR;49,2;Direto
CLI054016;SMALL MARKET;COMMUNICATIONS, MEDIA AND SERVICES;MX;33,2;Direto
CLI054017;LARGE ENTERPRISE;MANUFACTURING AND NATURAL RESOURCES;BR;56,9;Direto
CLI054018;MID MARKET;COMMUNICATIONS, MEDIA AND SERVICES;BR;43,6;Direto
CLI054019;MID MARKET;COMMUNICATIONS, MEDIA AND SERVICES;BR;53,1;Direto
CLI054020;MID MARKET;MANUFACTURING AND NATURAL RESOURCES;MX;60,8;Direto
CLI054021;MID MARKET;MANUFACTURING AND NATURAL RESOURCES;BR;51,8;Direto
CLI054022;SMALL MARKET;MANUFACTURING AND NATURAL RESOURCES;BR;55,2;Direto
CLI054023;LARGE ENTERPRISE;BANKING AND INVESTMENT SERVICES;CO;57,1;Direto
CLI054024;MID MARKET;HEALTHCARE AND LIFE SCIENCES;BR;9,8;Direto
CLI054025;MID MARKET;WHOLESALE TRADE;BR;42,3;Direto
CLI054026;MID MARKET;WHOLESALE TRADE;BR;49,9;Direto
CLI054027;MID MARKET;MANUFACTURING AND NATURAL RESOURCES;BR;43,3;Direto
CLI054028;SMALL MARKET;COMMUNICATIONS, MEDIA AND SERVICES;BR;43,6;Direto
CLI054029;PUBLIC SECTOR;COMMUNICATIONS, MEDIA AND SERVICES;BR;41,4;Direto
CLI054030;GLOBAL ACCOUNT;WHOLESALE TRADE;PE;65,6;Direto
CLI054031;SMALL MARKET;COMMUNICATIONS, MEDIA AND SERVICES;BR;64,3;Direto
CLI054032;MID MARKET;POWER AND UTILITIES;BR;48,5;Direto
CLI054033;GLOBAL ACCOUNT;BANKING AND INVESTMENT SERVICES;BR;24,9;Direto
CLI054034;MID MARKET;COMMUNICATIONS, MEDIA AND SERVICES;BR;21,2;Direto
CLI054035;MID MARKET;COMMUNICATIONS, MEDIA AND SERVICES;BR;3,2;Direto
CLI054036;GLOBAL ACCOUNT;OIL AND GAS;MX;63,4;Direto
CLI054037;STRATEGIC ACCOUNT;TRANSPORTATION;BR;56,6;Direto
CLI054038;MID MARKET;MANUFACTURING AND NATURAL RESOURCES;BR;36,8;Direto
CLI054039;MID MARKET;MANUFACTURING AND NATURAL RESOURCES;BR;51,7;Direto
CLI054040;SMALL MARKET;COMMUNICATIONS, MEDIA AND SERVICES;AR;10,0;Direto
CLI054041;PUBLIC SECTOR;EDUCATION;BR;40,5;Direto
CLI054042;LARGE ENTERPRISE;TRANSPORTATION;BR;55,9;Direto
CLI054043;MID MARKET;COMMUNICATIONS, MEDIA AND SERVICES;BR;59,6;Direto
CLI054044;SMALL MARKET;COMMUNICATIONS, MEDIA AND SERVICES;BR;31,4;Direto
CLI054045;MID MARKET;BANKING AND INVESTMENT SERVICES;BR;48,4;Direto
CLI054046;LARGE ENTERPRISE;MANUFACTURING AND NATURAL RESOURCES;BR;45,0;Direto
CLI054047;SMALL MARKET;COMMUNICATIONS, MEDIA AND SERVICES;BR;52,1;Direto
CLI054048;MID MARKET;MANUFACTURING AND NATURAL RESOURCES;BR;48,5;Direto
CLI054049;LARGE ENTERPRISE;HEALTHCARE AND LIFE SCIENCES;BR;31,0;Direto
CLI054050;MID MARKET;COMMUNICATIONS, MEDIA AND SERVICES;BR;22,8;Direto
CLI054051;MID MARKET;COMMUNICATIONS, MEDIA AND SERVICES;BR;48,0;Direto
CLI054052;GLOBAL ACCOUNT;COMMUNICATIONS, MEDIA AND SERVICES;BR;11,8;Direto
CLI054053;SMALL MARKET;COMMUNICATIONS, MEDIA AND SERVICES;BR;48,7;Direto
CLI054054;GLOBAL ACCOUNT;WHOLESALE TRADE;BR;65,2;Direto
CLI054055;LARGE ENTERPRISE;RETAIL;BR;41,4;Direto
CLI054056;SMALL MARKET;COMMUNICATIONS, MEDIA AND SERVICES;BR;49,2;Direto
CLI054057;SMALL MARKET;COMMUNICATIONS, MEDIA AND SERVICES;BR;56,9;Direto
CLI054058;SMALL MARKET;MANUFACTURING AND NATURAL RESOURCES;BR;46,4;Direto
CLI054059;MID MARKET;COMMUNICATIONS, MEDIA AND SERVICES;BR;44,5;Direto
CLI054060;SMALL MARKET;MANUFACTURING AND NATURAL RESOURCES;BR;57,8;Direto
CLI054061;SMALL MARKET;COMMUNICATIONS, MEDIA AND SERVICES;BR;64,1;Direto
CLI054062;LARGE ENTERPRISE;WHOLESALE TRADE;BR;52,4;Direto
CLI054063;SMALL MARKET;COMMUNICATIONS, MEDIA AND SERVICES;BR;59,4;Direto
CLI054064;GLOBAL ACCOUNT;MANUFACTURING AND NATURAL RESOURCES;BR;41,1;Direto
CLI054065;PUBLIC SECTOR;BANKING AND INVESTMENT SERVICES;BR;25,3;Direto
CLI054066;MID MARKET;MANUFACTURING AND NATURAL RESOURCES;BR;1,6;Direto
CLI054067;MID MARKET;MANUFACTURING AND NATURAL RESOURCES;BR;4,6;Direto
CLI054068;MID MARKET;MANUFACTURING AND NATURAL RESOURCES;BR;1,6;Direto
CLI054069;SMALL MARKET;COMMUNICATIONS, MEDIA AND SERVICES;PE;40,5;Direto
CLI054070;LARGE ENTERPRISE;COMMUNICATIONS, MEDIA AND SERVICES;BR;59,2;Direto
CLI054071;MID MARKET;WHOLESALE TRADE;BR;46,2;Direto
CLI054072;LARGE ENTERPRISE;BANKING AND INVESTMENT SERVICES;AR;1,2;Direto
CLI054073;SMALL MARKET;HEALTHCARE AND LIFE SCIENCES;BR;58,4;Direto
CLI054074;MID MARKET;INSURANCE;BR;53,4;Direto
CLI054075;MID MARKET;INSURANCE;BR;2,2;Direto
CLI054076;MID MARKET;COMMUNICATIONS, MEDIA AND SERVICES;BR;25,0;Direto
CLI054077;GLOBAL ACCOUNT;MANUFACTURING AND NATURAL RESOURCES;AR;55,7;Direto
CLI054078;PUBLIC SECTOR;GOVERNMENT;BR;12,2;Direto
CLI054079;LARGE ENTERPRISE;MANUFACTURING AND NATURAL RESOURCES;PE;30,8;Direto
CLI054080;LARGE ENTERPRISE;MANUFACTURING AND NATURAL RESOURCES;AR;27,2;Direto
CLI054081;PUBLIC SECTOR;GOVERNMENT;BR;42,8;Direto
CLI054082;LARGE ENTERPRISE;MANUFACTURING AND NATURAL RESOURCES;BR;49,2;Direto
CLI054083;MID MARKET;MANUFACTURING AND NATURAL RESOURCES;AR;11,6;Direto
CLI054084;GLOBAL ACCOUNT;HEALTHCARE AND LIFE SCIENCES;MX;17,4;Direto
CLI054085;GLOBAL ACCOUNT;WHOLESALE TRADE;PE;45,4;Direto
CLI054086;PUBLIC SECTOR;GOVERNMENT;BR;54,1;Direto
CLI054087;LARGE ENTERPRISE;BANKING AND INVESTMENT SERVICES;BR;26,6;Direto
CLI054088;LARGE ENTERPRISE;COMMUNICATIONS, MEDIA AND SERVICES;BR;41,9;Direto
CLI054089;GLOBAL ACCOUNT;MANUFACTURING AND NATURAL RESOURCES;MX;49,6;Direto
CLI054090;MID MARKET;COMMUNICATIONS, MEDIA AND SERVICES;BR;28,9;Direto
CLI054091;GLOBAL ACCOUNT;WHOLESALE TRADE;PE;49,2;Direto
CLI054092;MID MARKET;COMMUNICATIONS, MEDIA AND SERVICES;BR;18,2;Direto
CLI054093;MID MARKET;COMMUNICATIONS, MEDIA AND SERVICES;BR;59,6;Direto
CLI054094;MID MARKET;WHOLESALE TRADE;BR;2,2;Direto
CLI054095;SMALL MARKET;COMMUNICATIONS, MEDIA AND SERVICES;BR;3,2;Direto
CLI054096;SMALL MARKET;COMMUNICATIONS, MEDIA AND SERVICES;BR;46,3;Direto
CLI054097;PUBLIC SECTOR;GOVERNMENT;BR;21,1;Direto
CLI054098;MID MARKET;COMMUNICATIONS, MEDIA AND SERVICES;BR;43,5;Direto
CLI054099;LARGE ENTERPRISE;INSURANCE;BR;45,6;Direto
CLI054100;PUBLIC SECTOR;GOVERNMENT;BR;26,8;Direto
CLI054101;GLOBAL ACCOUNT;HEALTHCARE AND LIFE SCIENCES;AR;58,5;Direto
CLI054102;MID MARKET;COMMUNICATIONS, MEDIA AND SERVICES;BR;63,5;Direto
CLI054103;MID MARKET;RETAIL;BR;62,9;Direto
CLI054104;MID MARKET;WHOLESALE TRADE;BR;48,4;Direto
CLI054105;MID MARKET;COMMUNICATIONS, MEDIA AND SERVICES;BR;29,9;Direto
CLI054106;PUBLIC SECTOR;COMMUNICATIONS, MEDIA AND SERVICES;BR;43,8;Direto
CLI054107;PUBLIC SECTOR;GOVERNMENT;BR;52,1;Direto
CLI054108;MID MARKET;COMMUNICATIONS, MEDIA AND SERVICES;BR;54,1;Direto
CLI054109;SMALL MARKET;COMMUNICATIONS, MEDIA AND SERVICES;BR;65,5;Direto
CLI054110;SMALL MARKET;COMMUNICATIONS, MEDIA AND SERVICES;BR;4,4;Direto
CLI054111;MID MARKET;RETAIL;AR;16,7;Direto
CLI054112;MID MARKET;RETAIL;BR;50,1;Direto
CLI054113;GLOBAL ACCOUNT;MANUFACTURING AND NATURAL RESOURCES;MX;18,2;Direto
CLI054114;MID MARKET;HEALTHCARE AND LIFE SCIENCES;BR;55,0;Direto
CLI054115;SMALL MARKET;COMMUNICATIONS, MEDIA AND SERVICES;BR;7,1;Direto
CLI054116;MID MARKET;MANUFACTURING AND NATURAL RESOURCES;BR;42,2;Direto
CLI054117;LARGE ENTERPRISE;MANUFACTURING AND NATURAL RESOURCES;BR;61,8;Direto
CLI054118;MID MARKET;COMMUNICATIONS, MEDIA AND SERVICES;BR;54,1;Direto
CLI054119;MID MARKET;COMMUNICATIONS, MEDIA AND SERVICES;BR;12,8;Direto
CLI054120;MID MARKET;COMMUNICATIONS, MEDIA AND SERVICES;BR;33,3;Direto
CLI054121;MID MARKET;MANUFACTURING AND NATURAL RESOURCES;BR;10,3;Direto
CLI054122;PUBLIC SECTOR;MANUFACTURING AND NATURAL RESOURCES;BR;43,0;Direto
CLI054123;GLOBAL ACCOUNT;WHOLESALE TRADE;PE;42,1;Direto
CLI054124;SMALL MARKET;MANUFACTURING AND NATURAL RESOURCES;BR;29,6;Direto
CLI054125;GLOBAL ACCOUNT;COMMUNICATIONS, MEDIA AND SERVICES;BR;3,7;Direto
CLI054126;PUBLIC SECTOR;COMMUNICATIONS, MEDIA AND SERVICES;BR;33,4;Direto
CLI054127;SMALL MARKET;COMMUNICATIONS, MEDIA AND SERVICES;BR;43,0;Direto
CLI054128;LARGE ENTERPRISE;POWER AND UTILITIES;BR;44,9;Direto
CLI054129;MID MARKET;RETAIL;BR;34,5;Direto
CLI054130;SMALL MARKET;MANUFACTURING AND NATURAL RESOURCES;MX;33,3;Direto
CLI054131;GLOBAL ACCOUNT;COMMUNICATIONS, MEDIA AND SERVICES;MX;41,4;Direto
CLI054132;LARGE ENTERPRISE;POWER AND UTILITIES;BR;61,1;Direto
CLI054133;PUBLIC SECTOR;EDUCATION;AR;23,1;Direto
CLI054134;PUBLIC SECTOR;EDUCATION;BR;54,1;Direto
CLI054135;MID MARKET;WHOLESALE TRADE;BR;38,3;Direto
CLI054136;MID MARKET;COMMUNICATIONS, MEDIA AND SERVICES;BR;9,4;Direto
CLI054137;MID MARKET;COMMUNICATIONS, MEDIA AND SERVICES;BR;6,7;Direto
CLI054138;MID MARKET;TRANSPORTATION;BR;52,2;Direto
CLI054139;GLOBAL ACCOUNT;MANUFACTURING AND NATURAL RESOURCES;BR;40,8;Direto
CLI054140;SMALL MARKET;COMMUNICATIONS, MEDIA AND SERVICES;PE;58,5;Direto
CLI054141;SMALL MARKET;COMMUNICATIONS, MEDIA AND SERVICES;BR;29,4;Direto
CLI054142;SMALL MARKET;COMMUNICATIONS, MEDIA AND SERVICES;BR;32,6;Direto
CLI054143;LARGE ENTERPRISE;RETAIL;PE;35,1;Direto
CLI054144;SMALL MARKET;MANUFACTURING AND NATURAL RESOURCES;BR;7,1;Direto
CLI054145;LARGE ENTERPRISE;COMMUNICATIONS, MEDIA AND SERVICES;BR;62,5;Direto
CLI054146;MID MARKET;HEALTHCARE AND LIFE SCIENCES;BR;31,9;Direto
CLI054147;MID MARKET;RETAIL;BR;19,5;Direto
CLI054148;MID MARKET;MANUFACTURING AND NATURAL RESOURCES;PE;62,3;Direto
CLI054149;GLOBAL ACCOUNT;COMMUNICATIONS, MEDIA AND SERVICES;BR;65,2;Direto
CLI054150;STRATEGIC ACCOUNT;BANKING AND INVESTMENT SERVICES;BR;34,0;Direto
CLI054151;SMALL MARKET;WHOLESALE TRADE;BR;54,2;Direto
CLI054152;MID MARKET;RETAIL;BR;18,1;Direto
CLI054153;GLOBAL ACCOUNT;COMMUNICATIONS, MEDIA AND SERVICES;MX;65,6;Direto
CLI054154;PUBLIC SECTOR;EDUCATION;BR;47,8;Direto
CLI054155;SMALL MARKET;RETAIL;AR;63,0;Direto
CLI054156;GLOBAL ACCOUNT;COMMUNICATIONS, MEDIA AND SERVICES;BR;32,6;Direto
CLI054157;SMALL MARKET;COMMUNICATIONS, MEDIA AND SERVICES;BR;50,4;Direto
CLI054158;GLOBAL ACCOUNT;INSURANCE;BR;52,9;Direto
CLI054159;LARGE ENTERPRISE;COMMUNICATIONS, MEDIA AND SERVICES;BR;1,0;Direto
CLI054160;MID MARKET;COMMUNICATIONS, MEDIA AND SERVICES;BR;13,0;Direto
CLI054161;SMALL MARKET;COMMUNICATIONS, MEDIA AND SERVICES;BR;56,6;Direto
CLI054162;SMALL MARKET;COMMUNICATIONS, MEDIA AND SERVICES;BR;43,4;Direto
CLI054163;MID MARKET;BANKING AND INVESTMENT SERVICES;BR;29,6;Direto
CLI054164;PUBLIC SECTOR;EDUCATION;BR;27,7;Direto
CLI054165;LARGE ENTERPRISE;MANUFACTURING AND NATURAL RESOURCES;BR;14,6;Direto
CLI054166;SMALL MARKET;WHOLESALE TRADE;BR;53,3;Direto
CLI054167;MID MARKET;RETAIL;BR;40,2;Direto
CLI054168;PUBLIC SECTOR;EDUCATION;BR;26,9;Direto
CLI054169;SMALL MARKET;MANUFACTURING AND NATURAL RESOURCES;BR;2,2;Direto
CLI054170;LARGE ENTERPRISE;MANUFACTURING AND NATURAL RESOURCES;BR;64,3;Direto
CLI054171;SMALL MARKET;RETAIL;BR;17,2;Direto
CLI054172;SMALL MARKET;BANKING AND INVESTMENT SERVICES;BR;47,9;Direto
CLI054173;SMALL MARKET;COMMUNICATIONS, MEDIA AND SERVICES;BR;51,4;Direto
CLI054174;GLOBAL ACCOUNT;MANUFACTURING AND NATURAL RESOURCES;BR;7,1;Direto
CLI054175;MID MARKET;COMMUNICATIONS, MEDIA AND SERVICES;BR;37,1;Direto
CLI054176;PUBLIC SECTOR;GOVERNMENT;BR;50,5;Direto
CLI054177;MID MARKET;COMMUNICATIONS, MEDIA AND SERVICES;BR;44,7;Direto
CLI054178;MID MARKET;WHOLESALE TRADE;BR;48,9;Direto
CLI054179;LARGE ENTERPRISE;COMMUNICATIONS, MEDIA AND SERVICES;PE;64,5;Direto
CLI054180;MID MARKET;COMMUNICATIONS, MEDIA AND SERVICES;BR;12,3;Direto
CLI054181;SMALL MARKET;COMMUNICATIONS, MEDIA AND SERVICES;BR;50,9;Direto
CLI054182;MID MARKET;COMMUNICATIONS, MEDIA AND SERVICES;BR;38,4;Direto
CLI054183;GLOBAL ACCOUNT;BANKING AND INVESTMENT SERVICES;MX;44,8;Direto
CLI054184;LARGE ENTERPRISE;GOVERNMENT;CO;40,7;Direto
CLI054185;MID MARKET;TRANSPORTATION;BR;51,2;Direto
CLI054186;PUBLIC SECTOR;EDUCATION;BR;60,6;Direto
CLI054187;PUBLIC SECTOR;EDUCATION;BR;50,5;Direto
CLI054188;MID MARKET;HEALTHCARE AND LIFE SCIENCES;BR;45,9;Direto
CLI054189;GLOBAL ACCOUNT;MANUFACTURING AND NATURAL RESOURCES;CL;38,7;Direto
CLI054190;MID MARKET;MANUFACTURING AND NATURAL RESOURCES;MX;17,0;Direto
CLI054191;GLOBAL ACCOUNT;COMMUNICATIONS, MEDIA AND SERVICES;AR;65,5;Direto
CLI054192;PUBLIC SECTOR;COMMUNICATIONS, MEDIA AND SERVICES;BR;34,1;Direto
CLI054193;PUBLIC SECTOR;COMMUNICATIONS, MEDIA AND SERVICES;BR;26,0;Direto
CLI054194;SMALL MARKET;COMMUNICATIONS, MEDIA AND SERVICES;BR;64,9;Direto
CLI054195;LARGE ENTERPRISE;COMMUNICATIONS, MEDIA AND SERVICES;AR;24,6;Direto
CLI054196;GLOBAL ACCOUNT;COMMUNICATIONS, MEDIA AND SERVICES;AR;61,5;Direto
CLI054197;LARGE ENTERPRISE;WHOLESALE TRADE;AR;41,4;Direto
CLI054198;MID MARKET;MANUFACTURING AND NATURAL RESOURCES;BR;50,5;Direto
CLI054199;PUBLIC SECTOR;EDUCATION;BR;64,3;Direto
CLI054200;PUBLIC SECTOR;GOVERNMENT;BR;44,7;Direto
CLI054201;MID MARKET;COMMUNICATIONS, MEDIA AND SERVICES;BR;48,7;Direto
CLI054202;LARGE ENTERPRISE;COMMUNICATIONS, MEDIA AND SERVICES;BR;60,3;Direto
CLI054203;MID MARKET;COMMUNICATIONS, MEDIA AND SERVICES;BR;26,3;Direto
CLI054204;LARGE ENTERPRISE;WHOLESALE TRADE;BR;38,6;Direto
CLI054205;PUBLIC SECTOR;GOVERNMENT;BR;1,0;Direto
CLI054206;MID MARKET;BANKING AND INVESTMENT SERVICES;BR;10,7;Direto
CLI054207;MID MARKET;TRANSPORTATION;BR;8,8;Direto
CLI054208;SMALL MARKET;COMMUNICATIONS, MEDIA AND SERVICES;BR;12,0;Direto
CLI054209;SMALL MARKET;COMMUNICATIONS, MEDIA AND SERVICES;BR;41,8;Direto
CLI054210;MID MARKET;WHOLESALE TRADE;BR;49,9;Direto
CLI054211;MID MARKET;EDUCATION;BR;58,3;Direto
CLI054212;MID MARKET;COMMUNICATIONS, MEDIA AND SERVICES;BR;44,1;Direto
CLI054213;SMALL MARKET;HEALTHCARE AND LIFE SCIENCES;BR;63,8;Direto
CLI054214;STRATEGIC ACCOUNT;COMMUNICATIONS, MEDIA AND SERVICES;BR;58,0;Direto
CLI054215;MID MARKET;RETAIL;BR;13,0;Direto
CLI054216;PUBLIC SECTOR;GOVERNMENT;BR;43,6;Direto
CLI054217;GLOBAL ACCOUNT;MANUFACTURING AND NATURAL RESOURCES;BR;7,9;Direto
CLI054218;LARGE ENTERPRISE;MANUFACTURING AND NATURAL RESOURCES;BR;2,2;Direto
CLI054219;GLOBAL ACCOUNT;COMMUNICATIONS, MEDIA AND SERVICES;BR;54,9;Direto
CLI054220;MID MARKET;COMMUNICATIONS, MEDIA AND SERVICES;BR;49,8;Direto
CLI054221;LARGE ENTERPRISE;WHOLESALE TRADE;AR;54,0;Direto
CLI054222;LARGE ENTERPRISE;COMMUNICATIONS, MEDIA AND SERVICES;BR;37,2;Direto
CLI054223;GLOBAL ACCOUNT;POWER AND UTILITIES;BR;35,9;Direto
CLI054224;MID MARKET;INSURANCE;BR;40,3;Direto
CLI054225;MID MARKET;COMMUNICATIONS, MEDIA AND SERVICES;BR;55,5;Direto
CLI054226;MID MARKET;COMMUNICATIONS, MEDIA AND SERVICES;BR;40,3;Direto
CLI054227;PUBLIC SECTOR;GOVERNMENT;BR;30,2;Direto
CLI054228;MID MARKET;MANUFACTURING AND NATURAL RESOURCES;BR;9,8;Direto
CLI054229;MID MARKET;COMMUNICATIONS, MEDIA AND SERVICES;BR;58,6;Direto
CLI054230;MID MARKET;MANUFACTURING AND NATURAL RESOURCES;BR;29,1;Direto
CLI054231;PUBLIC SECTOR;GOVERNMENT;BR;41,1;Direto
CLI054232;MID MARKET;COMMUNICATIONS, MEDIA AND SERVICES;BR;45,4;Direto
CLI054233;SMALL MARKET;TRANSPORTATION;BR;22,8;Direto
CLI054234;LARGE ENTERPRISE;MANUFACTURING AND NATURAL RESOURCES;BR;9,5;Direto
CLI054235;LARGE ENTERPRISE;COMMUNICATIONS, MEDIA AND SERVICES;BR;12,8;Direto
CLI054236;MID MARKET;BANKING AND INVESTMENT SERVICES;BR;32,9;Direto
CLI054237;MID MARKET;COMMUNICATIONS, MEDIA AND SERVICES;BR;38,4;Direto
CLI054238;SMALL MARKET;WHOLESALE TRADE;AR;40,8;Direto
CLI054239;SMALL MARKET;COMMUNICATIONS, MEDIA AND SERVICES;AR;17,0;Direto
CLI054240;MID MARKET;RETAIL;BR;14,6;Direto
CLI054241;LARGE ENTERPRISE;MANUFACTURING AND NATURAL RESOURCES;BR;0,2;Direto
CLI054242;MID MARKET;COMMUNICATIONS, MEDIA AND SERVICES;BR;63,1;Direto
CLI054243;GLOBAL ACCOUNT;COMMUNICATIONS, MEDIA AND SERVICES;BR;13,5;Direto
CLI054244;PUBLIC SECTOR;GOVERNMENT;BR;38,0;Direto
CLI054245;SMALL MARKET;COMMUNICATIONS, MEDIA AND SERVICES;BR;64,6;Direto
CLI054246;STRATEGIC ACCOUNT;HEALTHCARE AND LIFE SCIENCES;BR;3,2;Direto
CLI054247;MID MARKET;OIL AND GAS;BR;17,7;Direto
CLI054248;SMALL MARKET;COMMUNICATIONS, MEDIA AND SERVICES;BR;47,3;Direto
CLI054249;GLOBAL ACCOUNT;COMMUNICATIONS, MEDIA AND SERVICES;BR;19,2;Direto
CLI054250;SMALL MARKET;COMMUNICATIONS, MEDIA AND SERVICES;BR;34,2;Direto
CLI054251;MID MARKET;COMMUNICATIONS, MEDIA AND SERVICES;BR;9,8;Direto
CLI054252;SMALL MARKET;COMMUNICATIONS, MEDIA AND SERVICES;BR;64,3;Direto
CLI054253;STRATEGIC ACCOUNT;BANKING AND INVESTMENT SERVICES;BR;23,7;Direto
CLI054254;MID MARKET;MANUFACTURING AND NATURAL RESOURCES;BR;14,9;Direto
CLI054255;MID MARKET;COMMUNICATIONS, MEDIA AND SERVICES;BR;61,5;Direto
CLI054256;LARGE ENTERPRISE;MANUFACTURING AND NATURAL RESOURCES;BR;27,7;Direto
CLI054257;MID MARKET;RETAIL;BR;6,9;Direto
CLI054258;MID MARKET;EDUCATION;BR;34,5;Direto
CLI054259;MID MARKET;RETAIL;BR;57,7;Direto
CLI054260;MID MARKET;COMMUNICATIONS, MEDIA AND SERVICES;BR;41,7;Direto
CLI054261;MID MARKET;BANKING AND INVESTMENT SERVICES;BR;58,2;Direto
CLI054262;PUBLIC SECTOR;COMMUNICATIONS, MEDIA AND SERVICES;BR;32,9;Direto
CLI054263;PUBLIC SECTOR;WHOLESALE TRADE;BR;49,9;Direto
CLI054264;MID MARKET;WHOLESALE TRADE;BR;11,4;Direto
CLI054265;SMALL MARKET;MANUFACTURING AND NATURAL RESOURCES;BR;48,7;Direto
CLI054266;LARGE ENTERPRISE;INSURANCE;AR;25,1;Direto
CLI054267;LARGE ENTERPRISE;COMMUNICATIONS, MEDIA AND SERVICES;MX;61,7;Direto
CLI054268;MID MARKET;COMMUNICATIONS, MEDIA AND SERVICES;BR;21,7;Direto
CLI054269;GLOBAL ACCOUNT;WHOLESALE TRADE;PE;46,3;Direto
CLI054270;SMALL MARKET;BANKING AND INVESTMENT SERVICES;BR;47,4;Direto
CLI054271;MID MARKET;RETAIL;BR;38,6;Direto
CLI054272;LARGE ENTERPRISE;MANUFACTURING AND NATURAL RESOURCES;BR;59,6;Direto
CLI054273;PUBLIC SECTOR;EDUCATION;BR;51,5;Direto
CLI054274;LARGE ENTERPRISE;MANUFACTURING AND NATURAL RESOURCES;BR;34,5;Direto
CLI054275;LARGE ENTERPRISE;TRANSPORTATION;BR;32,5;Direto
CLI054276;PUBLIC SECTOR;GOVERNMENT;BR;57,8;Direto
CLI054277;PUBLIC SECTOR;GOVERNMENT;BR;16,5;Direto
CLI054278;MID MARKET;COMMUNICATIONS, MEDIA AND SERVICES;BR;11,4;Direto
CLI054279;MID MARKET;MANUFACTURING AND NATURAL RESOURCES;BR;59,8;Direto
CLI054280;SMALL MARKET;WHOLESALE TRADE;BR;32,3;Direto
CLI054281;MID MARKET;COMMUNICATIONS, MEDIA AND SERVICES;BR;28,6;Direto
CLI054282;STRATEGIC ACCOUNT;COMMUNICATIONS, MEDIA AND SERVICES;BR;0,7;Direto
CLI054283;MID MARKET;RETAIL;AR;13,4;Direto
CLI054284;PUBLIC SECTOR;OIL AND GAS;PE;64,3;Direto
CLI054285;PUBLIC SECTOR;GOVERNMENT;BR;9,2;Direto
CLI054286;STRATEGIC ACCOUNT;COMMUNICATIONS, MEDIA AND SERVICES;BR;50,5;Direto
CLI054287;GLOBAL ACCOUNT;HEALTHCARE AND LIFE SCIENCES;CL;59,7;Direto
CLI054288;GLOBAL ACCOUNT;COMMUNICATIONS, MEDIA AND SERVICES;MX;53,4;Direto
CLI054289;STRATEGIC ACCOUNT;INSURANCE;BR;65,3;Direto
CLI054290;GLOBAL ACCOUNT;WHOLESALE TRADE;BR;42,1;Direto
CLI054291;MID MARKET;COMMUNICATIONS, MEDIA AND SERVICES;BR;32,9;Direto
CLI054292;MID MARKET;RETAIL;BR;60,9;Direto
CLI054293;SMALL MARKET;COMMUNICATIONS, MEDIA AND SERVICES;BR;53,3;Direto
CLI054294;MID MARKET;WHOLESALE TRADE;BR;1,8;Direto
CLI054295;SMALL MARKET;GOVERNMENT;BR;11,2;Direto
CLI054296;PUBLIC SECTOR;BANKING AND INVESTMENT SERVICES;BR;0,6;Direto
CLI054297;SMALL MARKET;HEALTHCARE AND LIFE SCIENCES;BR;33,6;Direto
CLI054298;STRATEGIC ACCOUNT;RETAIL;BR;33,8;Direto
CLI054299;MID MARKET;COMMUNICATIONS, MEDIA AND SERVICES;BR;30,9;Direto
CLI054300;MID MARKET;RETAIL;BR;41,7;Direto
CLI054301;MID MARKET;BANKING AND INVESTMENT SERVICES;BR;43,1;Direto
CLI054302;MID MARKET;COMMUNICATIONS, MEDIA AND SERVICES;BR;57,0;Direto
CLI054303;MID MARKET;COMMUNICATIONS, MEDIA AND SERVICES;BR;12,7;Direto
CLI054304;MID MARKET;COMMUNICATIONS, MEDIA AND SERVICES;BR;21,2;Direto
CLI054305;LARGE ENTERPRISE;BANKING AND INVESTMENT SERVICES;BR;4,1;Direto
CLI054306;MID MARKET;MANUFACTURING AND NATURAL RESOURCES;BR;1,4;Direto
CLI054307;GLOBAL ACCOUNT;BANKING AND INVESTMENT SERVICES;AR;19,2;Direto
CLI054308;MID MARKET;HEALTHCARE AND LIFE SCIENCES;BR;24,2;Direto
CLI054309;PUBLIC SECTOR;GOVERNMENT;BR;43,1;Direto
CLI054310;LARGE ENTERPRISE;MANUFACTURING AND NATURAL RESOURCES;BR;29,9;Direto
CLI054311;LARGE ENTERPRISE;TRANSPORTATION;BR;50,9;Direto
CLI054312;GLOBAL ACCOUNT;COMMUNICATIONS, MEDIA AND SERVICES;AR;46,8;Direto
CLI054313;LARGE ENTERPRISE;MANUFACTURING AND NATURAL RESOURCES;BR;6,4;Direto
CLI054314;PUBLIC SECTOR;GOVERNMENT;BR;20,1;Direto
CLI054315;MID MARKET;COMMUNICATIONS, MEDIA AND SERVICES;BR;50,5;Direto
CLI054316;MID MARKET;COMMUNICATIONS, MEDIA AND SERVICES;BR;18,6;Direto
CLI054317;GLOBAL ACCOUNT;WHOLESALE TRADE;PE;62,8;Direto
CLI054318;MID MARKET;MANUFACTURING AND NATURAL RESOURCES;BR;3,0;Direto
CLI054319;SMALL MARKET;HEALTHCARE AND LIFE SCIENCES;BR;50,3;Direto
CLI054320;SMALL MARKET;COMMUNICATIONS, MEDIA AND SERVICES;BR;50,5;Direto
CLI054321;MID MARKET;HEALTHCARE AND LIFE SCIENCES;BR;61,6;Direto
CLI054322;MID MARKET;RETAIL;BR;2,9;Direto
CLI054323;MID MARKET;HEALTHCARE AND LIFE SCIENCES;BR;35,6;Direto
CLI054324;PUBLIC SECTOR;EDUCATION;BR;55,7;Direto
CLI054325;GLOBAL ACCOUNT;COMMUNICATIONS, MEDIA AND SERVICES;BR;60,3;Direto
CLI054326;GLOBAL ACCOUNT;COMMUNICATIONS, MEDIA AND SERVICES;BR;63,6;Direto
CLI054327;PUBLIC SECTOR;EDUCATION;BR;53,1;Direto
CLI054328;SMALL MARKET;COMMUNICATIONS, MEDIA AND SERVICES;BR;40,5;Direto
CLI054329;GLOBAL ACCOUNT;MANUFACTURING AND NATURAL RESOURCES;AR;62,9;Direto
CLI054330;STRATEGIC ACCOUNT;COMMUNICATIONS, MEDIA AND SERVICES;BR;52,6;Direto
CLI054331;SMALL MARKET;COMMUNICATIONS, MEDIA AND SERVICES;BR;58,3;Direto
CLI054332;GLOBAL ACCOUNT;COMMUNICATIONS, MEDIA AND SERVICES;BR;62,5;Direto
CLI054333;LARGE ENTERPRISE;MANUFACTURING AND NATURAL RESOURCES;BR;57,8;Direto
CLI054334;PUBLIC SECTOR;EDUCATION;BR;32,0;Direto
CLI054335;SMALL MARKET;RETAIL;BR;52,6;Direto
CLI054336;MID MARKET;TRANSPORTATION;BR;29,8;Direto
CLI054337;LARGE ENTERPRISE;MANUFACTURING AND NATURAL RESOURCES;BR;21,0;Direto
CLI054338;MID MARKET;MANUFACTURING AND NATURAL RESOURCES;BR;32,6;Direto
CLI054339;MID MARKET;BANKING AND INVESTMENT SERVICES;BR;45,5;Direto
CLI054340;SMALL MARKET;COMMUNICATIONS, MEDIA AND SERVICES;BR;43,1;Direto
CLI054341;MID MARKET;COMMUNICATIONS, MEDIA AND SERVICES;BR;20,9;Direto
CLI054342;LARGE ENTERPRISE;TRANSPORTATION;BR;53,6;Direto
CLI054343;LARGE ENTERPRISE;RETAIL;AR;62,9;Direto
CLI054344;MID MARKET;WHOLESALE TRADE;BR;3,2;Direto
CLI054345;SMALL MARKET;COMMUNICATIONS, MEDIA AND SERVICES;BR;39,2;Direto
CLI054346;SMALL MARKET;TRANSPORTATION;CO;54,8;Direto
CLI054347;SMALL MARKET;COMMUNICATIONS, MEDIA AND SERVICES;BR;53,6;Direto
CLI054348;PUBLIC SECTOR;GOVERNMENT;BR;39,4;Direto
CLI054349;MID MARKET;INSURANCE;BR;53,5;Direto
CLI054350;SMALL MARKET;COMMUNICATIONS, MEDIA AND SERVICES;BR;34,2;Direto
CLI054351;SMALL MARKET;COMMUNICATIONS, MEDIA AND SERVICES;BR;37,9;Direto
CLI054352;PUBLIC SECTOR;COMMUNICATIONS, MEDIA AND SERVICES;BR;19,0;Direto
CLI054353;MID MARKET;COMMUNICATIONS, MEDIA AND SERVICES;BR;30,6;Direto
CLI054354;PUBLIC SECTOR;GOVERNMENT;BR;4,8;Direto
CLI054355;GLOBAL ACCOUNT;WHOLESALE TRADE;BR;58,3;Direto
CLI054356;SMALL MARKET;COMMUNICATIONS, MEDIA AND SERVICES;BR;41,5;Direto
CLI054357;MID MARKET;WHOLESALE TRADE;BR;4,8;Direto
CLI054358;MID MARKET;MANUFACTURING AND NATURAL RESOURCES;BR;49,2;Direto
CLI054359;PUBLIC SECTOR;GOVERNMENT;BR;5,8;Direto
CLI054360;SMALL MARKET;HEALTHCARE AND LIFE SCIENCES;BR;62,5;Direto
CLI054361;LARGE ENTERPRISE;MANUFACTURING AND NATURAL RESOURCES;BR;54,4;Direto
CLI054362;MID MARKET;INSURANCE;BR;12,8;Direto
CLI054363;MID MARKET;COMMUNICATIONS, MEDIA AND SERVICES;BR;31,5;Direto
CLI054364;PUBLIC SECTOR;HEALTHCARE AND LIFE SCIENCES;BR;15,2;Direto
CLI054365;MID MARKET;BANKING AND INVESTMENT SERVICES;BR;10,0;Direto
CLI054366;PUBLIC SECTOR;EDUCATION;BR;50,5;Direto
CLI054367;SMALL MARKET;RETAIL;BR;50,1;Direto
CLI054368;STRATEGIC ACCOUNT;HEALTHCARE AND LIFE SCIENCES;BR;65,3;Direto
CLI054369;PUBLIC SECTOR;COMMUNICATIONS, MEDIA AND SERVICES;AR;8,9;Direto
CLI054370;MID MARKET;RETAIL;BR;41,8;Direto
CLI054371;SMALL MARKET;WHOLESALE TRADE;BR;16,8;Direto
CLI054372;GLOBAL ACCOUNT;OIL AND GAS;BR;63,7;Direto
CLI054373;MID MARKET;WHOLESALE TRADE;BR;6,7;Direto
CLI054374;SMALL MARKET;EDUCATION;BR;35,8;Direto
CLI054375;MID MARKET;COMMUNICATIONS, MEDIA AND SERVICES;BR;32,1;Direto
CLI054376;SMALL MARKET;MANUFACTURING AND NATURAL RESOURCES;BR;51,4;Direto
CLI054377;MID MARKET;MANUFACTURING AND NATURAL RESOURCES;BR;49,0;Direto
CLI054378;SMALL MARKET;COMMUNICATIONS, MEDIA AND SERVICES;PE;63,0;Direto
CLI054379;MID MARKET;WHOLESALE TRADE;BR;35,5;Direto
CLI054380;MID MARKET;MANUFACTURING AND NATURAL RESOURCES;BR;50,5;Direto
CLI054381;MID MARKET;COMMUNICATIONS, MEDIA AND SERVICES;BR;31,3;Direto
CLI054382;MID MARKET;COMMUNICATIONS, MEDIA AND SERVICES;BR;31,2;Direto
CLI054383;MID MARKET;EDUCATION;BR;10,7;Direto
CLI054384;STRATEGIC ACCOUNT;MANUFACTURING AND NATURAL RESOURCES;BR;4,4;Direto
CLI054385;PUBLIC SECTOR;HEALTHCARE AND LIFE SCIENCES;BR;62,7;Direto
CLI054386;PUBLIC SECTOR;EDUCATION;BR;3,4;Direto
CLI054387;MID MARKET;COMMUNICATIONS, MEDIA AND SERVICES;BR;48,4;Direto
CLI054388;SMALL MARKET;COMMUNICATIONS, MEDIA AND SERVICES;BR;54,1;Direto
CLI054389;PUBLIC SECTOR;EDUCATION;BR;31,9;Direto
CLI054390;GLOBAL ACCOUNT;MANUFACTURING AND NATURAL RESOURCES;AR;21,2;Direto
CLI054391;PUBLIC SECTOR;WHOLESALE TRADE;BR;35,2;Direto
CLI054392;MID MARKET;COMMUNICATIONS, MEDIA AND SERVICES;BR;30,5;Direto
CLI054393;MID MARKET;RETAIL;BR;57,7;Direto
CLI054394;SMALL MARKET;;MX;51,2;Direto
CLI054395;MID MARKET;INSURANCE;BR;65,0;Direto
CLI054396;MID MARKET;EDUCATION;BR;40,5;Direto
CLI054397;LARGE ENTERPRISE;MANUFACTURING AND NATURAL RESOURCES;MX;63,8;Direto
CLI054398;GLOBAL ACCOUNT;COMMUNICATIONS, MEDIA AND SERVICES;PE;63,9;Direto
CLI054399;SMALL MARKET;COMMUNICATIONS, MEDIA AND SERVICES;PE;19,3;Direto
CLI054400;LARGE ENTERPRISE;RETAIL;PE;58,1;Direto
CLI054401;SMALL MARKET;COMMUNICATIONS, MEDIA AND SERVICES;BR;63,4;Direto
CLI054402;SMALL MARKET;BANKING AND INVESTMENT SERVICES;BR;5,2;Direto
CLI054403;MID MARKET;WHOLESALE TRADE;BR;54,9;Direto
CLI054404;LARGE ENTERPRISE;MANUFACTURING AND NATURAL RESOURCES;MX;62,2;Direto
CLI054405;GLOBAL ACCOUNT;UNCLASSIFIED;CL;54,1;Direto
CLI054406;GLOBAL ACCOUNT;COMMUNICATIONS, MEDIA AND SERVICES;CO;65,1;Direto
CLI054407;MID MARKET;MANUFACTURING AND NATURAL RESOURCES;BR;25,0;Direto
CLI054408;MID MARKET;MANUFACTURING AND NATURAL RESOURCES;BR;34,5;Direto
CLI054409;SMALL MARKET;COMMUNICATIONS, MEDIA AND SERVICES;BR;48,9;Direto
CLI054410;MID MARKET;MANUFACTURING AND NATURAL RESOURCES;BR;44,7;Direto
CLI054411;SMALL MARKET;HEALTHCARE AND LIFE SCIENCES;PE;45,5;Direto
CLI054412;PUBLIC SECTOR;GOVERNMENT;BR;61,7;Direto
CLI054413;SMALL MARKET;WHOLESALE TRADE;BR;50,0;Direto
CLI054414;SMALL MARKET;COMMUNICATIONS, MEDIA AND SERVICES;BR;39,8;Direto
CLI054415;MID MARKET;MANUFACTURING AND NATURAL RESOURCES;BR;2,8;Direto
CLI054416;SMALL MARKET;HEALTHCARE AND LIFE SCIENCES;BR;49,2;Direto
CLI054417;GLOBAL ACCOUNT;MANUFACTURING AND NATURAL RESOURCES;BR;41,7;Direto
CLI054418;SMALL MARKET;COMMUNICATIONS, MEDIA AND SERVICES;BR;51,3;Direto
CLI054419;LARGE ENTERPRISE;TRANSPORTATION;CO;41,7;Direto
CLI054420;MID MARKET;COMMUNICATIONS, MEDIA AND SERVICES;BR;19,5;Direto
CLI054421;PUBLIC SECTOR;GOVERNMENT;BR;28,0;Direto
CLI054422;PUBLIC SECTOR;COMMUNICATIONS, MEDIA AND SERVICES;BR;55,5;Direto
CLI054423;GLOBAL ACCOUNT;COMMUNICATIONS, MEDIA AND SERVICES;BR;20,7;Direto
CLI054424;MID MARKET;MANUFACTURING AND NATURAL RESOURCES;BR;65,4;Direto
CLI054425;MID MARKET;COMMUNICATIONS, MEDIA AND SERVICES;BR;56,4;Direto
CLI054426;PUBLIC SECTOR;GOVERNMENT;BR;38,9;Direto
CLI054427;GLOBAL ACCOUNT;WHOLESALE TRADE;PE;24,7;Direto
CLI054428;MID MARKET;RETAIL;BR;20,1;Direto
CLI054429;SMALL MARKET;MANUFACTURING AND NATURAL RESOURCES;BR;63,9;Direto
CLI054430;GLOBAL ACCOUNT;MANUFACTURING AND NATURAL RESOURCES;CO;13,0;Direto
CLI054431;MID MARKET;RETAIL;BR;11,3;Direto
CLI054432;SMALL MARKET;COMMUNICATIONS, MEDIA AND SERVICES;BR;37,6;Direto
CLI054433;SMALL MARKET;RETAIL;BR;2,0;Direto
CLI054434;PUBLIC SECTOR;COMMUNICATIONS, MEDIA AND SERVICES;BR;21,4;Direto
CLI054435;SMALL MARKET;RETAIL;BR;33,6;Direto
CLI054436;LARGE ENTERPRISE;MANUFACTURING AND NATURAL RESOURCES;BR;20,4;Direto
CLI054437;MID MARKET;WHOLESALE TRADE;PE;64,8;Direto
CLI054438;STRATEGIC ACCOUNT;COMMUNICATIONS, MEDIA AND SERVICES;BR;23,0;Direto
CLI054439;LARGE ENTERPRISE;WHOLESALE TRADE;BR;54,5;Direto
CLI054440;SMALL MARKET;RETAIL;BR;52,3;Direto
CLI054441;GLOBAL ACCOUNT;TRANSPORTATION;PE;42,2;Direto
CLI054442;MID MARKET;INSURANCE;BR;10,2;Direto
CLI054443;PUBLIC SECTOR;EDUCATION;BR;0,7;Direto
CLI054444;PUBLIC SECTOR;EDUCATION;AR;23,7;Direto
CLI054445;SMALL MARKET;BANKING AND INVESTMENT SERVICES;PE;43,6;Direto
CLI054446;MID MARKET;COMMUNICATIONS, MEDIA AND SERVICES;BR;20,8;Direto
CLI054447;LARGE ENTERPRISE;MANUFACTURING AND NATURAL RESOURCES;BR;15,0;Direto
CLI054448;PUBLIC SECTOR;GOVERNMENT;BR;32,7;Direto
CLI054449;PUBLIC SECTOR;GOVERNMENT;BR;58,9;Direto
CLI054450;LARGE ENTERPRISE;MANUFACTURING AND NATURAL RESOURCES;BR;51,3;Direto
CLI054451;MID MARKET;MANUFACTURING AND NATURAL RESOURCES;BR;37,9;Direto
CLI054452;LARGE ENTERPRISE;COMMUNICATIONS, MEDIA AND SERVICES;BR;60,3;Direto
CLI054453;MID MARKET;TRANSPORTATION;BR;40,0;Direto
CLI054454;LARGE ENTERPRISE;MANUFACTURING AND NATURAL RESOURCES;BR;58,3;Direto
CLI054455;GLOBAL ACCOUNT;COMMUNICATIONS, MEDIA AND SERVICES;BR;38,5;Direto
CLI054456;GLOBAL ACCOUNT;COMMUNICATIONS, MEDIA AND SERVICES;MX;63,9;Direto
CLI054457;MID MARKET;COMMUNICATIONS, MEDIA AND SERVICES;BR;3,0;Direto
CLI054458;MID MARKET;COMMUNICATIONS, MEDIA AND SERVICES;BR;59,2;Direto
CLI054459;SMALL MARKET;MANUFACTURING AND NATURAL RESOURCES;BR;0,7;Direto
CLI054460;GLOBAL ACCOUNT;WHOLESALE TRADE;AR;61,7;Direto
CLI054461;MID MARKET;MANUFACTURING AND NATURAL RESOURCES;BR;65,5;Direto
CLI054462;GLOBAL ACCOUNT;COMMUNICATIONS, MEDIA AND SERVICES;BR;31,0;Direto
CLI054463;PUBLIC SECTOR;EDUCATION;BR;51,3;Direto
CLI054464;PUBLIC SECTOR;EDUCATION;BR;61,6;Direto
CLI054465;SMALL MARKET;HEALTHCARE AND LIFE SCIENCES;BR;34,2;Direto
CLI054466;LARGE ENTERPRISE;COMMUNICATIONS, MEDIA AND SERVICES;BR;20,4;Direto
CLI054467;MID MARKET;EDUCATION;BR;31,0;Direto
CLI054468;PUBLIC SECTOR;COMMUNICATIONS, MEDIA AND SERVICES;BR;30,7;Direto
CLI054469;MID MARKET;HEALTHCARE AND LIFE SCIENCES;BR;32,6;Direto
CLI054470;MID MARKET;RETAIL;BR;47,5;Direto
CLI054471;MID MARKET;RETAIL;BR;46,3;Direto
CLI054472;LARGE ENTERPRISE;MANUFACTURING AND NATURAL RESOURCES;BR;36,8;Direto
CLI054473;PUBLIC SECTOR;COMMUNICATIONS, MEDIA AND SERVICES;BR;58,2;Direto
CLI054474;SMALL MARKET;COMMUNICATIONS, MEDIA AND SERVICES;BR;45,6;Direto
CLI054475;SMALL MARKET;RETAIL;BR;47,1;Direto
CLI054476;MID MARKET;MANUFACTURING AND NATURAL RESOURCES;BR;44,5;Direto
CLI054477;MID MARKET;COMMUNICATIONS, MEDIA AND SERVICES;BR;64,5;Direto
CLI054478;MID MARKET;BANKING AND INVESTMENT SERVICES;BR;49,5;Direto
CLI054479;MID MARKET;COMMUNICATIONS, MEDIA AND SERVICES;BR;32,1;Direto
CLI054480;GLOBAL ACCOUNT;MANUFACTURING AND NATURAL RESOURCES;BR;39,3;Direto
CLI054481;SMALL MARKET;;CO;53,8;Direto
CLI054482;SMALL MARKET;RETAIL;BR;51,8;Direto
CLI054483;LARGE ENTERPRISE;MANUFACTURING AND NATURAL RESOURCES;BR;1,9;Direto
CLI054484;MID MARKET;POWER AND UTILITIES;BR;1,2;Direto
CLI054485;PUBLIC SECTOR;EDUCATION;BR;20,1;Direto
CLI054486;MID MARKET;WHOLESALE TRADE;BR;40,0;Direto
CLI054487;GLOBAL ACCOUNT;COMMUNICATIONS, MEDIA AND SERVICES;BR;45,2;Direto
CLI054488;SMALL MARKET;COMMUNICATIONS, MEDIA AND SERVICES;PE;21,2;Direto
CLI054489;LARGE ENTERPRISE;MANUFACTURING AND NATURAL RESOURCES;BR;25,2;Direto
CLI054490;LARGE ENTERPRISE;MANUFACTURING AND NATURAL RESOURCES;BR;48,9;Direto
CLI054491;LARGE ENTERPRISE;COMMUNICATIONS, MEDIA AND SERVICES;BR;39,6;Direto
CLI054492;LARGE ENTERPRISE;HEALTHCARE AND LIFE SCIENCES;BR;27,0;Direto
CLI054493;MID MARKET;MANUFACTURING AND NATURAL RESOURCES;BR;2,4;Direto
CLI054494;MID MARKET;MANUFACTURING AND NATURAL RESOURCES;BR;28,4;Direto
CLI054495;MID MARKET;COMMUNICATIONS, MEDIA AND SERVICES;BR;46,6;Direto
CLI054496;MID MARKET;COMMUNICATIONS, MEDIA AND SERVICES;BR;35,4;Direto
CLI054497;MID MARKET;COMMUNICATIONS, MEDIA AND SERVICES;BR;61,5;Direto
CLI054498;PUBLIC SECTOR;COMMUNICATIONS, MEDIA AND SERVICES;BR;57,0;Direto
CLI054499;MID MARKET;MANUFACTURING AND NATURAL RESOURCES;BR;39,3;Direto
CLI054500;MID MARKET;RETAIL;BR;49,2;Direto
CLI054501;SMALL MARKET;WHOLESALE TRADE;BR;60,5;Direto
CLI054502;MID MARKET;MANUFACTURING AND NATURAL RESOURCES;BR;51,2;Direto
CLI054503;MID MARKET;WHOLESALE TRADE;BR;21,4;Direto
CLI054504;MID MARKET;COMMUNICATIONS, MEDIA AND SERVICES;AR;59,9;Direto
CLI054505;MID MARKET;MANUFACTURING AND NATURAL RESOURCES;BR;2,7;Direto
CLI054506;SMALL MARKET;COMMUNICATIONS, MEDIA AND SERVICES;BR;45,9;Direto
CLI054507;PUBLIC SECTOR;GOVERNMENT;BR;39,4;Direto
CLI054508;PUBLIC SECTOR;EDUCATION;BR;0,2;Direto
CLI054509;SMALL MARKET;COMMUNICATIONS, MEDIA AND SERVICES;BR;23,7;Direto
CLI054510;PUBLIC SECTOR;COMMUNICATIONS, MEDIA AND SERVICES;BR;52,6;Direto
CLI054511;GLOBAL ACCOUNT;MANUFACTURING AND NATURAL RESOURCES;CL;42,3;Direto
CLI054512;MID MARKET;COMMUNICATIONS, MEDIA AND SERVICES;BR;37,2;Direto
CLI054513;MID MARKET;POWER AND UTILITIES;BR;44,7;Direto
CLI054514;LARGE ENTERPRISE;COMMUNICATIONS, MEDIA AND SERVICES;BR;60,2;Direto
CLI054515;GLOBAL ACCOUNT;COMMUNICATIONS, MEDIA AND SERVICES;BR;51,2;Direto
CLI054516;MID MARKET;COMMUNICATIONS, MEDIA AND SERVICES;BR;45,4;Direto
CLI054517;MID MARKET;COMMUNICATIONS, MEDIA AND SERVICES;BR;58,2;Direto
CLI054518;GLOBAL ACCOUNT;POWER AND UTILITIES;BR;35,9;Direto
CLI054519;SMALL MARKET;COMMUNICATIONS, MEDIA AND SERVICES;BR;56,6;Direto
CLI054520;MID MARKET;MANUFACTURING AND NATURAL RESOURCES;BR;48,4;Direto
CLI054521;MID MARKET;COMMUNICATIONS, MEDIA AND SERVICES;BR;51,2;Direto
CLI054522;MID MARKET;TRANSPORTATION;BR;41,4;Direto
CLI054523;SMALL MARKET;RETAIL;BR;45,2;Direto
CLI054524;SMALL MARKET;WHOLESALE TRADE;BR;29,3;Direto
CLI054525;GLOBAL ACCOUNT;WHOLESALE TRADE;PE;22,8;Direto
CLI054526;GLOBAL ACCOUNT;WHOLESALE TRADE;PE;60,0;Direto
CLI054527;STRATEGIC ACCOUNT;COMMUNICATIONS, MEDIA AND SERVICES;BR;62,3;Direto
CLI054528;MID MARKET;COMMUNICATIONS, MEDIA AND SERVICES;BR;1,1;Direto
CLI054529;MID MARKET;COMMUNICATIONS, MEDIA AND SERVICES;BR;41,7;Direto
CLI054530;PUBLIC SECTOR;GOVERNMENT;BR;61,5;Direto
CLI054531;MID MARKET;EDUCATION;BR;41,7;Direto
CLI054532;GLOBAL ACCOUNT;RETAIL;PE;5,8;Direto
CLI054533;SMALL MARKET;COMMUNICATIONS, MEDIA AND SERVICES;BR;48,7;Direto
CLI054534;SMALL MARKET;COMMUNICATIONS, MEDIA AND SERVICES;BR;2,6;Direto
CLI054535;PUBLIC SECTOR;GOVERNMENT;BR;15,5;Direto
CLI054536;GLOBAL ACCOUNT;MANUFACTURING AND NATURAL RESOURCES;BR;37,0;Direto
CLI054537;SMALL MARKET;COMMUNICATIONS, MEDIA AND SERVICES;BR;58,7;Direto
CLI054538;SMALL MARKET;MANUFACTURING AND NATURAL RESOURCES;BR;32,1;Direto
CLI054539;STRATEGIC ACCOUNT;COMMUNICATIONS, MEDIA AND SERVICES;BR;3,4;Direto
CLI054540;STRATEGIC ACCOUNT;BANKING AND INVESTMENT SERVICES;BR;29,8;Direto
CLI054541;GLOBAL ACCOUNT;COMMUNICATIONS, MEDIA AND SERVICES;MX;62,5;Direto
CLI054542;MID MARKET;COMMUNICATIONS, MEDIA AND SERVICES;BR;52,2;Direto
CLI054543;MID MARKET;COMMUNICATIONS, MEDIA AND SERVICES;BR;22,1;Direto
CLI054544;MID MARKET;WHOLESALE TRADE;BR;63,7;Direto
CLI054545;MID MARKET;COMMUNICATIONS, MEDIA AND SERVICES;BR;39,8;Direto
CLI054546;SMALL MARKET;COMMUNICATIONS, MEDIA AND SERVICES;BR;51,3;Direto
CLI054547;PUBLIC SECTOR;EDUCATION;BR;31,2;Direto
CLI054548;PUBLIC SECTOR;EDUCATION;BR;52,6;Direto
CLI054549;PUBLIC SECTOR;GOVERNMENT;BR;44,9;Direto
CLI054550;PUBLIC SECTOR;GOVERNMENT;BR;28,9;Direto
CLI054551;LARGE ENTERPRISE;COMMUNICATIONS, MEDIA AND SERVICES;BR;45,4;Direto
CLI054552;GLOBAL ACCOUNT;COMMUNICATIONS, MEDIA AND SERVICES;MX;48,1;Direto
CLI054553;MID MARKET;WHOLESALE TRADE;BR;35,4;Direto
CLI054554;PUBLIC SECTOR;EDUCATION;BR;34,4;Direto
CLI054555;MID MARKET;EDUCATION;BR;36,5;Direto
CLI054556;PUBLIC SECTOR;GOVERNMENT;BR;56,6;Direto
CLI054557;MID MARKET;RETAIL;AR;2,2;Direto
CLI054558;SMALL MARKET;POWER AND UTILITIES;BR;50,5;Direto
CLI054559;LARGE ENTERPRISE;COMMUNICATIONS, MEDIA AND SERVICES;CL;39,7;Direto
CLI054560;MID MARKET;COMMUNICATIONS, MEDIA AND SERVICES;BR;28,0;Direto
CLI054561;MID MARKET;MANUFACTURING AND NATURAL RESOURCES;BR;48,3;Direto
CLI054562;MID MARKET;MANUFACTURING AND NATURAL RESOURCES;BR;47,2;Direto
CLI054563;MID MARKET;MANUFACTURING AND NATURAL RESOURCES;BR;48,5;Direto
CLI054564;MID MARKET;HEALTHCARE AND LIFE SCIENCES;BR;36,8;Direto
CLI054565;PUBLIC SECTOR;OIL AND GAS;BR;48,7;Direto
CLI054566;SMALL MARKET;MANUFACTURING AND NATURAL RESOURCES;BR;59,0;Direto
CLI054567;PUBLIC SECTOR;COMMUNICATIONS, MEDIA AND SERVICES;BR;43,4;Direto
CLI054568;STRATEGIC ACCOUNT;COMMUNICATIONS, MEDIA AND SERVICES;BR;53,1;Direto
CLI054569;MID MARKET;POWER AND UTILITIES;BR;45,9;Direto
CLI054570;MID MARKET;MANUFACTURING AND NATURAL RESOURCES;BR;3,4;Direto
CLI054571;MID MARKET;WHOLESALE TRADE;BR;31,6;Direto
CLI054572;PUBLIC SECTOR;EDUCATION;BR;38,2;Direto
CLI054573;SMALL MARKET;COMMUNICATIONS, MEDIA AND SERVICES;BR;16,1;Direto
CLI054574;LARGE ENTERPRISE;HEALTHCARE AND LIFE SCIENCES;BR;61,8;Direto
CLI054575;MID MARKET;COMMUNICATIONS, MEDIA AND SERVICES;BR;50,1;Direto
CLI054576;MID MARKET;HEALTHCARE AND LIFE SCIENCES;BR;50,8;Direto
CLI054577;SMALL MARKET;COMMUNICATIONS, MEDIA AND SERVICES;BR;2,3;Direto
CLI054578;LARGE ENTERPRISE;INSURANCE;BR;4,8;Direto
CLI054579;MID MARKET;COMMUNICATIONS, MEDIA AND SERVICES;BR;60,9;Direto
CLI054580;MID MARKET;COMMUNICATIONS, MEDIA AND SERVICES;BR;34,2;Direto
CLI054581;MID MARKET;MANUFACTURING AND NATURAL RESOURCES;BR;52,1;Direto
CLI054582;GLOBAL ACCOUNT;WHOLESALE TRADE;MX;26,7;Direto
CLI054583;MID MARKET;COMMUNICATIONS, MEDIA AND SERVICES;BR;59,5;Direto
CLI054584;MID MARKET;MANUFACTURING AND NATURAL RESOURCES;BR;28,0;Direto
CLI054585;MID MARKET;MANUFACTURING AND NATURAL RESOURCES;BR;34,0;Direto
CLI054586;LARGE ENTERPRISE;COMMUNICATIONS, MEDIA AND SERVICES;BR;62,7;Direto
CLI054587;LARGE ENTERPRISE;COMMUNICATIONS, MEDIA AND SERVICES;BR;2,6;Direto
CLI054588;MID MARKET;MANUFACTURING AND NATURAL RESOURCES;BR;44,7;Direto
CLI054589;GLOBAL ACCOUNT;MANUFACTURING AND NATURAL RESOURCES;PE;61,6;Direto
CLI054590;MID MARKET;COMMUNICATIONS, MEDIA AND SERVICES;BR;55,4;Direto
CLI054591;PUBLIC SECTOR;GOVERNMENT;BR;41,7;Direto
CLI054592;MID MARKET;COMMUNICATIONS, MEDIA AND SERVICES;BR;51,8;Direto
CLI054593;MID MARKET;HEALTHCARE AND LIFE SCIENCES;BR;34,0;Direto
CLI054594;MID MARKET;COMMUNICATIONS, MEDIA AND SERVICES;BR;39,4;Direto
CLI054595;GLOBAL ACCOUNT;OIL AND GAS;MX;28,6;Direto
CLI054596;SMALL MARKET;EDUCATION;BR;53,1;Direto
CLI054597;MID MARKET;WHOLESALE TRADE;BR;28,3;Direto
CLI054598;MID MARKET;COMMUNICATIONS, MEDIA AND SERVICES;BR;1,4;Direto
CLI054599;MID MARKET;MANUFACTURING AND NATURAL RESOURCES;BR;13,0;Direto
CLI054600;PUBLIC SECTOR;GOVERNMENT;BR;43,1;Direto
CLI054601;SMALL MARKET;COMMUNICATIONS, MEDIA AND SERVICES;BR;31,9;Direto
CLI054602;MID MARKET;COMMUNICATIONS, MEDIA AND SERVICES;BR;0,6;Direto
CLI054603;MID MARKET;COMMUNICATIONS, MEDIA AND SERVICES;BR;46,3;Direto
CLI054604;SMALL MARKET;COMMUNICATIONS, MEDIA AND SERVICES;BR;54,1;Direto
CLI054605;MID MARKET;COMMUNICATIONS, MEDIA AND SERVICES;BR;11,9;Direto
CLI054606;PUBLIC SECTOR;COMMUNICATIONS, MEDIA AND SERVICES;CO;54,4;Direto
CLI054607;MID MARKET;MANUFACTURING AND NATURAL RESOURCES;BR;11,8;Direto
CLI054608;SMALL MARKET;RETAIL;BR;31,1;Direto
CLI054609;LARGE ENTERPRISE;COMMUNICATIONS, MEDIA AND SERVICES;BR;60,3;Direto
CLI054610;MID MARKET;MANUFACTURING AND NATURAL RESOURCES;BR;29,3;Direto
CLI054611;MID MARKET;COMMUNICATIONS, MEDIA AND SERVICES;BR;5,8;Direto
CLI054612;SMALL MARKET;RETAIL;BR;0,9;Direto
CLI054613;PUBLIC SECTOR;GOVERNMENT;BR;50,4;Direto
CLI054614;PUBLIC SECTOR;GOVERNMENT;BR;23,0;Direto
CLI054615;SMALL MARKET;COMMUNICATIONS, MEDIA AND SERVICES;BR;50,9;Direto
CLI054616;PUBLIC SECTOR;GOVERNMENT;BR;43,6;Direto
CLI054617;LARGE ENTERPRISE;MANUFACTURING AND NATURAL RESOURCES;BR;51,8;Direto
CLI054618;MID MARKET;MANUFACTURING AND NATURAL RESOURCES;BR;42,4;Direto
CLI054619;LARGE ENTERPRISE;COMMUNICATIONS, MEDIA AND SERVICES;BR;59,5;Direto
CLI054620;LARGE ENTERPRISE;COMMUNICATIONS, MEDIA AND SERVICES;BR;10,6;Direto
CLI054621;SMALL MARKET;COMMUNICATIONS, MEDIA AND SERVICES;PE;52,4;Direto
CLI054622;LARGE ENTERPRISE;RETAIL;BR;48,2;Direto
CLI054623;MID MARKET;RETAIL;CO;62,0;Direto
CLI054624;MID MARKET;COMMUNICATIONS, MEDIA AND SERVICES;BR;43,3;Direto
CLI054625;GLOBAL ACCOUNT;COMMUNICATIONS, MEDIA AND SERVICES;AR;52,6;Direto
CLI054626;GLOBAL ACCOUNT;MANUFACTURING AND NATURAL RESOURCES;BR;49,5;Direto
CLI054627;MID MARKET;COMMUNICATIONS, MEDIA AND SERVICES;BR;48,7;Direto
CLI054628;SMALL MARKET;COMMUNICATIONS, MEDIA AND SERVICES;BR;47,7;Direto
CLI054629;MID MARKET;MANUFACTURING AND NATURAL RESOURCES;BR;62,7;Direto
CLI054630;MID MARKET;COMMUNICATIONS, MEDIA AND SERVICES;BR;37,4;Direto
CLI054631;MID MARKET;COMMUNICATIONS, MEDIA AND SERVICES;BR;23,5;Direto
CLI054632;MID MARKET;MANUFACTURING AND NATURAL RESOURCES;BR;63,2;Direto
CLI054633;LARGE ENTERPRISE;INSURANCE;BR;2,3;Direto
CLI054634;SMALL MARKET;COMMUNICATIONS, MEDIA AND SERVICES;BR;29,6;Direto
CLI054635;MID MARKET;COMMUNICATIONS, MEDIA AND SERVICES;BR;61,4;Direto
CLI054636;STRATEGIC ACCOUNT;OIL AND GAS;BR;41,0;Direto
CLI054637;MID MARKET;COMMUNICATIONS, MEDIA AND SERVICES;BR;65,7;Direto
CLI054638;SMALL MARKET;WHOLESALE TRADE;BR;34,5;Direto
CLI054639;SMALL MARKET;WHOLESALE TRADE;BR;46,2;Direto
CLI054640;STRATEGIC ACCOUNT;HEALTHCARE AND LIFE SCIENCES;BR;37,5;Direto
CLI054641;LARGE ENTERPRISE;WHOLESALE TRADE;MX;58,8;Direto
CLI054642;SMALL MARKET;COMMUNICATIONS, MEDIA AND SERVICES;BR;53,4;Direto
CLI054643;LARGE ENTERPRISE;MANUFACTURING AND NATURAL RESOURCES;BR;23,0;Direto
CLI054644;PUBLIC SECTOR;GOVERNMENT;BR;39,6;Direto
CLI054645;LARGE ENTERPRISE;COMMUNICATIONS, MEDIA AND SERVICES;BR;17,7;Direto
CLI054646;PUBLIC SECTOR;EDUCATION;BR;5,5;Direto
CLI054647;MID MARKET;HEALTHCARE AND LIFE SCIENCES;BR;29,3;Direto
CLI054648;MID MARKET;COMMUNICATIONS, MEDIA AND SERVICES;BR;49,5;Direto
CLI054649;LARGE ENTERPRISE;RETAIL;PE;2,1;Direto
CLI054650;SMALL MARKET;COMMUNICATIONS, MEDIA AND SERVICES;BR;41,5;Direto
CLI054651;SMALL MARKET;HEALTHCARE AND LIFE SCIENCES;BR;49,3;Direto
CLI054652;MID MARKET;INSURANCE;BR;5,7;Direto
CLI054653;MID MARKET;WHOLESALE TRADE;BR;61,6;Direto
CLI054654;SMALL MARKET;COMMUNICATIONS, MEDIA AND SERVICES;BR;18,7;Direto
CLI054655;MID MARKET;WHOLESALE TRADE;BR;23,7;Direto
CLI054656;MID MARKET;RETAIL;BR;5,8;Direto
CLI054657;MID MARKET;MANUFACTURING AND NATURAL RESOURCES;BR;29,8;Direto
CLI054658;MID MARKET;EDUCATION;BR;53,1;Direto
CLI054659;LARGE ENTERPRISE;MANUFACTURING AND NATURAL RESOURCES;BR;49,1;Direto
CLI054660;MID MARKET;RETAIL;BR;62,5;Direto
CLI054661;LARGE ENTERPRISE;COMMUNICATIONS, MEDIA AND SERVICES;BR;53,2;Direto
CLI054662;MID MARKET;COMMUNICATIONS, MEDIA AND SERVICES;BR;30,7;Direto
CLI054663;LARGE ENTERPRISE;TRANSPORTATION;BR;64,8;Direto
CLI054664;SMALL MARKET;COMMUNICATIONS, MEDIA AND SERVICES;BR;31,2;Direto
CLI054665;SMALL MARKET;MANUFACTURING AND NATURAL RESOURCES;BR;65,3;Direto
CLI054666;PUBLIC SECTOR;GOVERNMENT;BR;54,1;Direto
CLI054667;LARGE ENTERPRISE;COMMUNICATIONS, MEDIA AND SERVICES;BR;64,3;Direto
CLI054668;LARGE ENTERPRISE;COMMUNICATIONS, MEDIA AND SERVICES;BR;62,7;Direto
CLI054669;MID MARKET;COMMUNICATIONS, MEDIA AND SERVICES;BR;42,8;Direto
CLI054670;SMALL MARKET;EDUCATION;PE;48,2;Direto
CLI054671;LARGE ENTERPRISE;MANUFACTURING AND NATURAL RESOURCES;CO;54,5;Direto
CLI054672;MID MARKET;MANUFACTURING AND NATURAL RESOURCES;BR;8,4;Direto
CLI054673;SMALL MARKET;MANUFACTURING AND NATURAL RESOURCES;BR;0,6;Direto
CLI054674;MID MARKET;RETAIL;BR;38,5;Direto
CLI054675;GLOBAL ACCOUNT;COMMUNICATIONS, MEDIA AND SERVICES;BR;46,3;Direto
CLI054676;PUBLIC SECTOR;EDUCATION;BR;46,8;Direto
CLI054677;SMALL MARKET;OIL AND GAS;BR;56,6;Direto
CLI054678;PUBLIC SECTOR;GOVERNMENT;BR;48,9;Direto
CLI054679;LARGE ENTERPRISE;RETAIL;BR;43,0;Direto
CLI054680;GLOBAL ACCOUNT;WHOLESALE TRADE;PE;41,0;Direto
CLI054681;SMALL MARKET;COMMUNICATIONS, MEDIA AND SERVICES;BR;44,5;Direto
CLI054682;MID MARKET;COMMUNICATIONS, MEDIA AND SERVICES;BR;31,0;Direto
CLI054683;PUBLIC SECTOR;COMMUNICATIONS, MEDIA AND SERVICES;BR;28,6;Direto
CLI054684;MID MARKET;COMMUNICATIONS, MEDIA AND SERVICES;BR;21,2;Direto
CLI054685;PUBLIC SECTOR;GOVERNMENT;BR;22,0;Direto
CLI054686;SMALL MARKET;POWER AND UTILITIES;BR;43,6;Direto
CLI054687;SMALL MARKET;GOVERNMENT;BR;2,6;Direto
CLI054688;SMALL MARKET;COMMUNICATIONS, MEDIA AND SERVICES;BR;61,4;Direto
CLI054689;SMALL MARKET;COMMUNICATIONS, MEDIA AND SERVICES;BR;40,0;Direto
CLI054690;MID MARKET;WHOLESALE TRADE;BR;44,8;Direto
CLI054691;MID MARKET;HEALTHCARE AND LIFE SCIENCES;BR;50,1;Direto
CLI054692;SMALL MARKET;RETAIL;BR;38,4;Direto
CLI054693;LARGE ENTERPRISE;COMMUNICATIONS, MEDIA AND SERVICES;BR;48,9;Direto
CLI054694;LARGE ENTERPRISE;COMMUNICATIONS, MEDIA AND SERVICES;BR;14,1;Direto
CLI054695;GLOBAL ACCOUNT;POWER AND UTILITIES;BR;10,5;Direto
CLI054696;STRATEGIC ACCOUNT;INSURANCE;BR;63,7;Direto
CLI054697;SMALL MARKET;TRANSPORTATION;BR;63,9;Direto
CLI054698;PUBLIC SECTOR;EDUCATION;BR;51,7;Direto
CLI054699;GLOBAL ACCOUNT;MANUFACTURING AND NATURAL RESOURCES;MX;65,5;Direto
CLI054700;SMALL MARKET;WHOLESALE TRADE;BR;48,8;Direto
CLI054701;SMALL MARKET;COMMUNICATIONS, MEDIA AND SERVICES;BR;51,7;Direto
CLI054702;MID MARKET;RETAIL;BR;12,3;Direto
CLI054703;LARGE ENTERPRISE;INSURANCE;BR;48,6;Direto
CLI054704;SMALL MARKET;COMMUNICATIONS, MEDIA AND SERVICES;BR;50,1;Direto
CLI054705;MID MARKET;COMMUNICATIONS, MEDIA AND SERVICES;BR;34,0;Direto
CLI054706;LARGE ENTERPRISE;BANKING AND INVESTMENT SERVICES;MX;55,1;Direto
CLI054707;GLOBAL ACCOUNT;COMMUNICATIONS, MEDIA AND SERVICES;AR;63,8;Direto
CLI054708;PUBLIC SECTOR;GOVERNMENT;BR;5,0;Direto
CLI054709;GLOBAL ACCOUNT;BANKING AND INVESTMENT SERVICES;CO;63,0;Direto
CLI054710;PUBLIC SECTOR;EDUCATION;BR;28,1;Direto
CLI054711;MID MARKET;COMMUNICATIONS, MEDIA AND SERVICES;BR;33,3;Direto
CLI054712;MID MARKET;COMMUNICATIONS, MEDIA AND SERVICES;AR;26,2;Direto
CLI054713;LARGE ENTERPRISE;COMMUNICATIONS, MEDIA AND SERVICES;BR;52,2;Direto
CLI054714;MID MARKET;MANUFACTURING AND NATURAL RESOURCES;BR;30,7;Direto
CLI054715;GLOBAL ACCOUNT;MANUFACTURING AND NATURAL RESOURCES;BR;26,8;Direto
CLI054716;SMALL MARKET;COMMUNICATIONS, MEDIA AND SERVICES;BR;22,5;Direto
CLI054717;MID MARKET;MANUFACTURING AND NATURAL RESOURCES;BR;41,9;Direto
CLI054718;LARGE ENTERPRISE;MANUFACTURING AND NATURAL RESOURCES;BR;45,7;Direto
CLI054719;SMALL MARKET;INSURANCE;BR;39,6;Direto
CLI054720;MID MARKET;COMMUNICATIONS, MEDIA AND SERVICES;AR;60,7;Direto
CLI054721;SMALL MARKET;WHOLESALE TRADE;AR;12,0;Direto
CLI054722;MID MARKET;TRANSPORTATION;BR;38,5;Direto
CLI054723;MID MARKET;MANUFACTURING AND NATURAL RESOURCES;BR;62,1;Direto
CLI054724;MID MARKET;MANUFACTURING AND NATURAL RESOURCES;BR;40,8;Direto
CLI054725;MID MARKET;COMMUNICATIONS, MEDIA AND SERVICES;BR;26,3;Direto
CLI054726;SMALL MARKET;COMMUNICATIONS, MEDIA AND SERVICES;BR;52,3;Direto
CLI054727;MID MARKET;COMMUNICATIONS, MEDIA AND SERVICES;BR;43,3;Direto
CLI054728;PUBLIC SECTOR;GOVERNMENT;BR;30,7;Direto
CLI054729;PUBLIC SECTOR;EDUCATION;BR;51,6;Direto
CLI054730;LARGE ENTERPRISE;COMMUNICATIONS, MEDIA AND SERVICES;BR;64,5;Direto
CLI054731;LARGE ENTERPRISE;COMMUNICATIONS, MEDIA AND SERVICES;BR;64,0;Direto
CLI054732;LARGE ENTERPRISE;MANUFACTURING AND NATURAL RESOURCES;BR;65,3;Direto
CLI054733;MID MARKET;WHOLESALE TRADE;BR;0,5;Direto
CLI054734;MID MARKET;COMMUNICATIONS, MEDIA AND SERVICES;BR;49,5;Direto
CLI054735;MID MARKET;MANUFACTURING AND NATURAL RESOURCES;BR;34,0;Direto
CLI054736;SMALL MARKET;POWER AND UTILITIES;BR;52,5;Direto
CLI054737;MID MARKET;COMMUNICATIONS, MEDIA AND SERVICES;BR;50,8;Direto
CLI054738;MID MARKET;COMMUNICATIONS, MEDIA AND SERVICES;BR;45,7;Direto
CLI054739;LARGE ENTERPRISE;WHOLESALE TRADE;BR;62,2;Direto
CLI054740;MID MARKET;COMMUNICATIONS, MEDIA AND SERVICES;BR;49,7;Direto
CLI054741;SMALL MARKET;COMMUNICATIONS, MEDIA AND SERVICES;AR;21,1;Direto
CLI054742;MID MARKET;EDUCATION;BR;46,8;Direto
CLI054743;MID MARKET;COMMUNICATIONS, MEDIA AND SERVICES;BR;38,9;Direto
CLI054744;LARGE ENTERPRISE;MANUFACTURING AND NATURAL RESOURCES;BR;44,2;Direto
CLI054745;GLOBAL ACCOUNT;WHOLESALE TRADE;MX;61,1;Direto
CLI054746;SMALL MARKET;COMMUNICATIONS, MEDIA AND SERVICES;BR;29,6;Direto
CLI054747;MID MARKET;COMMUNICATIONS, MEDIA AND SERVICES;BR;47,0;Direto
CLI054748;PUBLIC SECTOR;EDUCATION;BR;46,4;Direto
CLI054749;MID MARKET;INSURANCE;BR;3,7;Direto
CLI054750;PUBLIC SECTOR;COMMUNICATIONS, MEDIA AND SERVICES;BR;57,1;Direto
CLI054751;PUBLIC SECTOR;GOVERNMENT;BR;28,6;Direto
CLI054752;SMALL MARKET;COMMUNICATIONS, MEDIA AND SERVICES;BR;59,4;Direto
CLI054753;MID MARKET;COMMUNICATIONS, MEDIA AND SERVICES;BR;30,2;Direto
CLI054754;GLOBAL ACCOUNT;WHOLESALE TRADE;AR;0,9;Direto
CLI054755;SMALL MARKET;RETAIL;BR;47,5;Direto
CLI054756;PUBLIC SECTOR;GOVERNMENT;BR;63,1;Direto
CLI054757;STRATEGIC ACCOUNT;POWER AND UTILITIES;BR;7,3;Direto
CLI054758;MID MARKET;EDUCATION;BR;52,5;Direto
CLI054759;MID MARKET;WHOLESALE TRADE;BR;45,4;Direto
CLI054760;LARGE ENTERPRISE;WHOLESALE TRADE;MX;65,5;Direto
CLI054761;MID MARKET;BANKING AND INVESTMENT SERVICES;BR;4,0;Direto
CLI054762;MID MARKET;WHOLESALE TRADE;BR;45,9;Direto
CLI054763;MID MARKET;MANUFACTURING AND NATURAL RESOURCES;BR;30,9;Direto
CLI054764;SMALL MARKET;EDUCATION;BR;52,7;Direto
CLI054765;SMALL MARKET;RETAIL;BR;42,2;Direto
CLI054766;MID MARKET;INSURANCE;BR;48,4;Direto
CLI054767;SMALL MARKET;COMMUNICATIONS, MEDIA AND SERVICES;BR;51,4;Direto
CLI054768;LARGE ENTERPRISE;COMMUNICATIONS, MEDIA AND SERVICES;CO;65,7;Direto
CLI054769;MID MARKET;COMMUNICATIONS, MEDIA AND SERVICES;BR;45,9;Direto
CLI054770;PUBLIC SECTOR;EDUCATION;BR;64,3;Direto
CLI054771;MID MARKET;MANUFACTURING AND NATURAL RESOURCES;BR;3,4;Direto
CLI054772;MID MARKET;RETAIL;BR;37,3;Direto
CLI054773;LARGE ENTERPRISE;COMMUNICATIONS, MEDIA AND SERVICES;BR;38,0;Direto
CLI054774;SMALL MARKET;COMMUNICATIONS, MEDIA AND SERVICES;BR;49,2;Direto
CLI054775;MID MARKET;MANUFACTURING AND NATURAL RESOURCES;BR;26,4;Direto
CLI054776;MID MARKET;COMMUNICATIONS, MEDIA AND SERVICES;BR;21,3;Direto
CLI054777;SMALL MARKET;WHOLESALE TRADE;BR;41,7;Direto
CLI054778;MID MARKET;MANUFACTURING AND NATURAL RESOURCES;BR;26,5;Direto
CLI054779;SMALL MARKET;WHOLESALE TRADE;BR;65,2;Direto
CLI054780;MID MARKET;COMMUNICATIONS, MEDIA AND SERVICES;BR;51,1;Direto
CLI054781;MID MARKET;INSURANCE;BR;19,2;Direto
CLI054782;LARGE ENTERPRISE;COMMUNICATIONS, MEDIA AND SERVICES;MX;3,2;Direto
CLI054783;PUBLIC SECTOR;GOVERNMENT;BR;38,9;Direto
CLI054784;SMALL MARKET;INSURANCE;BR;38,1;Direto
CLI054785;GLOBAL ACCOUNT;COMMUNICATIONS, MEDIA AND SERVICES;PE;64,3;Direto
CLI054786;GLOBAL ACCOUNT;POWER AND UTILITIES;CO;59,3;Direto
CLI054787;GLOBAL ACCOUNT;COMMUNICATIONS, MEDIA AND SERVICES;CO;64,5;Direto
CLI054788;SMALL MARKET;COMMUNICATIONS, MEDIA AND SERVICES;BR;48,1;Direto
CLI054789;MID MARKET;COMMUNICATIONS, MEDIA AND SERVICES;BR;30,7;Direto
CLI054790;MID MARKET;COMMUNICATIONS, MEDIA AND SERVICES;BR;48,1;Direto
CLI054791;GLOBAL ACCOUNT;INSURANCE;AR;26,0;Direto
CLI054792;GLOBAL ACCOUNT;HEALTHCARE AND LIFE SCIENCES;AR;54,6;Direto
CLI054793;MID MARKET;MANUFACTURING AND NATURAL RESOURCES;BR;24,0;Direto
CLI054794;SMALL MARKET;EDUCATION;PE;64,1;Direto
CLI054795;SMALL MARKET;BANKING AND INVESTMENT SERVICES;BR;41,7;Direto
CLI054796;PUBLIC SECTOR;COMMUNICATIONS, MEDIA AND SERVICES;BR;63,4;Direto
CLI054797;LARGE ENTERPRISE;COMMUNICATIONS, MEDIA AND SERVICES;BR;55,9;Direto
CLI054798;SMALL MARKET;COMMUNICATIONS, MEDIA AND SERVICES;MX;29,6;Direto
CLI054799;MID MARKET;RETAIL;BR;55,5;Direto
CLI054800;SMALL MARKET;TRANSPORTATION;BR;19,1;Direto
CLI054801;PUBLIC SECTOR;GOVERNMENT;BR;13,4;Direto
CLI054802;MID MARKET;WHOLESALE TRADE;BR;3,2;Direto
CLI054803;SMALL MARKET;WHOLESALE TRADE;BR;54,7;Direto
CLI054804;SMALL MARKET;WHOLESALE TRADE;BR;50,9;Direto
CLI054805;SMALL MARKET;MANUFACTURING AND NATURAL RESOURCES;BR;48,2;Direto
CLI054806;PUBLIC SECTOR;EDUCATION;BR;41,5;Direto
CLI054807;MID MARKET;COMMUNICATIONS, MEDIA AND SERVICES;BR;42,1;Direto
CLI054808;GLOBAL ACCOUNT;BANKING AND INVESTMENT SERVICES;BR;64,6;Direto
CLI054809;SMALL MARKET;COMMUNICATIONS, MEDIA AND SERVICES;BR;39,0;Direto
CLI054810;LARGE ENTERPRISE;MANUFACTURING AND NATURAL RESOURCES;BR;14,4;Direto
CLI054811;SMALL MARKET;HEALTHCARE AND LIFE SCIENCES;BR;37,2;Direto
CLI054812;MID MARKET;BANKING AND INVESTMENT SERVICES;BR;60,6;Direto
CLI054813;GLOBAL ACCOUNT;WHOLESALE TRADE;MX;62,6;Direto
CLI054814;PUBLIC SECTOR;GOVERNMENT;BR;56,2;Direto
CLI054815;MID MARKET;COMMUNICATIONS, MEDIA AND SERVICES;BR;50,8;Direto
CLI054816;GLOBAL ACCOUNT;WHOLESALE TRADE;MX;46,7;Direto
CLI054817;MID MARKET;COMMUNICATIONS, MEDIA AND SERVICES;BR;2,3;Direto
CLI054818;PUBLIC SECTOR;GOVERNMENT;BR;5,1;Direto
CLI054819;SMALL MARKET;MANUFACTURING AND NATURAL RESOURCES;BR;33,0;Direto
CLI054820;MID MARKET;COMMUNICATIONS, MEDIA AND SERVICES;BR;47,7;Direto
CLI054821;MID MARKET;MANUFACTURING AND NATURAL RESOURCES;BR;50,5;Direto
CLI054822;MID MARKET;COMMUNICATIONS, MEDIA AND SERVICES;BR;64,9;Direto
CLI054823;LARGE ENTERPRISE;HEALTHCARE AND LIFE SCIENCES;BR;38,7;Direto
CLI054824;SMALL MARKET;RETAIL;BR;50,7;Direto
